-- phpMyAdmin SQL Dump
-- version 5.2.1
-- https://www.phpmyadmin.net/
--
-- Máy chủ: 127.0.0.1
-- Thời gian đã tạo: Th10 07, 2024 lúc 04:53 AM
-- Phiên bản máy phục vụ: 10.4.32-MariaDB
-- Phiên bản PHP: 8.2.12

SET SQL_MODE = "NO_AUTO_VALUE_ON_ZERO";
START TRANSACTION;
SET time_zone = "+00:00";


/*!40101 SET @OLD_CHARACTER_SET_CLIENT=@@CHARACTER_SET_CLIENT */;
/*!40101 SET @OLD_CHARACTER_SET_RESULTS=@@CHARACTER_SET_RESULTS */;
/*!40101 SET @OLD_COLLATION_CONNECTION=@@COLLATION_CONNECTION */;
/*!40101 SET NAMES utf8mb4 */;

--
-- Cơ sở dữ liệu: `rubber_management`
--

-- --------------------------------------------------------

--
-- Cấu trúc bảng cho bảng `bales`
--

CREATE TABLE `bales` (
  `id` bigint(20) UNSIGNED NOT NULL,
  `press_temperature` int(11) DEFAULT NULL,
  `weight` int(11) DEFAULT NULL,
  `number_of_bales` int(11) NOT NULL,
  `cut_check` int(11) DEFAULT NULL,
  `evaluation` varchar(255) DEFAULT NULL,
  `expected_grade` varchar(255) DEFAULT NULL,
  `sample_cut_number` int(11) DEFAULT NULL,
  `packaging_type` varchar(255) DEFAULT NULL,
  `storage_location` varchar(255) DEFAULT NULL,
  `date` date NOT NULL,
  `time` time NOT NULL,
  `created_at` timestamp NULL DEFAULT NULL,
  `updated_at` timestamp NULL DEFAULT NULL,
  `warehouses_id` bigint(20) UNSIGNED DEFAULT NULL,
  `drum_id` bigint(20) UNSIGNED DEFAULT NULL
) ENGINE=InnoDB DEFAULT CHARSET=utf8mb4 COLLATE=utf8mb4_unicode_ci;

--
-- Đang đổ dữ liệu cho bảng `bales`
--

INSERT INTO `bales` (`id`, `press_temperature`, `weight`, `number_of_bales`, `cut_check`, `evaluation`, `expected_grade`, `sample_cut_number`, `packaging_type`, `storage_location`, `date`, `time`, `created_at`, `updated_at`, `warehouses_id`, `drum_id`) VALUES
(3212, 38, 35, 27, 7, 'Chín đều', NULL, NULL, NULL, NULL, '2024-10-07', '09:04:00', '2024-10-07 02:04:44', '2024-10-07 02:04:44', NULL, 8505),
(3213, 38, 35, 27, 7, 'Chín đều', NULL, NULL, NULL, NULL, '2024-10-07', '09:04:00', '2024-10-07 02:04:44', '2024-10-07 02:04:44', NULL, 8506),
(3214, 38, 35, 27, 7, 'Chín đều', NULL, NULL, NULL, NULL, '2024-10-07', '09:04:00', '2024-10-07 02:04:44', '2024-10-07 02:04:44', NULL, 8507),
(3215, 38, 35, 27, 7, 'Chín đều', NULL, NULL, NULL, NULL, '2024-10-07', '09:04:00', '2024-10-07 02:04:44', '2024-10-07 02:04:44', NULL, 8508),
(3216, 38, 35, 27, 7, 'Chín đều', NULL, NULL, NULL, NULL, '2024-10-07', '09:04:00', '2024-10-07 02:04:44', '2024-10-07 02:04:44', NULL, 8509),
(3217, 38, 35, 27, 7, 'Chín đều', NULL, NULL, NULL, NULL, '2024-10-07', '09:04:00', '2024-10-07 02:04:44', '2024-10-07 02:04:44', NULL, 8510),
(3218, 38, 35, 27, 7, 'Chín đều', NULL, NULL, NULL, NULL, '2024-10-07', '09:04:00', '2024-10-07 02:04:44', '2024-10-07 02:04:44', NULL, 8511),
(3219, 38, 35, 27, 7, 'Chín đều', NULL, NULL, NULL, NULL, '2024-10-07', '09:04:00', '2024-10-07 02:04:44', '2024-10-07 02:04:44', NULL, 8512),
(3220, 38, 35, 27, 7, 'Chín đều', NULL, NULL, NULL, NULL, '2024-10-07', '09:04:00', '2024-10-07 02:04:44', '2024-10-07 02:04:44', NULL, 8513),
(3221, 38, 35, 27, 7, 'Chín đều', NULL, NULL, NULL, NULL, '2024-10-07', '09:04:00', '2024-10-07 02:04:44', '2024-10-07 02:04:44', NULL, 8514),
(3222, 38, 35, 27, 7, 'Chín đều', NULL, NULL, NULL, NULL, '2024-10-07', '09:04:00', '2024-10-07 02:04:44', '2024-10-07 02:04:44', NULL, 8515),
(3223, 38, 35, 27, 7, 'Chín đều', NULL, NULL, NULL, NULL, '2024-10-07', '09:04:00', '2024-10-07 02:04:44', '2024-10-07 02:04:44', NULL, 8516),
(3224, 38, 35, 27, 7, 'Chín đều', NULL, NULL, NULL, NULL, '2024-10-07', '09:04:00', '2024-10-07 02:04:44', '2024-10-07 02:04:44', NULL, 8517),
(3225, 38, 35, 27, 7, 'Chín đều', NULL, NULL, NULL, NULL, '2024-10-07', '09:04:00', '2024-10-07 02:04:44', '2024-10-07 02:04:44', NULL, 8518),
(3226, 38, 35, 27, 7, 'Chín đều', NULL, NULL, NULL, NULL, '2024-10-07', '09:04:00', '2024-10-07 02:04:44', '2024-10-07 02:04:44', NULL, 8519),
(3227, 38, 35, 27, 7, 'Chín đều', NULL, NULL, NULL, NULL, '2024-10-07', '09:04:00', '2024-10-07 02:04:44', '2024-10-07 02:04:44', NULL, 8520),
(3228, 38, 35, 27, 7, 'Chín đều', NULL, NULL, NULL, NULL, '2024-10-07', '09:04:00', '2024-10-07 02:04:44', '2024-10-07 02:04:44', NULL, 8521),
(3229, 38, 35, 27, 7, 'Chín đều', NULL, NULL, NULL, NULL, '2024-10-07', '09:04:00', '2024-10-07 02:04:44', '2024-10-07 02:04:44', NULL, 8522),
(3230, 38, 35, 27, 7, 'Chín đều', NULL, NULL, NULL, NULL, '2024-10-07', '09:04:00', '2024-10-07 02:04:44', '2024-10-07 02:04:44', NULL, 8523),
(3231, 38, 35, 27, 7, 'Chín đều', NULL, NULL, NULL, NULL, '2024-10-07', '09:04:00', '2024-10-07 02:04:44', '2024-10-07 02:04:44', NULL, 8524),
(3232, 38, 35, 27, 7, 'Chín đều', NULL, NULL, NULL, NULL, '2024-10-07', '09:06:00', '2024-10-07 02:06:40', '2024-10-07 02:06:40', NULL, 8495),
(3233, 38, 35, 27, 7, 'Chín đều', NULL, NULL, NULL, NULL, '2024-10-07', '09:06:00', '2024-10-07 02:06:40', '2024-10-07 02:06:40', NULL, 8496),
(3234, 38, 35, 27, 7, 'Chín đều', NULL, NULL, NULL, NULL, '2024-10-07', '09:06:00', '2024-10-07 02:06:40', '2024-10-07 02:06:40', NULL, 8497),
(3235, 38, 35, 27, 7, 'Chín đều', NULL, NULL, NULL, NULL, '2024-10-07', '09:06:00', '2024-10-07 02:06:40', '2024-10-07 02:06:40', NULL, 8498),
(3236, 38, 35, 27, 7, 'Chín đều', NULL, NULL, NULL, NULL, '2024-10-07', '09:06:00', '2024-10-07 02:06:40', '2024-10-07 02:06:40', NULL, 8499),
(3237, 38, 35, 27, 7, 'Chín đều', NULL, NULL, NULL, NULL, '2024-10-07', '09:06:00', '2024-10-07 02:06:40', '2024-10-07 02:06:40', NULL, 8500),
(3238, 38, 35, 27, 7, 'Chín đều', NULL, NULL, NULL, NULL, '2024-10-07', '09:06:00', '2024-10-07 02:06:40', '2024-10-07 02:06:40', NULL, 8501),
(3239, 38, 35, 27, 7, 'Chín đều', NULL, NULL, NULL, NULL, '2024-10-07', '09:06:00', '2024-10-07 02:06:40', '2024-10-07 02:06:40', NULL, 8502),
(3240, 38, 35, 27, 7, 'Chín đều', NULL, NULL, NULL, NULL, '2024-10-07', '09:06:00', '2024-10-07 02:06:40', '2024-10-07 02:06:40', NULL, 8503),
(3241, 38, 35, 27, 7, 'Chín đều', NULL, NULL, NULL, NULL, '2024-10-07', '09:06:00', '2024-10-07 02:06:40', '2024-10-07 02:06:40', NULL, 8504),
(3242, 38, 35, 27, 7, 'Chín đều', NULL, NULL, NULL, NULL, '2024-10-07', '09:12:00', '2024-10-07 02:12:41', '2024-10-07 02:12:41', NULL, 8525),
(3243, 38, 35, 27, 7, 'Chín đều', NULL, NULL, NULL, NULL, '2024-10-07', '09:12:00', '2024-10-07 02:12:41', '2024-10-07 02:12:41', NULL, 8526),
(3244, 38, 35, 27, 7, 'Chín đều', NULL, NULL, NULL, NULL, '2024-10-07', '09:12:00', '2024-10-07 02:12:41', '2024-10-07 02:12:41', NULL, 8527),
(3245, 38, 35, 27, 7, 'Chín đều', NULL, NULL, NULL, NULL, '2024-10-07', '09:12:00', '2024-10-07 02:12:41', '2024-10-07 02:12:41', NULL, 8528),
(3246, 38, 35, 27, 7, 'Chín đều', NULL, NULL, NULL, NULL, '2024-10-07', '09:12:00', '2024-10-07 02:12:41', '2024-10-07 02:12:41', NULL, 8529),
(3247, 38, 35, 27, 7, 'Chín đều', NULL, NULL, NULL, NULL, '2024-10-07', '09:12:00', '2024-10-07 02:12:41', '2024-10-07 02:12:41', NULL, 8530),
(3248, 38, 35, 27, 7, 'Chín đều', NULL, NULL, NULL, NULL, '2024-10-07', '09:12:00', '2024-10-07 02:12:41', '2024-10-07 02:12:41', NULL, 8531),
(3249, 38, 35, 27, 7, 'Chín đều', NULL, NULL, NULL, NULL, '2024-10-07', '09:12:00', '2024-10-07 02:12:41', '2024-10-07 02:12:41', NULL, 8532),
(3250, 38, 35, 27, 7, 'Chín đều', NULL, NULL, NULL, NULL, '2024-10-07', '09:12:00', '2024-10-07 02:12:41', '2024-10-07 02:12:41', NULL, 8533),
(3251, 38, 35, 27, 7, 'Chín đều', NULL, NULL, NULL, NULL, '2024-10-07', '09:12:00', '2024-10-07 02:12:41', '2024-10-07 02:12:41', NULL, 8534),
(3252, 38, 35, 27, 7, 'Chín đều', NULL, NULL, NULL, NULL, '2024-10-07', '09:16:00', '2024-10-07 02:16:51', '2024-10-07 02:16:51', NULL, 8535),
(3253, 38, 35, 27, 7, 'Chín đều', NULL, NULL, NULL, NULL, '2024-10-07', '09:16:00', '2024-10-07 02:16:51', '2024-10-07 02:16:51', NULL, 8536),
(3254, 38, 35, 27, 7, 'Chín đều', NULL, NULL, NULL, NULL, '2024-10-07', '09:16:00', '2024-10-07 02:16:52', '2024-10-07 02:16:52', NULL, 8537),
(3255, 38, 35, 27, 7, 'Chín đều', NULL, NULL, NULL, NULL, '2024-10-07', '09:16:00', '2024-10-07 02:16:52', '2024-10-07 02:16:52', NULL, 8538),
(3256, 38, 35, 27, 7, 'Chín đều', NULL, NULL, NULL, NULL, '2024-10-07', '09:16:00', '2024-10-07 02:16:52', '2024-10-07 02:16:52', NULL, 8539),
(3257, 38, 35, 27, 7, 'Chín đều', NULL, NULL, NULL, NULL, '2024-10-07', '09:16:00', '2024-10-07 02:16:52', '2024-10-07 02:16:52', NULL, 8540),
(3258, 38, 35, 27, 7, 'Chín đều', NULL, NULL, NULL, NULL, '2024-10-07', '09:16:00', '2024-10-07 02:16:52', '2024-10-07 02:16:52', NULL, 8541),
(3259, 38, 35, 27, 7, 'Chín đều', NULL, NULL, NULL, NULL, '2024-10-07', '09:16:00', '2024-10-07 02:16:52', '2024-10-07 02:16:52', NULL, 8542),
(3260, 38, 35, 27, 7, 'Chín đều', NULL, NULL, NULL, NULL, '2024-10-07', '09:16:00', '2024-10-07 02:16:52', '2024-10-07 02:16:52', NULL, 8543),
(3261, 38, 35, 27, 7, 'Chín đều', NULL, NULL, NULL, NULL, '2024-10-07', '09:16:00', '2024-10-07 02:16:52', '2024-10-07 02:16:52', NULL, 8544);

-- --------------------------------------------------------

--
-- Cấu trúc bảng cho bảng `batches`
--

CREATE TABLE `batches` (
  `id` bigint(20) UNSIGNED NOT NULL,
  `bale_status` int(11) DEFAULT NULL,
  `bale_count` int(11) DEFAULT NULL,
  `expected_grade` varchar(255) DEFAULT NULL,
  `batch_number` int(11) DEFAULT NULL,
  `link` int(11) DEFAULT NULL,
  `batch_code` text NOT NULL,
  `exported` int(11) NOT NULL DEFAULT 0,
  `checked` int(11) NOT NULL DEFAULT 0,
  `export_location` text DEFAULT NULL,
  `date_export` date DEFAULT NULL,
  `sample_cut_number` int(11) DEFAULT NULL,
  `packaging_type` varchar(255) DEFAULT NULL,
  `date` date NOT NULL,
  `time` time NOT NULL,
  `storage_location` varchar(255) DEFAULT NULL,
  `created_at` timestamp NULL DEFAULT NULL,
  `updated_at` timestamp NULL DEFAULT NULL,
  `warehouse_id` bigint(20) UNSIGNED DEFAULT NULL,
  `company_id` int(11) DEFAULT NULL,
  `shipment_id` int(11) DEFAULT NULL,
  `warehouse_bhck_id` bigint(20) UNSIGNED DEFAULT NULL
) ENGINE=InnoDB DEFAULT CHARSET=utf8mb4 COLLATE=utf8mb4_unicode_ci;

--
-- Đang đổ dữ liệu cho bảng `batches`
--

INSERT INTO `batches` (`id`, `bale_status`, `bale_count`, `expected_grade`, `batch_number`, `link`, `batch_code`, `exported`, `checked`, `export_location`, `date_export`, `sample_cut_number`, `packaging_type`, `date`, `time`, `storage_location`, `created_at`, `updated_at`, `warehouse_id`, `company_id`, `shipment_id`, `warehouse_bhck_id`) VALUES
(1, 1, 72, 'CSR10', 0, NULL, '241308257', 0, 0, NULL, NULL, NULL, NULL, '2024-09-30', '21:00:00', NULL, NULL, '2024-10-01 16:05:18', 1561, 2, NULL, NULL),
(2, 1, 72, 'CSR10', 0, NULL, '241308259', 0, 0, NULL, NULL, NULL, NULL, '2024-09-30', '22:00:00', NULL, NULL, '2024-10-01 16:05:26', 1562, 2, NULL, NULL),
(3, 1, 72, 'CSR10', 0, NULL, '241308261', 0, 0, NULL, NULL, NULL, NULL, '2024-09-30', '23:00:00', NULL, NULL, '2024-10-01 16:05:33', 1563, 2, NULL, NULL),
(4, 1, 72, 'CSR10', 0, NULL, '241308263', 0, 0, NULL, NULL, NULL, NULL, '2024-09-30', '00:00:00', NULL, NULL, '2024-10-01 16:05:41', 1564, 2, NULL, NULL),
(5, 1, 72, 'CSR10', 0, NULL, '241308265', 0, 0, NULL, NULL, NULL, NULL, '2024-09-30', '01:00:00', NULL, NULL, '2024-10-01 16:05:49', 1565, 2, NULL, NULL),
(6, 1, 72, 'CSR10', 0, NULL, '241308267', 0, 0, NULL, NULL, NULL, NULL, '2024-09-30', '02:00:00', NULL, NULL, '2024-10-01 16:05:58', 1566, 2, NULL, NULL),
(7, 1, 144, 'CSR10', 0, NULL, '241609128', 0, 0, NULL, NULL, NULL, NULL, '2024-09-30', '21:00:00', NULL, NULL, '2024-10-01 16:06:11', 1567, 2, NULL, NULL),
(8, 1, 144, 'CSR10', 0, NULL, '241609122', 0, 0, NULL, NULL, NULL, NULL, '2024-09-30', '22:00:00', NULL, NULL, '2024-10-01 16:06:36', 1568, 2, NULL, NULL),
(9, 1, 144, 'CSR10', 0, NULL, '241609116', 0, 0, NULL, NULL, NULL, NULL, '2024-09-30', '23:00:00', NULL, NULL, '2024-10-01 16:06:45', 1569, 2, NULL, NULL),
(10, 1, 144, 'CSR10', 0, NULL, '241609110', 0, 0, NULL, NULL, NULL, NULL, '2024-09-30', '00:00:00', NULL, NULL, '2024-10-01 16:07:07', 1570, 2, NULL, NULL),
(11, 1, 144, 'CSR10', 0, NULL, '24160963', 0, 0, NULL, NULL, NULL, NULL, '2024-09-30', '01:00:00', NULL, NULL, '2024-10-01 16:07:16', 1571, 2, NULL, NULL),
(12, 1, 144, 'CSR10', 0, NULL, '24160957', 0, 0, NULL, NULL, NULL, NULL, '2024-09-30', '02:00:00', NULL, NULL, '2024-10-01 16:07:28', 1572, 2, NULL, NULL),
(13, 1, 144, 'CSR10', 0, NULL, '241609129', 0, 0, NULL, NULL, NULL, NULL, '2024-09-30', '03:00:00', NULL, NULL, '2024-10-01 16:07:49', 1573, 2, NULL, NULL),
(14, 1, 144, 'CSR10', 0, NULL, '241609123', 0, 0, NULL, NULL, NULL, NULL, '2024-09-30', '04:00:00', NULL, NULL, '2024-10-01 16:08:00', 1574, 2, NULL, NULL),
(15, 1, 144, 'CSR10', 0, NULL, '241609117', 0, 0, NULL, NULL, NULL, NULL, '2024-09-30', '05:00:00', NULL, NULL, '2024-10-01 16:08:21', 1575, 2, NULL, NULL),
(16, 1, 144, 'CSR10', 0, NULL, '241609111', 0, 0, NULL, NULL, NULL, NULL, '2024-09-30', '06:00:00', NULL, NULL, '2024-10-01 16:08:32', 1576, 2, NULL, NULL),
(17, 1, 144, 'CSR10', 0, NULL, '24160969', 0, 0, NULL, NULL, NULL, NULL, '2024-09-30', '07:00:00', NULL, NULL, '2024-10-01 16:08:42', 1577, 2, NULL, NULL),
(18, 1, 144, 'CSR10', 0, NULL, '24160964', 0, 0, NULL, NULL, NULL, NULL, '2024-09-30', '08:00:00', NULL, NULL, '2024-10-01 16:09:43', 1578, 2, NULL, NULL),
(19, 1, 144, 'CSR10', 0, NULL, '24160958', 0, 0, NULL, NULL, NULL, NULL, '2024-09-30', '09:00:00', NULL, NULL, '2024-10-01 16:09:58', 1579, 2, NULL, NULL),
(20, 1, 144, 'CSR10', 0, NULL, '241609130', 0, 0, NULL, NULL, NULL, NULL, '2024-09-30', '10:00:00', NULL, NULL, '2024-10-01 16:10:23', 1580, 2, NULL, NULL),
(21, 1, 144, 'CSR10', 0, NULL, '241609124', 0, 0, NULL, NULL, NULL, NULL, '2024-09-30', '11:00:00', NULL, NULL, '2024-10-01 16:10:41', 1581, 2, NULL, NULL),
(22, 1, 144, 'CSR10', 0, NULL, '241609118', 0, 0, NULL, NULL, NULL, NULL, '2024-09-30', '12:00:00', NULL, NULL, '2024-10-01 16:11:34', 1582, 2, NULL, NULL),
(23, 1, 144, 'CSR10', 0, NULL, '241609112', 0, 0, NULL, NULL, NULL, NULL, '2024-09-30', '13:00:00', NULL, NULL, '2024-10-01 16:11:46', 1583, 2, NULL, NULL),
(24, 1, 144, 'CSR10', 0, NULL, '24160970', 0, 0, NULL, NULL, NULL, NULL, '2024-09-30', '14:00:00', NULL, NULL, '2024-10-01 16:12:01', 1584, 2, NULL, NULL),
(25, 1, 144, 'CSR10', 0, NULL, '24160965', 0, 0, NULL, NULL, NULL, NULL, '2024-09-30', '15:00:00', NULL, NULL, '2024-10-01 16:12:13', 1585, 2, NULL, NULL),
(26, 1, 144, 'CSR10', 0, NULL, '24160959', 0, 0, NULL, NULL, NULL, NULL, '2024-09-30', '16:00:00', NULL, NULL, '2024-10-01 16:12:23', 1586, 2, NULL, NULL),
(27, 1, 144, 'CSR10', 0, NULL, '241609131', 0, 0, NULL, NULL, NULL, NULL, '2024-09-30', '17:00:00', NULL, NULL, '2024-10-01 16:12:38', 1587, 2, NULL, NULL),
(28, 1, 144, 'CSR10', 0, NULL, '241609125', 0, 0, NULL, NULL, NULL, NULL, '2024-09-30', '18:00:00', NULL, NULL, '2024-10-01 16:13:01', 1588, 2, NULL, NULL),
(29, 1, 144, 'CSR10', 0, NULL, '241609119', 0, 0, NULL, NULL, NULL, NULL, '2024-09-30', '19:00:00', NULL, NULL, '2024-10-01 20:21:09', 1589, 2, NULL, NULL),
(30, 1, 144, 'CSR10', 0, NULL, '241609113', 0, 0, NULL, NULL, NULL, NULL, '2024-09-30', '20:00:00', NULL, NULL, '2024-10-01 20:21:25', 1590, 2, NULL, NULL),
(31, 1, 144, 'CSR10', 0, NULL, '24160971', 0, 0, NULL, NULL, NULL, NULL, '2024-09-30', '21:00:00', NULL, NULL, '2024-10-01 20:21:41', 1591, 2, NULL, NULL),
(32, 1, 144, 'CSR10', 0, NULL, '24160966', 0, 0, NULL, NULL, NULL, NULL, '2024-09-30', '22:00:00', NULL, NULL, '2024-10-01 20:21:54', 1592, 2, NULL, NULL),
(33, 1, 144, 'CSR10', 0, NULL, '24160960', 0, 0, NULL, NULL, NULL, NULL, '2024-09-30', '23:00:00', NULL, NULL, '2024-10-01 20:22:05', 1593, 2, NULL, NULL),
(34, 1, 144, 'CSR10', 0, NULL, '241609132', 0, 0, NULL, NULL, NULL, NULL, '2024-09-30', '00:00:00', NULL, NULL, '2024-10-01 20:22:18', 1594, 2, NULL, NULL),
(35, 1, 144, 'CSR10', 0, NULL, '241609126', 0, 0, NULL, NULL, NULL, NULL, '2024-09-30', '01:00:00', NULL, NULL, '2024-10-01 20:22:32', 1595, 2, NULL, NULL),
(36, 1, 144, 'CSR10', 0, NULL, '241609120', 0, 0, NULL, NULL, NULL, NULL, '2024-09-30', '02:00:00', NULL, NULL, '2024-10-01 20:22:48', 1596, 2, NULL, NULL),
(37, 1, 144, 'CSR10', 0, NULL, '241609114', 0, 0, NULL, NULL, NULL, NULL, '2024-09-30', '03:00:00', NULL, NULL, '2024-10-01 20:23:04', 1597, 2, NULL, NULL),
(38, 1, 144, 'CSR10', 0, NULL, '24160972', 0, 0, NULL, NULL, NULL, NULL, '2024-09-30', '04:00:00', NULL, NULL, '2024-10-01 20:23:19', 1598, 2, NULL, NULL),
(39, 1, 144, 'CSR10', 0, NULL, '24160961', 0, 0, NULL, NULL, NULL, NULL, '2024-09-30', '05:00:00', NULL, NULL, '2024-10-01 20:23:31', 1599, 2, NULL, NULL),
(40, 1, 144, 'CSR10', 0, NULL, '241609133', 0, 0, NULL, NULL, NULL, NULL, '2024-09-30', '06:00:00', NULL, NULL, '2024-10-01 20:23:45', 1600, 2, NULL, NULL),
(41, 1, 144, 'CSR10', 0, NULL, '241609127', 0, 0, NULL, NULL, NULL, NULL, '2024-09-30', '07:00:00', NULL, NULL, '2024-10-01 20:24:23', 1601, 2, NULL, NULL),
(42, 1, 144, 'CSR10', 0, NULL, '241609121', 0, 0, NULL, NULL, NULL, NULL, '2024-09-30', '08:00:00', NULL, NULL, '2024-10-01 20:24:36', 1602, 2, NULL, NULL),
(43, 1, 144, 'CSR10', 0, NULL, '241609115', 0, 0, NULL, NULL, NULL, NULL, '2024-09-30', '09:00:00', NULL, NULL, '2024-10-01 20:24:48', 1603, 2, NULL, NULL),
(44, 1, 144, 'CSR10', 0, NULL, '24160973', 0, 0, NULL, NULL, NULL, NULL, '2024-09-30', '10:00:00', NULL, NULL, '2024-10-01 20:25:01', 1604, 2, NULL, NULL),
(45, 1, 144, 'CSR10', 0, NULL, '24160968', 0, 0, NULL, NULL, NULL, NULL, '2024-09-30', '11:00:00', NULL, NULL, '2024-10-01 20:25:12', 1605, 2, NULL, NULL),
(46, 1, 144, 'CSR10', 0, NULL, '24160962', 0, 0, NULL, NULL, NULL, NULL, '2024-09-30', '12:00:00', NULL, NULL, '2024-10-01 20:25:25', 1606, 2, NULL, NULL),
(47, 1, 144, 'CSR10', 0, NULL, '24130980', 0, 0, NULL, NULL, NULL, NULL, '2024-09-30', '21:00:00', NULL, NULL, '2024-10-01 20:36:44', 1453, 2, NULL, NULL),
(48, 1, 144, 'CSR10', 0, NULL, '241609175', 0, 0, NULL, NULL, NULL, NULL, '2024-09-30', '22:00:00', NULL, NULL, '2024-10-01 20:36:55', 1454, 2, NULL, NULL),
(49, 1, 144, 'CSR10', 0, NULL, '24130980', 0, 0, NULL, NULL, NULL, NULL, '2024-09-30', '23:00:00', NULL, NULL, '2024-10-01 20:37:10', 1455, 2, NULL, NULL),
(50, 1, 144, 'CSR10', 0, NULL, '24130976', 0, 0, NULL, NULL, NULL, NULL, '2024-09-30', '00:00:00', NULL, NULL, '2024-10-01 20:37:26', 1456, 2, NULL, NULL),
(51, 1, 144, 'CSR10', 0, NULL, '241607195', 0, 0, NULL, NULL, NULL, NULL, '2024-09-30', '01:00:00', NULL, NULL, '2024-10-01 20:39:43', 1467, 2, NULL, NULL),
(52, 1, 144, 'CSR10', 0, NULL, '24160980', 0, 0, NULL, NULL, NULL, NULL, '2024-09-30', '02:00:00', NULL, NULL, '2024-10-01 20:40:01', 1468, 2, NULL, NULL),
(53, 1, 144, 'CSR10', 0, NULL, '241609168', 0, 0, NULL, NULL, NULL, NULL, '2024-09-30', '03:00:00', NULL, NULL, '2024-10-01 20:42:02', 1477, 2, NULL, NULL),
(54, 1, 144, 'CSR10', 0, NULL, '24130981', 0, 0, NULL, NULL, NULL, NULL, '2024-09-30', '04:00:00', NULL, NULL, '2024-10-01 20:41:42', 1476, 2, NULL, NULL),
(55, 1, 144, 'CSR10', 0, NULL, '241609176', 0, 0, NULL, NULL, NULL, NULL, '2024-09-30', '05:00:00', NULL, NULL, '2024-10-01 20:41:21', 1475, 2, NULL, NULL),
(56, 1, 144, 'CSR10', 0, NULL, '24130981', 0, 0, NULL, NULL, NULL, NULL, '2024-09-30', '06:00:00', NULL, NULL, '2024-10-01 20:41:11', 1474, 2, NULL, NULL),
(57, 1, 144, 'CSR10', 0, NULL, '24130977', 0, 0, NULL, NULL, NULL, NULL, '2024-09-30', '07:00:00', NULL, NULL, '2024-10-01 20:40:59', 1473, 2, NULL, NULL),
(58, 1, 144, 'CSR10', 0, NULL, '241607197', 0, 0, NULL, NULL, NULL, NULL, '2024-09-30', '08:00:00', NULL, NULL, '2024-10-01 20:40:50', 1472, 2, NULL, NULL),
(59, 1, 144, 'CSR10', 0, NULL, '24160981', 0, 0, NULL, NULL, NULL, NULL, '2024-09-30', '09:00:00', NULL, NULL, '2024-10-01 20:40:40', 1471, 2, NULL, NULL),
(60, 1, 144, 'CSR10', 0, NULL, '241609169', 0, 0, NULL, NULL, NULL, NULL, '2024-09-30', '10:00:00', NULL, NULL, '2024-10-01 20:40:28', 1470, 2, NULL, NULL),
(61, 1, 144, 'CSR10', 0, NULL, '24130982', 0, 0, NULL, NULL, NULL, NULL, '2024-09-30', '11:00:00', NULL, NULL, '2024-10-01 20:40:12', 1469, 2, NULL, NULL),
(62, 1, 144, 'CSR10', 0, NULL, '241609177', 0, 0, NULL, NULL, NULL, NULL, '2024-09-30', '12:00:00', NULL, NULL, '2024-10-01 20:39:33', 1466, 2, NULL, NULL),
(63, 1, 144, 'CSR10', 0, NULL, '24130982', 0, 0, NULL, NULL, NULL, NULL, '2024-09-30', '13:00:00', NULL, NULL, '2024-10-01 20:39:20', 1465, 2, NULL, NULL),
(64, 1, 144, 'CSR10', 0, NULL, '24130978', 0, 0, NULL, NULL, NULL, NULL, '2024-09-30', '14:00:00', NULL, NULL, '2024-10-01 20:39:05', 1464, 2, NULL, NULL),
(65, 1, 144, 'CSR10', 0, NULL, '241609174', 0, 0, NULL, NULL, NULL, NULL, '2024-09-30', '15:00:00', NULL, NULL, '2024-10-01 20:38:49', 1463, 2, NULL, NULL),
(66, 1, 144, 'CSR10', 0, NULL, '24160982', 0, 0, NULL, NULL, NULL, NULL, '2024-09-30', '16:00:00', NULL, NULL, '2024-10-01 20:38:34', 1462, 2, NULL, NULL),
(67, 1, 144, 'CSR10', 0, NULL, '241609170', 0, 0, NULL, NULL, NULL, NULL, '2024-09-30', '17:00:00', NULL, NULL, '2024-10-01 20:38:23', 1461, 2, NULL, NULL),
(68, 1, 144, 'CSR10', 0, NULL, '24130983', 0, 0, NULL, NULL, NULL, NULL, '2024-09-30', '18:00:00', NULL, NULL, '2024-10-01 20:38:12', 1460, 2, NULL, NULL),
(69, 1, 144, 'CSR10', 0, NULL, '241609178', 0, 0, NULL, NULL, NULL, NULL, '2024-09-30', '19:00:00', NULL, NULL, '2024-10-01 20:38:02', 1459, 2, NULL, NULL),
(70, 1, 144, 'CSR10', 0, NULL, '24130983', 0, 0, NULL, NULL, NULL, NULL, '2024-09-30', '20:00:00', NULL, NULL, '2024-10-01 20:37:49', 1458, 2, NULL, NULL),
(71, 1, 144, 'CSR10', 0, NULL, '24130974', 0, 0, NULL, NULL, NULL, NULL, '2024-09-30', '21:00:00', NULL, NULL, '2024-10-01 20:37:38', 1457, 2, NULL, NULL),
(72, 1, 144, 'CSR10', 0, NULL, '24160983', 0, 0, NULL, NULL, NULL, NULL, '2024-09-30', '22:00:00', NULL, NULL, '2024-10-01 20:36:34', 1452, 2, NULL, NULL),
(73, 1, 144, 'CSR10', 0, NULL, '241609171', 0, 0, NULL, NULL, NULL, NULL, '2024-09-30', '23:00:00', NULL, NULL, '2024-10-01 20:36:08', 1451, 2, NULL, NULL),
(74, 1, 144, 'CSR10', 0, NULL, '24130984', 0, 0, NULL, NULL, NULL, NULL, '2024-09-30', '00:00:00', NULL, NULL, '2024-10-01 20:35:57', 1450, 2, NULL, NULL),
(75, 1, 144, 'CSR10', 0, NULL, '241609179', 0, 0, NULL, NULL, NULL, NULL, '2024-09-30', '01:00:00', NULL, NULL, '2024-10-01 20:35:39', 1449, 2, NULL, NULL),
(76, 1, 144, 'CSR10', 0, NULL, '24130984', 0, 0, NULL, NULL, NULL, NULL, '2024-09-30', '02:00:00', NULL, NULL, '2024-10-01 20:35:06', 1448, 2, NULL, NULL),
(77, 1, 144, 'CSR10', 0, NULL, '24160984', 0, 0, NULL, NULL, NULL, NULL, '2024-09-30', '03:00:00', NULL, NULL, '2024-10-01 20:34:49', 1447, 2, NULL, NULL),
(78, 1, 144, 'CSR10', 0, NULL, '241609172', 0, 0, NULL, NULL, NULL, NULL, '2024-09-30', '04:00:00', NULL, NULL, '2024-10-01 20:34:33', 1446, 2, NULL, NULL),
(79, 1, 144, 'CSR10', 0, NULL, '24130985', 0, 0, NULL, NULL, NULL, NULL, '2024-09-30', '05:00:00', NULL, NULL, '2024-10-01 20:34:22', 1445, 2, NULL, NULL),
(80, 1, 144, 'CSR10', 0, NULL, '241609180', 0, 0, NULL, NULL, NULL, NULL, '2024-09-30', '06:00:00', NULL, NULL, '2024-10-01 20:34:08', 1444, 2, NULL, NULL),
(81, 1, 144, 'CSR10', 0, NULL, '24130985', 0, 0, NULL, NULL, NULL, NULL, '2024-09-30', '07:00:00', NULL, NULL, '2024-10-01 20:33:56', 1443, 2, NULL, NULL),
(82, 1, 144, 'CSR10', 0, NULL, '24160985', 0, 0, NULL, NULL, NULL, NULL, '2024-09-30', '08:00:00', NULL, NULL, '2024-10-01 20:33:44', 1442, 2, NULL, NULL),
(83, 1, 144, 'CSR10', 0, NULL, '241609173', 0, 0, NULL, NULL, NULL, NULL, '2024-09-30', '09:00:00', NULL, NULL, '2024-10-01 20:33:23', 1441, 2, NULL, NULL),
(84, 1, 72, 'CSR10', 0, NULL, '241608354', 0, 0, NULL, NULL, NULL, NULL, '2024-09-30', '21:00:00', NULL, NULL, '2024-10-01 21:00:35', 1638, 2, NULL, NULL),
(85, 1, 72, 'CSR10', 0, NULL, '241608342', 0, 0, NULL, NULL, NULL, NULL, '2024-09-30', '22:00:00', NULL, NULL, '2024-10-01 21:00:27', 1637, 2, NULL, NULL),
(86, 1, 72, 'CSR10', 0, NULL, '241608330', 0, 0, NULL, NULL, NULL, NULL, '2024-09-30', '23:00:00', NULL, NULL, '2024-10-01 21:00:09', 1636, 2, NULL, NULL),
(87, 1, 72, 'CSR10', 0, NULL, '241608318', 0, 0, NULL, NULL, NULL, NULL, '2024-09-30', '00:00:00', NULL, NULL, '2024-10-01 21:00:03', 1635, 2, NULL, NULL),
(88, 1, 72, 'CSR10', 0, NULL, '241608352', 0, 0, NULL, NULL, NULL, NULL, '2024-09-30', '01:00:00', NULL, NULL, '2024-10-01 20:59:55', 1634, 2, NULL, NULL),
(89, 1, 72, 'CSR10', 0, NULL, '241608340', 0, 0, NULL, NULL, NULL, NULL, '2024-09-30', '02:00:00', NULL, NULL, '2024-10-01 20:59:44', 1633, 2, NULL, NULL),
(90, 1, 72, 'CSR10', 0, NULL, '241608328', 0, 0, NULL, NULL, NULL, NULL, '2024-09-30', '03:00:00', NULL, NULL, '2024-10-01 20:59:37', 1632, 2, NULL, NULL),
(91, 1, 72, 'CSR10', 0, NULL, '241608316', 0, 0, NULL, NULL, NULL, NULL, '2024-09-30', '04:00:00', NULL, NULL, '2024-10-01 20:59:29', 1631, 2, NULL, NULL),
(92, 1, 72, 'CSR10', 0, NULL, '241608350', 0, 0, NULL, NULL, NULL, NULL, '2024-09-30', '05:00:00', NULL, NULL, '2024-10-01 20:59:23', 1630, 2, NULL, NULL),
(93, 1, 72, 'CSR10', 0, NULL, '241608338', 0, 0, NULL, NULL, NULL, NULL, '2024-09-30', '06:00:00', NULL, NULL, '2024-10-01 20:59:18', 1629, 2, NULL, NULL),
(94, 1, 72, 'CSR10', 0, NULL, '241608326', 0, 0, NULL, NULL, NULL, NULL, '2024-09-30', '07:00:00', NULL, NULL, '2024-10-01 20:59:14', 1628, 2, NULL, NULL),
(95, 1, 72, 'CSR10', 0, NULL, '241608314', 0, 0, NULL, NULL, NULL, NULL, '2024-09-30', '08:00:00', NULL, NULL, '2024-10-01 20:59:09', 1627, 2, NULL, NULL),
(96, 1, 72, 'CSR10', 0, NULL, '241608348', 0, 0, NULL, NULL, NULL, NULL, '2024-09-30', '09:00:00', NULL, NULL, '2024-10-01 20:59:03', 1626, 2, NULL, NULL),
(97, 1, 72, 'CSR10', 0, NULL, '241608336', 0, 0, NULL, NULL, NULL, NULL, '2024-09-30', '10:00:00', NULL, NULL, '2024-10-01 20:58:56', 1625, 2, NULL, NULL),
(98, 1, 72, 'CSR10', 0, NULL, '241608324', 0, 0, NULL, NULL, NULL, NULL, '2024-09-30', '11:00:00', NULL, NULL, '2024-10-01 20:58:48', 1624, 2, NULL, NULL),
(99, 1, 72, 'CSR10', 0, NULL, '241608312', 0, 0, NULL, NULL, NULL, NULL, '2024-09-30', '12:00:00', NULL, NULL, '2024-10-01 20:58:43', 1623, 2, NULL, NULL),
(100, 1, 72, 'CSR10', 0, NULL, '241608346', 0, 0, NULL, NULL, NULL, NULL, '2024-09-30', '13:00:00', NULL, NULL, '2024-10-01 20:58:37', 1622, 2, NULL, NULL),
(101, 1, 72, 'CSR10', 0, NULL, '241608334', 0, 0, NULL, NULL, NULL, NULL, '2024-09-30', '14:00:00', NULL, NULL, '2024-10-01 20:58:30', 1621, 2, NULL, NULL),
(102, 1, 72, 'CSR10', 0, NULL, '241608322', 0, 0, NULL, NULL, NULL, NULL, '2024-09-30', '15:00:00', NULL, NULL, '2024-10-01 20:58:23', 1620, 2, NULL, NULL),
(103, 1, 72, 'CSR10', 0, NULL, '241608310', 0, 0, NULL, NULL, NULL, NULL, '2024-09-30', '16:00:00', NULL, NULL, '2024-10-01 20:58:12', 1619, 2, NULL, NULL),
(104, 1, 72, 'CSR10', 0, NULL, '241608344', 0, 0, NULL, NULL, NULL, NULL, '2024-09-30', '17:00:00', NULL, NULL, '2024-10-01 20:58:05', 1618, 2, NULL, NULL),
(105, 1, 72, 'CSR10', 0, NULL, '241608332', 0, 0, NULL, NULL, NULL, NULL, '2024-09-30', '18:00:00', NULL, NULL, '2024-10-01 20:57:58', 1617, 2, NULL, NULL),
(106, 1, 72, 'CSR10', 0, NULL, '241608320', 0, 0, NULL, NULL, NULL, NULL, '2024-09-30', '19:00:00', NULL, NULL, '2024-10-01 20:57:51', 1616, 2, NULL, NULL),
(107, 1, 72, 'CSR10', 0, NULL, '241608308', 0, 0, NULL, NULL, NULL, NULL, '2024-09-30', '20:00:00', NULL, NULL, '2024-10-01 20:57:45', 1615, 2, NULL, NULL),
(108, 1, 72, 'CSR10', 0, NULL, '241608258', 0, 0, NULL, NULL, NULL, NULL, '2024-09-30', '21:00:00', NULL, NULL, '2024-10-01 20:57:34', 1614, 2, NULL, NULL),
(109, 1, 72, 'CSR10', 0, NULL, '241608256', 0, 0, NULL, NULL, NULL, NULL, '2024-09-30', '22:00:00', NULL, NULL, '2024-10-01 20:57:27', 1613, 2, NULL, NULL),
(110, 1, 72, 'CSR10', 0, NULL, '241608254', 0, 0, NULL, NULL, NULL, NULL, '2024-09-30', '23:00:00', NULL, NULL, '2024-10-01 20:56:16', 1612, 2, NULL, NULL),
(111, 1, 72, 'CSR10', 0, NULL, '241608252', 0, 0, NULL, NULL, NULL, NULL, '2024-09-30', '00:00:00', NULL, NULL, '2024-10-01 20:56:07', 1611, 2, NULL, NULL),
(112, 1, 72, 'CSR10', 0, NULL, '241608250', 0, 0, NULL, NULL, NULL, NULL, '2024-09-30', '01:00:00', NULL, NULL, '2024-10-01 20:56:00', 1610, 2, NULL, NULL),
(113, 1, 72, 'CSR10', 0, NULL, '241608248', 0, 0, NULL, NULL, NULL, NULL, '2024-09-30', '02:00:00', NULL, NULL, '2024-10-01 20:55:54', 1609, 2, NULL, NULL),
(114, 1, 144, 'CSR10', 0, NULL, '241609103', 0, 0, NULL, NULL, NULL, NULL, '2024-09-30', '21:00:00', NULL, NULL, '2024-10-01 21:10:07', 1656, 2, NULL, NULL),
(115, 1, 144, 'CSR10', 0, NULL, '241609109', 0, 0, NULL, NULL, NULL, NULL, '2024-09-30', '22:00:00', NULL, NULL, '2024-10-01 21:10:01', 1655, 2, NULL, NULL),
(116, 1, 144, 'CSR10', 0, NULL, '241609102', 0, 0, NULL, NULL, NULL, NULL, '2024-09-30', '23:00:00', NULL, NULL, '2024-10-01 21:09:55', 1654, 2, NULL, NULL),
(117, 1, 144, 'CSR10', 0, NULL, '241609108', 0, 0, NULL, NULL, NULL, NULL, '2024-09-30', '00:00:00', NULL, NULL, '2024-10-01 21:09:48', 1653, 2, NULL, NULL),
(118, 1, 144, 'CSR10', 0, NULL, '241609101', 0, 0, NULL, NULL, NULL, NULL, '2024-09-30', '01:00:00', NULL, NULL, '2024-10-01 21:09:42', 1652, 2, NULL, NULL),
(119, 1, 144, 'CSR10', 0, NULL, '241609107', 0, 0, NULL, NULL, NULL, NULL, '2024-09-30', '02:00:00', NULL, NULL, '2024-10-01 21:09:34', 1651, 2, NULL, NULL),
(120, 1, 144, 'CSR10', 0, NULL, '241609100', 0, 0, NULL, NULL, NULL, NULL, '2024-09-30', '03:00:00', NULL, NULL, '2024-10-01 21:09:19', 1650, 2, NULL, NULL),
(121, 1, 144, 'CSR10', 0, NULL, '241609106', 0, 0, NULL, NULL, NULL, NULL, '2024-09-30', '04:00:00', NULL, NULL, '2024-10-01 21:09:14', 1649, 2, NULL, NULL),
(122, 1, 144, 'CSR10', 0, NULL, '24160999', 0, 0, NULL, NULL, NULL, NULL, '2024-09-30', '05:00:00', NULL, NULL, '2024-10-01 21:09:08', 1648, 2, NULL, NULL),
(123, 1, 144, 'CSR10', 0, NULL, '241609105', 0, 0, NULL, NULL, NULL, NULL, '2024-09-30', '06:00:00', NULL, NULL, '2024-10-01 21:08:58', 1647, 2, NULL, NULL),
(124, 1, 144, 'CSR10', 0, NULL, '24160998', 0, 0, NULL, NULL, NULL, NULL, '2024-09-30', '07:00:00', NULL, NULL, '2024-10-01 21:08:52', 1646, 2, NULL, NULL),
(125, 1, 144, 'CSR10', 0, NULL, '241609104', 0, 0, NULL, NULL, NULL, NULL, '2024-09-30', '08:00:00', NULL, NULL, '2024-10-01 21:08:46', 1645, 2, NULL, NULL),
(126, 1, 144, 'CSR10', 0, NULL, '24160991', 0, 0, NULL, NULL, NULL, NULL, '2024-09-30', '09:00:00', NULL, NULL, '2024-10-01 21:08:37', 1644, 2, NULL, NULL),
(127, 1, 144, 'CSR10', 0, NULL, '24160990', 0, 0, NULL, NULL, NULL, NULL, '2024-09-30', '10:00:00', NULL, NULL, '2024-10-01 21:08:27', 1643, 2, NULL, NULL),
(128, 1, 144, 'CSR10', 0, NULL, '24160989', 0, 0, NULL, NULL, NULL, NULL, '2024-09-30', '11:00:00', NULL, NULL, '2024-10-01 21:08:20', 1642, 2, NULL, NULL),
(129, 1, 144, 'CSR10', 0, NULL, '24160988', 0, 0, NULL, NULL, NULL, NULL, '2024-09-30', '12:00:00', NULL, NULL, '2024-10-01 21:08:07', 1641, 2, NULL, NULL),
(130, 1, 144, 'CSR10', 0, NULL, '24160987', 0, 0, NULL, NULL, NULL, NULL, '2024-09-30', '13:00:00', NULL, NULL, '2024-10-01 21:07:57', 1640, 2, NULL, NULL),
(131, 1, 144, 'CSR10', 0, NULL, '24160986', 0, 0, NULL, NULL, NULL, NULL, '2024-09-30', '14:00:00', NULL, NULL, '2024-10-01 21:07:48', 1639, 2, NULL, NULL),
(132, 1, 144, 'CSR10', 0, NULL, '24160951', 0, 0, NULL, NULL, NULL, NULL, '2024-09-30', '21:00:00', NULL, NULL, '2024-10-01 21:23:55', 1529, 2, NULL, NULL),
(133, 1, 144, 'CSR10', 0, NULL, '24160945', 0, 0, NULL, NULL, NULL, NULL, '2024-09-30', '22:00:00', NULL, NULL, '2024-10-01 21:23:45', 1528, 2, NULL, NULL),
(134, 1, 144, 'CSR10', 0, NULL, '24160939', 0, 0, NULL, NULL, NULL, NULL, '2024-09-30', '23:00:00', NULL, NULL, '2024-10-01 21:23:20', 1527, 2, NULL, NULL),
(135, 1, 144, 'CSR10', 0, NULL, '24160952', 0, 0, NULL, NULL, NULL, NULL, '2024-09-30', '00:00:00', NULL, NULL, '2024-10-01 21:22:51', 1526, 2, NULL, NULL),
(136, 1, 144, 'CSR10', 0, NULL, '24160946', 0, 0, NULL, NULL, NULL, NULL, '2024-09-30', '01:00:00', NULL, NULL, '2024-10-01 21:22:43', 1525, 2, NULL, NULL),
(137, 1, 144, 'CSR10', 0, NULL, '24160940', 0, 0, NULL, NULL, NULL, NULL, '2024-09-30', '02:00:00', NULL, NULL, '2024-10-01 21:22:34', 1478, 2, NULL, NULL),
(138, 1, 144, 'CSR10', 0, NULL, '24160953', 0, 0, NULL, NULL, NULL, NULL, '2024-09-30', '03:00:00', NULL, NULL, '2024-10-01 21:22:25', 1524, 2, NULL, NULL),
(139, 1, 144, 'CSR10', 0, NULL, '24160947', 0, 0, NULL, NULL, NULL, NULL, '2024-09-30', '04:00:00', NULL, NULL, '2024-10-01 21:22:18', 1523, 2, NULL, NULL),
(140, 1, 144, 'CSR10', 0, NULL, '24160941', 0, 0, NULL, NULL, NULL, NULL, '2024-09-30', '05:00:00', NULL, NULL, '2024-10-01 21:22:09', 1522, 2, NULL, NULL),
(141, 1, 144, 'CSR10', 0, NULL, '24160954', 0, 0, NULL, NULL, NULL, NULL, '2024-09-30', '06:00:00', NULL, NULL, '2024-10-01 21:22:01', 1521, 2, NULL, NULL),
(142, 1, 144, 'CSR10', 0, NULL, '24160948', 0, 0, NULL, NULL, NULL, NULL, '2024-09-30', '07:00:00', NULL, NULL, '2024-10-01 21:21:53', 1520, 2, NULL, NULL),
(143, 1, 144, 'CSR10', 0, NULL, '24160942', 0, 0, NULL, NULL, NULL, NULL, '2024-09-30', '08:00:00', NULL, NULL, '2024-10-01 21:21:42', 1519, 2, NULL, NULL),
(144, 1, 144, 'CSR10', 0, NULL, '24160955', 0, 0, NULL, NULL, NULL, NULL, '2024-09-30', '09:00:00', NULL, NULL, '2024-10-01 21:21:36', 1518, 2, NULL, NULL),
(145, 1, 144, 'CSR10', 0, NULL, '24160949', 0, 0, NULL, NULL, NULL, NULL, '2024-09-30', '10:00:00', NULL, NULL, '2024-10-01 21:21:23', 1517, 2, NULL, NULL),
(146, 1, 144, 'CSR10', 0, NULL, '24160943', 0, 0, NULL, NULL, NULL, NULL, '2024-09-30', '11:00:00', NULL, NULL, '2024-10-01 21:21:14', 1516, 2, NULL, NULL),
(147, 1, 144, 'CSR10', 0, NULL, '24160956', 0, 0, NULL, NULL, NULL, NULL, '2024-09-30', '12:00:00', NULL, NULL, '2024-10-01 21:20:40', 1515, 2, NULL, NULL),
(148, 1, 144, 'CSR10', 0, NULL, '24160950', 0, 0, NULL, NULL, NULL, NULL, '2024-09-30', '13:00:00', NULL, NULL, '2024-10-01 21:20:32', 1514, 2, NULL, NULL),
(149, 1, 144, 'CSR10', 0, NULL, '24160944', 0, 0, NULL, NULL, NULL, NULL, '2024-09-30', '14:00:00', NULL, NULL, '2024-10-01 21:20:23', 1513, 2, NULL, NULL),
(150, 1, 144, 'CSR10', 0, NULL, '241608528', 0, 0, NULL, NULL, NULL, NULL, '2024-09-30', '15:00:00', NULL, NULL, '2024-10-01 21:20:15', 1512, 2, NULL, NULL),
(151, 1, 144, 'CSR10', 0, NULL, '241608522', 0, 0, NULL, NULL, NULL, NULL, '2024-09-30', '16:00:00', NULL, NULL, '2024-10-01 21:20:03', 1511, 2, NULL, NULL),
(152, 1, 144, 'CSR10', 0, NULL, '241608529', 0, 0, NULL, NULL, NULL, NULL, '2024-09-30', '17:00:00', NULL, NULL, '2024-10-01 21:19:54', 1510, 2, NULL, NULL),
(153, 1, 144, 'CSR10', 0, NULL, '241608523', 0, 0, NULL, NULL, NULL, NULL, '2024-09-30', '18:00:00', NULL, NULL, '2024-10-01 21:19:45', 1509, 2, NULL, NULL),
(154, 1, 144, 'CSR10', 0, NULL, '241608530', 0, 0, NULL, NULL, NULL, NULL, '2024-09-30', '19:00:00', NULL, NULL, '2024-10-01 21:19:36', 1508, 2, NULL, NULL),
(155, 1, 144, 'CSR10', 0, NULL, '241608524', 0, 0, NULL, NULL, NULL, NULL, '2024-09-30', '20:00:00', NULL, NULL, '2024-10-01 21:19:27', 1507, 2, NULL, NULL),
(156, 1, 144, 'CSR10', 0, NULL, '241608531', 0, 0, NULL, NULL, NULL, NULL, '2024-09-30', '21:00:00', NULL, NULL, '2024-10-01 21:19:18', 1506, 2, NULL, NULL),
(157, 1, 144, 'CSR10', 0, NULL, '241608525', 0, 0, NULL, NULL, NULL, NULL, '2024-09-30', '22:00:00', NULL, NULL, '2024-10-01 21:19:11', 1505, 2, NULL, NULL),
(158, 1, 144, 'CSR10', 0, NULL, '241608532', 0, 0, NULL, NULL, NULL, NULL, '2024-09-30', '23:00:00', NULL, NULL, '2024-10-01 21:19:02', 1504, 2, NULL, NULL),
(159, 1, 144, 'CSR10', 0, NULL, '241608526', 0, 0, NULL, NULL, NULL, NULL, '2024-09-30', '00:00:00', NULL, NULL, '2024-10-01 21:18:54', 1503, 2, NULL, NULL),
(160, 1, 144, 'CSR10', 0, NULL, '241608533', 0, 0, NULL, NULL, NULL, NULL, '2024-09-30', '01:00:00', NULL, NULL, '2024-10-01 21:18:44', 1502, 2, NULL, NULL),
(161, 1, 144, 'CSR10', 0, NULL, '241608527', 0, 0, NULL, NULL, NULL, NULL, '2024-09-30', '02:00:00', NULL, NULL, '2024-10-01 21:18:35', 1501, 2, NULL, NULL),
(162, 1, 144, 'CSR10', 0, NULL, '241609150', 0, 0, NULL, NULL, NULL, NULL, '2024-09-30', '03:00:00', NULL, NULL, '2024-10-01 21:18:27', 1500, 2, NULL, NULL),
(163, 1, 144, 'CSR10', 0, NULL, '241609156', 0, 0, NULL, NULL, NULL, NULL, '2024-09-30', '04:00:00', NULL, NULL, '2024-10-01 21:18:19', 1499, 2, NULL, NULL),
(164, 1, 144, 'CSR10', 0, NULL, '241609151', 0, 0, NULL, NULL, NULL, NULL, '2024-09-30', '05:00:00', NULL, NULL, '2024-10-01 21:18:12', 1498, 2, NULL, NULL),
(165, 1, 144, 'CSR10', 0, NULL, '241609157', 0, 0, NULL, NULL, NULL, NULL, '2024-09-30', '06:00:00', NULL, NULL, '2024-10-01 21:18:06', 1497, 2, NULL, NULL),
(166, 1, 144, 'CSR10', 0, NULL, '241609152', 0, 0, NULL, NULL, NULL, NULL, '2024-09-30', '07:00:00', NULL, NULL, '2024-10-01 21:17:59', 1496, 2, NULL, NULL),
(167, 1, 144, 'CSR10', 0, NULL, '241609158', 0, 0, NULL, NULL, NULL, NULL, '2024-09-30', '08:00:00', NULL, NULL, '2024-10-01 21:17:52', 1495, 2, NULL, NULL),
(168, 1, 144, 'CSR10', 0, NULL, '241609153', 0, 0, NULL, NULL, NULL, NULL, '2024-09-30', '09:00:00', NULL, NULL, '2024-10-01 21:17:44', 1494, 2, NULL, NULL),
(169, 1, 144, 'CSR10', 0, NULL, '241609159', 0, 0, NULL, NULL, NULL, NULL, '2024-09-30', '10:00:00', NULL, NULL, '2024-10-01 21:17:34', 1493, 2, NULL, NULL),
(170, 1, 144, 'CSR10', 0, NULL, '241609154', 0, 0, NULL, NULL, NULL, NULL, '2024-09-30', '11:00:00', NULL, NULL, '2024-10-01 21:17:29', 1492, 2, NULL, NULL),
(171, 1, 144, 'CSR10', 0, NULL, '241609160', 0, 0, NULL, NULL, NULL, NULL, '2024-09-30', '12:00:00', NULL, NULL, '2024-10-01 21:17:20', 1491, 2, NULL, NULL),
(172, 1, 144, 'CSR10', 0, NULL, '241609155', 0, 0, NULL, NULL, NULL, NULL, '2024-09-30', '13:00:00', NULL, NULL, '2024-10-01 21:17:06', 1490, 2, NULL, NULL),
(173, 1, 144, 'CSR10', 0, NULL, '241609161', 0, 0, NULL, NULL, NULL, NULL, '2024-09-30', '14:00:00', NULL, NULL, '2024-10-01 21:17:00', 1489, 2, NULL, NULL),
(174, 1, 72, 'CSR10', 0, NULL, '24160838', 0, 0, NULL, NULL, NULL, NULL, '2024-09-30', '21:00:00', NULL, NULL, '2024-10-01 21:43:12', 1559, 2, NULL, NULL),
(175, 1, 72, 'CSR10', 0, NULL, '241608540', 0, 0, NULL, NULL, NULL, NULL, '2024-09-30', '22:00:00', NULL, NULL, '2024-10-01 21:43:04', 1558, 2, NULL, NULL),
(176, 1, 72, 'CSR10', 0, NULL, '241608534', 0, 0, NULL, NULL, NULL, NULL, '2024-09-30', '23:00:00', NULL, NULL, '2024-10-01 21:42:57', 1557, 2, NULL, NULL),
(177, 1, 72, 'CSR10', 0, NULL, '241608428', 0, 0, NULL, NULL, NULL, NULL, '2024-09-30', '00:00:00', NULL, NULL, '2024-10-01 21:42:37', 1556, 2, NULL, NULL),
(178, 1, 72, 'CSR10', 0, NULL, '24160836', 0, 0, NULL, NULL, NULL, NULL, '2024-09-30', '01:00:00', NULL, NULL, '2024-10-01 21:42:20', 1555, 2, NULL, NULL),
(179, 1, 72, 'CSR10', 0, NULL, '241608541', 0, 0, NULL, NULL, NULL, NULL, '2024-09-30', '02:00:00', NULL, NULL, '2024-10-01 21:42:15', 1554, 2, NULL, NULL),
(180, 1, 72, 'CSR10', 0, NULL, '241608535', 0, 0, NULL, NULL, NULL, NULL, '2024-09-30', '03:00:00', NULL, NULL, '2024-10-01 21:42:08', 1553, 2, NULL, NULL),
(181, 1, 72, 'CSR10', 0, NULL, '241608430', 0, 0, NULL, NULL, NULL, NULL, '2024-09-30', '04:00:00', NULL, NULL, '2024-10-01 21:42:03', 1552, 2, NULL, NULL),
(182, 1, 72, 'CSR10', 0, NULL, '24160834', 0, 0, NULL, NULL, NULL, NULL, '2024-09-30', '05:00:00', NULL, NULL, '2024-10-01 21:41:50', 1551, 2, NULL, NULL),
(183, 1, 72, 'CSR10', 0, NULL, '241608542', 0, 0, NULL, NULL, NULL, NULL, '2024-09-30', '06:00:00', NULL, NULL, '2024-10-01 21:41:44', 1550, 2, NULL, NULL),
(184, 1, 72, 'CSR10', 0, NULL, '241608536', 0, 0, NULL, NULL, NULL, NULL, '2024-09-30', '07:00:00', NULL, NULL, '2024-10-01 21:41:35', 1549, 2, NULL, NULL),
(185, 1, 72, 'CSR10', 0, NULL, '241608432', 0, 0, NULL, NULL, NULL, NULL, '2024-09-30', '08:00:00', NULL, NULL, '2024-10-01 21:41:30', 1548, 2, NULL, NULL),
(186, 1, 72, 'CSR10', 0, NULL, '241607205', 0, 0, NULL, NULL, NULL, NULL, '2024-09-30', '09:00:00', NULL, NULL, '2024-10-01 21:41:24', 1547, 2, NULL, NULL),
(187, 1, 72, 'CSR10', 0, NULL, '241608543', 0, 0, NULL, NULL, NULL, NULL, '2024-09-30', '10:00:00', NULL, NULL, '2024-10-01 21:41:17', 1546, 2, NULL, NULL),
(188, 1, 72, 'CSR10', 0, NULL, '241608537', 0, 0, NULL, NULL, NULL, NULL, '2024-09-30', '11:00:00', NULL, NULL, '2024-10-01 21:40:53', 1545, 2, NULL, NULL),
(189, 1, 72, 'CSR10', 0, NULL, '241608434', 0, 0, NULL, NULL, NULL, NULL, '2024-09-30', '12:00:00', NULL, NULL, '2024-10-01 21:40:48', 1544, 2, NULL, NULL),
(190, 1, 72, 'CSR10', 0, NULL, '241607207', 0, 0, NULL, NULL, NULL, NULL, '2024-09-30', '13:00:00', NULL, NULL, '2024-10-01 21:40:41', 1543, 2, NULL, NULL),
(191, 1, 72, 'CSR10', 0, NULL, '241608544', 0, 0, NULL, NULL, NULL, NULL, '2024-09-30', '14:00:00', NULL, NULL, '2024-10-01 21:40:32', 1542, 2, NULL, NULL),
(192, 1, 72, 'CSR10', 0, NULL, '241608538', 0, 0, NULL, NULL, NULL, NULL, '2024-09-30', '15:00:00', NULL, NULL, '2024-10-01 21:40:27', 1541, 2, NULL, NULL),
(193, 1, 72, 'CSR10', 0, NULL, '241608436', 0, 0, NULL, NULL, NULL, NULL, '2024-09-30', '16:00:00', NULL, NULL, '2024-10-01 21:40:21', 1540, 2, NULL, NULL),
(194, 1, 72, 'CSR10', 0, NULL, '241607209', 0, 0, NULL, NULL, NULL, NULL, '2024-09-30', '17:00:00', NULL, NULL, '2024-10-01 21:40:15', 1539, 2, NULL, NULL),
(195, 1, 72, 'CSR10', 0, NULL, '241608545', 0, 0, NULL, NULL, NULL, NULL, '2024-09-30', '18:00:00', NULL, NULL, '2024-10-01 21:40:09', 1538, 2, NULL, NULL),
(196, 1, 72, 'CSR10', 0, NULL, '241608539', 0, 0, NULL, NULL, NULL, NULL, '2024-09-30', '19:00:00', NULL, NULL, '2024-10-01 21:40:03', 1537, 2, NULL, NULL),
(197, 1, 72, 'CSR10', 0, NULL, '241608438', 0, 0, NULL, NULL, NULL, NULL, '2024-09-30', '20:00:00', NULL, NULL, '2024-10-01 21:39:56', 1536, 2, NULL, NULL),
(198, 1, 72, 'CSR10', 0, NULL, '241608440', 0, 0, NULL, NULL, NULL, NULL, '2024-09-30', '21:00:00', NULL, NULL, '2024-10-01 21:39:31', 1535, 2, NULL, NULL),
(199, 1, 72, 'CSR10', 0, NULL, '241608442', 0, 0, NULL, NULL, NULL, NULL, '2024-09-30', '22:00:00', NULL, NULL, '2024-10-01 21:39:25', 1534, 2, NULL, NULL),
(200, 1, 72, 'CSR10', 0, NULL, '241608444', 0, 0, NULL, NULL, NULL, NULL, '2024-09-30', '23:00:00', NULL, NULL, '2024-10-01 21:39:19', 1533, 2, NULL, NULL),
(201, 1, 72, 'CSR10', 0, NULL, '241608446', 0, 0, NULL, NULL, NULL, NULL, '2024-09-30', '00:00:00', NULL, NULL, '2024-10-01 21:36:02', 1532, 2, NULL, NULL),
(202, 1, 72, 'CSR10', 0, NULL, '241608448', 0, 0, NULL, NULL, NULL, NULL, '2024-09-30', '01:00:00', NULL, NULL, '2024-10-01 21:35:43', 1531, 2, NULL, NULL),
(203, 1, 72, 'CSR10', 0, NULL, '241608450', 0, 0, NULL, NULL, NULL, NULL, '2024-09-30', '02:00:00', NULL, NULL, '2024-10-01 21:35:26', 1530, 2, NULL, NULL),
(300, 1, 144, 'CSR10', 0, NULL, '24160997', 0, 0, NULL, NULL, NULL, NULL, '2024-09-30', '21:00:00', NULL, NULL, '2024-10-01 22:06:39', 1783, 2, NULL, NULL),
(301, 1, 144, 'CSR10', 0, NULL, '24160996', 0, 0, NULL, NULL, NULL, NULL, '2024-09-30', '22:00:00', NULL, NULL, '2024-10-01 22:06:29', 1782, 2, NULL, NULL),
(302, 1, 144, 'CSR10', 0, NULL, '24160995', 0, 0, NULL, NULL, NULL, NULL, '2024-09-30', '23:00:00', NULL, NULL, '2024-10-01 22:06:23', 1781, 2, NULL, NULL),
(303, 1, 144, 'CSR10', 0, NULL, '24160994', 0, 0, NULL, NULL, NULL, NULL, '2024-09-30', '00:00:00', NULL, NULL, '2024-10-01 22:05:37', 1780, 2, NULL, NULL),
(304, 1, 144, 'CSR10', 0, NULL, '24160993', 0, 0, NULL, NULL, NULL, NULL, '2024-09-30', '01:00:00', NULL, NULL, '2024-10-01 22:05:24', 1779, 2, NULL, NULL),
(305, 1, 144, 'CSR10', 0, NULL, '24160992', 0, 0, NULL, NULL, NULL, NULL, '2024-09-30', '02:00:00', NULL, NULL, '2024-10-01 22:05:18', 1778, 2, NULL, NULL),
(306, 1, 144, 'CSR10', 0, NULL, '241308303', 0, 0, NULL, NULL, NULL, NULL, '2024-09-30', '03:00:00', NULL, NULL, '2024-10-01 22:05:12', 1777, 2, NULL, NULL),
(307, 1, 144, 'CSR10', 0, NULL, '241308304', 0, 0, NULL, NULL, NULL, NULL, '2024-09-30', '04:00:00', NULL, NULL, '2024-10-01 22:04:55', 1776, 2, NULL, NULL),
(308, 1, 144, 'CSR10', 0, NULL, '241608169', 0, 0, NULL, NULL, NULL, NULL, '2024-09-30', '05:00:00', NULL, NULL, '2024-10-01 22:04:45', 1775, 2, NULL, NULL),
(309, 1, 144, 'CSR10', 0, NULL, '241608168', 0, 0, NULL, NULL, NULL, NULL, '2024-09-30', '06:00:00', NULL, NULL, '2024-10-01 22:01:04', 1774, 2, NULL, NULL),
(310, 1, 144, 'CSR10', 0, NULL, '241608166', 0, 0, NULL, NULL, NULL, NULL, '2024-09-30', '07:00:00', NULL, NULL, '2024-10-01 22:00:58', 1773, 2, NULL, NULL),
(311, 1, 144, 'CSR10', 0, NULL, '241608164', 0, 0, NULL, NULL, NULL, NULL, '2024-09-30', '08:00:00', NULL, NULL, '2024-10-01 22:00:14', 1772, 2, NULL, NULL),
(312, 1, 144, 'CSR10', 0, NULL, '241608162', 0, 0, NULL, NULL, NULL, NULL, '2024-09-30', '09:00:00', NULL, NULL, '2024-10-01 21:59:33', 1771, 2, NULL, NULL),
(313, 1, 144, 'CSR10', 0, NULL, '241609167', 0, 0, NULL, NULL, NULL, NULL, '2024-09-30', '10:00:00', NULL, NULL, '2024-10-01 21:59:23', 1770, 2, NULL, NULL),
(314, 1, 144, 'CSR10', 0, NULL, '241609166', 0, 0, NULL, NULL, NULL, NULL, '2024-09-30', '11:00:00', NULL, NULL, '2024-10-01 21:59:03', 1769, 2, NULL, NULL),
(315, 1, 144, 'CSR10', 0, NULL, '241609165', 0, 0, NULL, NULL, NULL, NULL, '2024-09-30', '12:00:00', NULL, NULL, '2024-10-01 21:58:54', 1768, 2, NULL, NULL),
(316, 1, 144, 'CSR10', 0, NULL, '241609164', 0, 0, NULL, NULL, NULL, NULL, '2024-09-30', '13:00:00', NULL, NULL, '2024-10-01 21:58:44', 1767, 2, NULL, NULL),
(317, 1, 144, 'CSR10', 0, NULL, '241609163', 0, 0, NULL, NULL, NULL, NULL, '2024-09-30', '14:00:00', NULL, NULL, '2024-10-01 21:58:39', 1766, 2, NULL, NULL),
(318, 1, 144, 'CSR10', 0, NULL, '241609162', 0, 0, NULL, NULL, NULL, NULL, '2024-09-30', '15:00:00', NULL, NULL, '2024-10-01 21:58:31', 1765, 2, NULL, NULL),
(319, 1, 144, 'CSR10', 0, NULL, '24130971', 0, 0, NULL, NULL, NULL, NULL, '2024-09-30', '16:00:00', NULL, NULL, '2024-10-01 21:58:25', 1764, 2, NULL, NULL),
(320, 1, 144, 'CSR10', 0, NULL, '24130965', 0, 0, NULL, NULL, NULL, NULL, '2024-09-30', '17:00:00', NULL, NULL, '2024-10-01 21:58:05', 1763, 2, NULL, NULL),
(321, 1, 144, 'CSR10', 0, NULL, '24130970', 0, 0, NULL, NULL, NULL, NULL, '2024-09-30', '18:00:00', NULL, NULL, '2024-10-01 21:58:00', 1762, 2, NULL, NULL),
(322, 1, 144, 'CSR10', 0, NULL, '24130964', 0, 0, NULL, NULL, NULL, NULL, '2024-09-30', '19:00:00', NULL, NULL, '2024-10-01 21:57:54', 1761, 2, NULL, NULL),
(323, 1, 144, 'CSR10', 0, NULL, '24130969', 0, 0, NULL, NULL, NULL, NULL, '2024-09-30', '20:00:00', NULL, NULL, '2024-10-01 21:57:49', 1760, 2, NULL, NULL),
(324, 1, 144, 'CSR10', 0, NULL, '24130963', 0, 0, NULL, NULL, NULL, NULL, '2024-09-30', '21:00:00', NULL, NULL, '2024-10-01 21:57:36', 1759, 2, NULL, NULL),
(325, 1, 144, 'CSR10', 0, NULL, '24130968', 0, 0, NULL, NULL, NULL, NULL, '2024-09-30', '22:00:00', NULL, NULL, '2024-10-01 21:57:28', 1758, 2, NULL, NULL),
(326, 1, 144, 'CSR10', 0, NULL, '24130962', 0, 0, NULL, NULL, NULL, NULL, '2024-09-30', '23:00:00', NULL, NULL, '2024-10-01 21:57:23', 1757, 2, NULL, NULL),
(327, 1, 144, 'CSR10', 0, NULL, '24130967', 0, 0, NULL, NULL, NULL, NULL, '2024-09-30', '00:00:00', NULL, NULL, '2024-10-01 21:57:17', 1756, 2, NULL, NULL),
(328, 1, 144, 'CSR10', 0, NULL, '24130961', 0, 0, NULL, NULL, NULL, NULL, '2024-09-30', '01:00:00', NULL, NULL, '2024-10-01 21:57:09', 1755, 2, NULL, NULL),
(329, 1, 144, 'CSR10', 0, NULL, '24130966', 0, 0, NULL, NULL, NULL, NULL, '2024-09-30', '02:00:00', NULL, NULL, '2024-10-01 21:57:03', 1754, 2, NULL, NULL),
(330, 1, 144, 'CSR10', 0, NULL, '24130960', 0, 0, NULL, NULL, NULL, NULL, '2024-09-30', '03:00:00', NULL, NULL, '2024-10-01 21:56:57', 1753, 2, NULL, NULL),
(400, 1, 144, 'CSR10', 0, NULL, '241608485', 0, 0, NULL, NULL, NULL, NULL, '2024-09-30', '21:00:00', NULL, NULL, '2024-10-01 22:39:41', 1692, 2, NULL, NULL),
(401, 1, 144, 'CSR10', 0, NULL, '241608491', 0, 0, NULL, NULL, NULL, NULL, '2024-09-30', '22:00:00', NULL, NULL, '2024-10-01 22:38:55', 1691, 2, NULL, NULL),
(402, 1, 144, 'CSR10', 0, NULL, '241608497', 0, 0, NULL, NULL, NULL, NULL, '2024-09-30', '23:00:00', NULL, NULL, '2024-10-01 22:38:40', 1690, 2, NULL, NULL),
(403, 1, 144, 'CSR10', 0, NULL, '241608503', 0, 0, NULL, NULL, NULL, NULL, '2024-09-30', '00:00:00', NULL, NULL, '2024-10-01 22:38:33', 1689, 2, NULL, NULL),
(404, 1, 144, 'CSR10', 0, NULL, '241608484', 0, 0, NULL, NULL, NULL, NULL, '2024-09-30', '01:00:00', NULL, NULL, '2024-10-01 22:38:27', 1688, 2, NULL, NULL),
(405, 1, 144, 'CSR10', 0, NULL, '241608490', 0, 0, NULL, NULL, NULL, NULL, '2024-09-30', '02:00:00', NULL, NULL, '2024-10-01 22:38:21', 1687, 2, NULL, NULL),
(406, 1, 144, 'CSR10', 0, NULL, '241608496', 0, 0, NULL, NULL, NULL, NULL, '2024-09-30', '03:00:00', NULL, NULL, '2024-10-01 22:38:04', 1686, 2, NULL, NULL),
(407, 1, 144, 'CSR10', 0, NULL, '241608502', 0, 0, NULL, NULL, NULL, NULL, '2024-09-30', '04:00:00', NULL, NULL, '2024-10-01 22:37:59', 1685, 2, NULL, NULL),
(408, 1, 144, 'CSR10', 0, NULL, '241608483', 0, 0, NULL, NULL, NULL, NULL, '2024-09-30', '05:00:00', NULL, NULL, '2024-10-01 22:37:42', 1684, 2, NULL, NULL),
(409, 1, 144, 'CSR10', 0, NULL, '241608489', 0, 0, NULL, NULL, NULL, NULL, '2024-09-30', '06:00:00', NULL, NULL, '2024-10-01 22:37:35', 1683, 2, NULL, NULL),
(410, 1, 144, 'CSR10', 0, NULL, '241608495', 0, 0, NULL, NULL, NULL, NULL, '2024-09-30', '07:00:00', NULL, NULL, '2024-10-01 22:37:29', 1682, 2, NULL, NULL),
(411, 1, 144, 'CSR10', 0, NULL, '241608501', 0, 0, NULL, NULL, NULL, NULL, '2024-09-30', '08:00:00', NULL, NULL, '2024-10-01 22:37:24', 1681, 2, NULL, NULL),
(412, 1, 144, 'CSR10', 0, NULL, '241608482', 0, 0, NULL, NULL, NULL, NULL, '2024-09-30', '09:00:00', NULL, NULL, '2024-10-01 22:37:17', 1680, 2, NULL, NULL),
(413, 1, 144, 'CSR10', 0, NULL, '241608488', 0, 0, NULL, NULL, NULL, NULL, '2024-09-30', '10:00:00', NULL, NULL, '2024-10-01 22:37:12', 1679, 2, NULL, NULL),
(414, 1, 144, 'CSR10', 0, NULL, '241608494', 0, 0, NULL, NULL, NULL, NULL, '2024-09-30', '11:00:00', NULL, NULL, '2024-10-01 22:37:06', 1678, 2, NULL, NULL),
(415, 1, 144, 'CSR10', 0, NULL, '241608500', 0, 0, NULL, NULL, NULL, NULL, '2024-09-30', '12:00:00', NULL, NULL, '2024-10-01 22:36:48', 1677, 2, NULL, NULL),
(416, 1, 144, 'CSR10', 0, NULL, '241608481', 0, 0, NULL, NULL, NULL, NULL, '2024-09-30', '13:00:00', NULL, NULL, '2024-10-01 22:36:43', 1676, 2, NULL, NULL),
(417, 1, 144, 'CSR10', 0, NULL, '241608487', 0, 0, NULL, NULL, NULL, NULL, '2024-09-30', '14:00:00', NULL, NULL, '2024-10-01 22:36:26', 1675, 2, NULL, NULL),
(418, 1, 144, 'CSR10', 0, NULL, '241608493', 0, 0, NULL, NULL, NULL, NULL, '2024-09-30', '15:00:00', NULL, NULL, '2024-10-01 22:36:21', 1674, 2, NULL, NULL),
(419, 1, 144, 'CSR10', 0, NULL, '241608499', 0, 0, NULL, NULL, NULL, NULL, '2024-09-30', '16:00:00', NULL, NULL, '2024-10-01 22:36:00', 1673, 2, NULL, NULL),
(420, 1, 144, 'CSR10', 0, NULL, '241608480', 0, 0, NULL, NULL, NULL, NULL, '2024-09-30', '17:00:00', NULL, NULL, '2024-10-01 22:35:43', 1672, 2, NULL, NULL),
(421, 1, 144, 'CSR10', 0, NULL, '241608486', 0, 0, NULL, NULL, NULL, NULL, '2024-09-30', '18:00:00', NULL, NULL, '2024-10-01 22:35:00', 1671, 2, NULL, NULL),
(422, 1, 144, 'CSR10', 0, NULL, '241608492', 0, 0, NULL, NULL, NULL, NULL, '2024-09-30', '19:00:00', NULL, NULL, '2024-10-01 22:34:42', 1670, 2, NULL, NULL),
(423, 1, 144, 'CSR10', 0, NULL, '241608498', 0, 0, NULL, NULL, NULL, NULL, '2024-09-30', '20:00:00', NULL, NULL, '2024-10-01 22:34:34', 1669, 2, NULL, NULL),
(424, 1, 144, 'CSR10', 0, NULL, '241609139', 0, 0, NULL, NULL, NULL, NULL, '2024-09-30', '21:00:00', NULL, NULL, '2024-10-01 22:34:25', 1668, 2, NULL, NULL),
(425, 1, 144, 'CSR10', 0, NULL, '241609138', 0, 0, NULL, NULL, NULL, NULL, '2024-09-30', '22:00:00', NULL, NULL, '2024-10-01 22:34:03', 1667, 2, NULL, NULL),
(426, 1, 144, 'CSR10', 0, NULL, '241609137', 0, 0, NULL, NULL, NULL, NULL, '2024-09-30', '23:00:00', NULL, NULL, '2024-10-01 22:33:57', 1666, 2, NULL, NULL),
(427, 1, 144, 'CSR10', 0, NULL, '241609136', 0, 0, NULL, NULL, NULL, NULL, '2024-09-30', '00:00:00', NULL, NULL, '2024-10-01 22:33:50', 1665, 2, NULL, NULL),
(428, 1, 144, 'CSR10', 0, NULL, '241609135', 0, 0, NULL, NULL, NULL, NULL, '2024-09-30', '01:00:00', NULL, NULL, '2024-10-01 22:33:43', 1664, 2, NULL, NULL),
(429, 1, 144, 'CSR10', 0, NULL, '241609134', 0, 0, NULL, NULL, NULL, NULL, '2024-09-30', '02:00:00', NULL, NULL, '2024-10-01 22:33:37', 1663, 2, NULL, NULL),
(430, 1, 144, 'CSR10', 0, NULL, '241308302', 0, 0, NULL, NULL, NULL, NULL, '2024-09-30', '03:00:00', NULL, NULL, '2024-10-01 22:33:29', 1662, 2, NULL, NULL),
(431, 1, 144, 'CSR10', 0, NULL, '241308301', 0, 0, NULL, NULL, NULL, NULL, '2024-09-30', '04:00:00', NULL, NULL, '2024-10-01 22:33:23', 1661, 2, NULL, NULL),
(432, 1, 144, 'CSR10', 0, NULL, '241308300', 0, 0, NULL, NULL, NULL, NULL, '2024-09-30', '05:00:00', NULL, NULL, '2024-10-01 22:33:17', 1660, 2, NULL, NULL),
(433, 1, 144, 'CSR10', 0, NULL, '241308299', 0, 0, NULL, NULL, NULL, NULL, '2024-09-30', '06:00:00', NULL, NULL, '2024-10-01 22:33:11', 1659, 2, NULL, NULL),
(434, 1, 144, 'CSR10', 0, NULL, '241308298', 0, 0, NULL, NULL, NULL, NULL, '2024-09-30', '07:00:00', NULL, NULL, '2024-10-01 22:33:04', 1658, 2, NULL, NULL),
(435, 1, 144, 'CSR10', 0, NULL, '241308297', 0, 0, NULL, NULL, NULL, NULL, '2024-09-30', '08:00:00', NULL, NULL, '2024-10-01 22:32:49', 1657, 2, NULL, NULL),
(451, 1, 144, 'CSR10', 0, NULL, '24160979', 0, 0, NULL, NULL, NULL, NULL, '2024-09-30', '18:00:00', NULL, NULL, '2024-10-01 22:45:19', 1698, 2, NULL, NULL),
(452, 1, 144, 'CSR10', 0, NULL, '24160978', 0, 0, NULL, NULL, NULL, NULL, '2024-09-30', '19:00:00', NULL, NULL, '2024-10-01 22:45:04', 1697, 2, NULL, NULL),
(453, 1, 144, 'CSR10', 0, NULL, '24160977', 0, 0, NULL, NULL, NULL, NULL, '2024-09-30', '20:00:00', NULL, NULL, '2024-10-01 22:44:48', 1696, 2, NULL, NULL),
(454, 1, 144, 'CSR10', 0, NULL, '24160976', 0, 0, NULL, NULL, NULL, NULL, '2024-09-30', '21:00:00', NULL, NULL, '2024-10-01 22:44:33', 1695, 2, NULL, NULL),
(455, 1, 144, 'CSR10', 0, NULL, '24160975', 0, 0, NULL, NULL, NULL, NULL, '2024-09-30', '22:00:00', NULL, NULL, '2024-10-01 22:44:27', 1694, 2, NULL, NULL),
(456, 1, 144, 'CSR10', 0, NULL, '24160974', 0, 0, NULL, NULL, NULL, NULL, '2024-09-30', '23:00:00', NULL, NULL, '2024-10-01 22:44:15', 1693, 2, NULL, NULL),
(500, 1, 72, 'CSR10', 0, NULL, '241608366', 0, 0, NULL, NULL, NULL, NULL, '2024-09-30', '18:00:00', NULL, NULL, '2024-10-01 23:02:09', 1752, 2, NULL, NULL),
(501, 1, 72, 'CSR10', 0, NULL, '241608378', 0, 0, NULL, NULL, NULL, NULL, '2024-09-30', '19:00:00', NULL, NULL, '2024-10-01 23:02:03', 1751, 2, NULL, NULL),
(502, 1, 72, 'CSR10', 0, NULL, '241608390', 0, 0, NULL, NULL, NULL, NULL, '2024-09-30', '20:00:00', NULL, NULL, '2024-10-01 23:01:56', 1750, 2, NULL, NULL),
(503, 1, 72, 'CSR10', 0, NULL, '241608402', 0, 0, NULL, NULL, NULL, NULL, '2024-09-30', '21:00:00', NULL, NULL, '2024-10-01 23:01:49', 1749, 2, NULL, NULL),
(504, 1, 72, 'CSR10', 0, NULL, '241608414', 0, 0, NULL, NULL, NULL, NULL, '2024-09-30', '22:00:00', NULL, NULL, '2024-10-01 23:01:39', 1748, 2, NULL, NULL),
(505, 1, 72, 'CSR10', 0, NULL, '241608426', 0, 0, NULL, NULL, NULL, NULL, '2024-09-30', '23:00:00', NULL, NULL, '2024-10-01 23:01:30', 1747, 2, NULL, NULL),
(506, 1, 72, 'CSR10', 0, NULL, '241608364', 0, 0, NULL, NULL, NULL, NULL, '2024-09-30', '23:00:00', NULL, NULL, '2024-10-01 23:01:22', 1746, 2, NULL, NULL),
(507, 1, 72, 'CSR10', 0, NULL, '241608376', 0, 0, NULL, NULL, NULL, NULL, '2024-09-30', '23:00:00', NULL, NULL, '2024-10-01 23:01:14', 1745, 2, NULL, NULL),
(508, 1, 72, 'CSR10', 0, NULL, '241608388', 0, 0, NULL, NULL, NULL, NULL, '2024-09-30', '23:00:00', NULL, NULL, '2024-10-01 23:01:05', 1744, 2, NULL, NULL),
(509, 1, 72, 'CSR10', 0, NULL, '241608400', 0, 0, NULL, NULL, NULL, NULL, '2024-09-30', '23:00:00', NULL, NULL, '2024-10-01 23:00:49', 1743, 2, NULL, NULL),
(510, 1, 72, 'CSR10', 0, NULL, '241608412', 0, 0, NULL, NULL, NULL, NULL, '2024-09-30', '23:00:00', NULL, NULL, '2024-10-01 23:00:29', 1742, 2, NULL, NULL),
(511, 1, 72, 'CSR10', 0, NULL, '241608424', 0, 0, NULL, NULL, NULL, NULL, '2024-09-30', '23:00:00', NULL, NULL, '2024-10-01 23:00:20', 1741, 2, NULL, NULL),
(512, 1, 72, 'CSR10', 0, NULL, '241608362', 0, 0, NULL, NULL, NULL, NULL, '2024-09-30', '23:00:00', NULL, NULL, '2024-10-01 23:00:12', 1740, 2, NULL, NULL),
(513, 1, 72, 'CSR10', 0, NULL, '241608374', 0, 0, NULL, NULL, NULL, NULL, '2024-09-30', '23:00:00', NULL, NULL, '2024-10-01 22:59:57', 1739, 2, NULL, NULL),
(514, 1, 72, 'CSR10', 0, NULL, '241608386', 0, 0, NULL, NULL, NULL, NULL, '2024-09-30', '23:00:00', NULL, NULL, '2024-10-01 22:59:49', 1738, 2, NULL, NULL),
(515, 1, 72, 'CSR10', 0, NULL, '241608398', 0, 0, NULL, NULL, NULL, NULL, '2024-09-30', '23:00:00', NULL, NULL, '2024-10-01 22:59:40', 1737, 2, NULL, NULL),
(516, 1, 72, 'CSR10', 0, NULL, '241608410', 0, 0, NULL, NULL, NULL, NULL, '2024-09-30', '23:00:00', NULL, NULL, '2024-10-01 22:59:28', 1736, 2, NULL, NULL),
(517, 1, 72, 'CSR10', 0, NULL, '241608422', 0, 0, NULL, NULL, NULL, NULL, '2024-09-30', '23:00:00', NULL, NULL, '2024-10-01 22:59:09', 1735, 2, NULL, NULL),
(518, 1, 72, 'CSR10', 0, NULL, '241608360', 0, 0, NULL, NULL, NULL, NULL, '2024-09-30', '23:00:00', NULL, NULL, '2024-10-01 22:59:01', 1734, 2, NULL, NULL),
(519, 1, 72, 'CSR10', 0, NULL, '241608372', 0, 0, NULL, NULL, NULL, NULL, '2024-09-30', '23:00:00', NULL, NULL, '2024-10-01 22:58:53', 1733, 2, NULL, NULL),
(520, 1, 72, 'CSR10', 0, NULL, '241608384', 0, 0, NULL, NULL, NULL, NULL, '2024-09-30', '23:00:00', NULL, NULL, '2024-10-01 22:58:44', 1732, 2, NULL, NULL),
(521, 1, 72, 'CSR10', 0, NULL, '241608396', 0, 0, NULL, NULL, NULL, NULL, '2024-09-30', '23:00:00', NULL, NULL, '2024-10-01 22:58:05', 1731, 2, NULL, NULL),
(522, 1, 72, 'CSR10', 0, NULL, '241608408', 0, 0, NULL, NULL, NULL, NULL, '2024-09-30', '23:00:00', NULL, NULL, '2024-10-01 22:57:43', 1730, 2, NULL, NULL),
(523, 1, 72, 'CSR10', 0, NULL, '241608420', 0, 0, NULL, NULL, NULL, NULL, '2024-09-30', '23:00:00', NULL, NULL, '2024-10-01 22:57:06', 1729, 2, NULL, NULL),
(524, 1, 72, 'CSR10', 0, NULL, '241608358', 0, 0, NULL, NULL, NULL, NULL, '2024-09-30', '23:00:00', NULL, NULL, '2024-10-01 22:56:49', 1728, 2, NULL, NULL),
(525, 1, 72, 'CSR10', 0, NULL, '241608370', 0, 0, NULL, NULL, NULL, NULL, '2024-09-30', '23:00:00', NULL, NULL, '2024-10-01 22:56:42', 1727, 2, NULL, NULL),
(526, 1, 72, 'CSR10', 0, NULL, '241608382', 0, 0, NULL, NULL, NULL, NULL, '2024-09-30', '23:00:00', NULL, NULL, '2024-10-01 22:56:20', 1726, 2, NULL, NULL),
(527, 1, 72, 'CSR10', 0, NULL, '241608394', 0, 0, NULL, NULL, NULL, NULL, '2024-09-30', '23:00:00', NULL, NULL, '2024-10-01 22:56:13', 1725, 2, NULL, NULL),
(528, 1, 72, 'CSR10', 0, NULL, '241608406', 0, 0, NULL, NULL, NULL, NULL, '2024-09-30', '23:00:00', NULL, NULL, '2024-10-01 22:55:57', 1724, 2, NULL, NULL),
(529, 1, 72, 'CSR10', 0, NULL, '241608418', 0, 0, NULL, NULL, NULL, NULL, '2024-09-30', '23:00:00', NULL, NULL, '2024-10-01 22:55:51', 1723, 2, NULL, NULL),
(530, 1, 72, 'CSR10', 0, NULL, '241608356', 0, 0, NULL, NULL, NULL, NULL, '2024-09-30', '23:00:00', NULL, NULL, '2024-10-01 22:55:33', 1722, 2, NULL, NULL),
(531, 1, 72, 'CSR10', 0, NULL, '241608368', 0, 0, NULL, NULL, NULL, NULL, '2024-09-30', '23:00:00', NULL, NULL, '2024-10-01 22:55:14', 1721, 2, NULL, NULL),
(532, 1, 72, 'CSR10', 0, NULL, '241608380', 0, 0, NULL, NULL, NULL, NULL, '2024-09-30', '23:00:00', NULL, NULL, '2024-10-01 22:55:08', 1720, 2, NULL, NULL),
(533, 1, 72, 'CSR10', 0, NULL, '241608392', 0, 0, NULL, NULL, NULL, NULL, '2024-09-30', '23:00:00', NULL, NULL, '2024-10-01 22:54:52', 1719, 2, NULL, NULL),
(534, 1, 72, 'CSR10', 0, NULL, '241608404', 0, 0, NULL, NULL, NULL, NULL, '2024-09-30', '23:00:00', NULL, NULL, '2024-10-01 22:54:37', 1718, 2, NULL, NULL),
(535, 1, 72, 'CSR10', 0, NULL, '241608416', 0, 0, NULL, NULL, NULL, NULL, '2024-09-30', '23:00:00', NULL, NULL, '2024-10-01 22:54:29', 1717, 2, NULL, NULL),
(536, 1, 72, 'CSR10', 0, NULL, '241308105', 0, 0, NULL, NULL, NULL, NULL, '2024-09-30', '23:00:00', NULL, NULL, '2024-10-01 22:54:08', 1716, 2, NULL, NULL),
(537, 1, 72, 'CSR10', 0, NULL, '24130893', 0, 0, NULL, NULL, NULL, NULL, '2024-09-30', '23:00:00', NULL, NULL, '2024-10-01 22:54:02', 1715, 2, NULL, NULL),
(538, 1, 72, 'CSR10', 0, NULL, '24130881', 0, 0, NULL, NULL, NULL, NULL, '2024-09-30', '23:00:00', NULL, NULL, '2024-10-01 22:53:56', 1714, 2, NULL, NULL),
(539, 1, 72, 'CSR10', 0, NULL, '241308103', 0, 0, NULL, NULL, NULL, NULL, '2024-09-30', '23:00:00', NULL, NULL, '2024-10-01 22:53:29', 1713, 2, NULL, NULL),
(540, 1, 72, 'CSR10', 0, NULL, '24130891', 0, 0, NULL, NULL, NULL, NULL, '2024-09-30', '23:00:00', NULL, NULL, '2024-10-01 22:53:19', 1712, 2, NULL, NULL),
(541, 1, 72, 'CSR10', 0, NULL, '24130879', 0, 0, NULL, NULL, NULL, NULL, '2024-09-30', '23:00:00', NULL, NULL, '2024-10-01 22:53:12', 1711, 2, NULL, NULL),
(542, 1, 72, 'CSR10', 0, NULL, '241308101', 0, 0, NULL, NULL, NULL, NULL, '2024-09-30', '23:00:00', NULL, NULL, '2024-10-01 22:53:04', 1710, 2, NULL, NULL),
(543, 1, 72, 'CSR10', 0, NULL, '24130889', 0, 0, NULL, NULL, NULL, NULL, '2024-09-30', '23:00:00', NULL, NULL, '2024-10-01 22:52:48', 1709, 2, NULL, NULL);
INSERT INTO `batches` (`id`, `bale_status`, `bale_count`, `expected_grade`, `batch_number`, `link`, `batch_code`, `exported`, `checked`, `export_location`, `date_export`, `sample_cut_number`, `packaging_type`, `date`, `time`, `storage_location`, `created_at`, `updated_at`, `warehouse_id`, `company_id`, `shipment_id`, `warehouse_bhck_id`) VALUES
(544, 1, 72, 'CSR10', 0, NULL, '24130877', 0, 0, NULL, NULL, NULL, NULL, '2024-09-30', '23:00:00', NULL, NULL, '2024-10-01 22:52:31', 1708, 2, NULL, NULL),
(545, 1, 72, 'CSR10', 0, NULL, '24130899', 0, 0, NULL, NULL, NULL, NULL, '2024-09-30', '23:00:00', NULL, NULL, '2024-10-01 22:52:21', 1707, 2, NULL, NULL),
(546, 1, 72, 'CSR10', 0, NULL, '24130887', 0, 0, NULL, NULL, NULL, NULL, '2024-09-30', '23:00:00', NULL, NULL, '2024-10-01 22:52:14', 1706, 2, NULL, NULL),
(547, 1, 72, 'CSR10', 0, NULL, '24130875', 0, 0, NULL, NULL, NULL, NULL, '2024-09-30', '23:00:00', NULL, NULL, '2024-10-01 22:51:57', 1705, 2, NULL, NULL),
(548, 1, 72, 'CSR10', 0, NULL, '24130897', 0, 0, NULL, NULL, NULL, NULL, '2024-09-30', '23:00:00', NULL, NULL, '2024-10-01 22:51:42', 1704, 2, NULL, NULL),
(549, 1, 72, 'CSR10', 0, NULL, '24130885', 0, 0, NULL, NULL, NULL, NULL, '2024-09-30', '23:00:00', NULL, NULL, '2024-10-01 22:51:28', 1703, 2, NULL, NULL),
(550, 1, 72, 'CSR10', 0, NULL, '24130873', 0, 0, NULL, NULL, NULL, NULL, '2024-09-30', '23:00:00', NULL, NULL, '2024-10-01 22:51:22', 1702, 2, NULL, NULL),
(551, 1, 72, 'CSR10', 0, NULL, '24130895', 0, 0, NULL, NULL, NULL, NULL, '2024-09-30', '23:00:00', NULL, NULL, '2024-10-01 22:51:06', 1701, 2, NULL, NULL),
(552, 1, 72, 'CSR10', 0, NULL, '24130883', 0, 0, NULL, NULL, NULL, NULL, '2024-09-30', '23:00:00', NULL, NULL, '2024-10-01 22:50:56', 1700, 2, NULL, NULL),
(553, 1, 72, 'CSR10', 0, NULL, '24130871', 0, 0, NULL, NULL, NULL, NULL, '2024-09-30', '23:00:00', NULL, NULL, '2024-10-01 22:50:50', 1699, 2, NULL, NULL),
(600, 1, 144, 'CSR10', 0, NULL, '24130921', 0, 0, NULL, NULL, NULL, NULL, '2024-09-30', '18:00:00', NULL, NULL, '2024-10-01 23:11:56', 2661, 2, NULL, NULL),
(601, 1, 144, 'CSR10', 0, NULL, '24130927', 0, 0, NULL, NULL, NULL, NULL, '2024-09-30', '19:00:00', NULL, NULL, '2024-10-01 23:11:49', 2660, 2, NULL, NULL),
(602, 1, 144, 'CSR10', 0, NULL, '24130933', 0, 0, NULL, NULL, NULL, NULL, '2024-09-30', '20:00:00', NULL, NULL, '2024-10-01 23:11:41', 2659, 2, NULL, NULL),
(603, 1, 144, 'CSR10', 0, NULL, '24130922', 0, 0, NULL, NULL, NULL, NULL, '2024-09-30', '21:00:00', NULL, NULL, '2024-10-01 23:11:29', 2658, 2, NULL, NULL),
(604, 1, 144, 'CSR10', 0, NULL, '24130928', 0, 0, NULL, NULL, NULL, NULL, '2024-09-30', '22:00:00', NULL, NULL, '2024-10-01 23:11:11', 2657, 2, NULL, NULL),
(605, 1, 144, 'CSR10', 0, NULL, '24130934', 0, 0, NULL, NULL, NULL, NULL, '2024-09-30', '23:00:00', NULL, NULL, '2024-10-01 23:11:05', 2656, 2, NULL, NULL),
(606, 1, 144, 'CSR10', 0, NULL, '24130923', 0, 0, NULL, NULL, NULL, NULL, '2024-09-30', '23:00:00', NULL, NULL, '2024-10-01 23:10:57', 2655, 2, NULL, NULL),
(607, 1, 144, 'CSR10', 0, NULL, '24130929', 0, 0, NULL, NULL, NULL, NULL, '2024-09-30', '23:00:00', NULL, NULL, '2024-10-01 23:10:46', 2654, 2, NULL, NULL),
(608, 1, 144, 'CSR10', 0, NULL, '24130935', 0, 0, NULL, NULL, NULL, NULL, '2024-09-30', '23:00:00', NULL, NULL, '2024-10-01 23:10:38', 2653, 2, NULL, NULL),
(609, 1, 144, 'CSR10', 0, NULL, '24130924', 0, 0, NULL, NULL, NULL, NULL, '2024-09-30', '23:00:00', NULL, NULL, '2024-10-01 23:10:31', 2652, 2, NULL, NULL),
(610, 1, 144, 'CSR10', 0, NULL, '24130930', 0, 0, NULL, NULL, NULL, NULL, '2024-09-30', '23:00:00', NULL, NULL, '2024-10-01 23:10:24', 2651, 2, NULL, NULL),
(611, 1, 144, 'CSR10', 0, NULL, '24130936', 0, 0, NULL, NULL, NULL, NULL, '2024-09-30', '23:00:00', NULL, NULL, '2024-10-01 23:10:18', 2650, 2, NULL, NULL),
(612, 1, 144, 'CSR10', 0, NULL, '24130925', 0, 0, NULL, NULL, NULL, NULL, '2024-09-30', '23:00:00', NULL, NULL, '2024-10-01 23:10:12', 2649, 2, NULL, NULL),
(613, 1, 144, 'CSR10', 0, NULL, '24130931', 0, 0, NULL, NULL, NULL, NULL, '2024-09-30', '23:00:00', NULL, NULL, '2024-10-01 23:10:05', 2648, 2, NULL, NULL),
(614, 1, 144, 'CSR10', 0, NULL, '24130937', 0, 0, NULL, NULL, NULL, NULL, '2024-09-30', '23:00:00', NULL, NULL, '2024-10-01 23:09:55', 2647, 2, NULL, NULL),
(615, 1, 144, 'CSR10', 0, NULL, '24130926', 0, 0, NULL, NULL, NULL, NULL, '2024-09-30', '23:00:00', NULL, NULL, '2024-10-01 23:09:48', 2646, 2, NULL, NULL),
(616, 1, 144, 'CSR10', 0, NULL, '24130932', 0, 0, NULL, NULL, NULL, NULL, '2024-09-30', '23:00:00', NULL, NULL, '2024-10-01 23:09:40', 2645, 2, NULL, NULL),
(617, 1, 144, 'CSR10', 0, NULL, '24130938', 0, 0, NULL, NULL, NULL, NULL, '2024-09-30', '23:00:00', NULL, NULL, '2024-10-01 23:09:32', 2644, 2, NULL, NULL),
(618, 1, 144, 'CSR10', 0, NULL, 'MD06', 0, 0, NULL, NULL, NULL, NULL, '2024-09-30', '23:00:00', NULL, NULL, '2024-10-01 23:09:15', 2643, 2, NULL, NULL),
(619, 1, 144, 'CSR10', 0, NULL, 'MD04', 0, 0, NULL, NULL, NULL, NULL, '2024-09-30', '23:00:00', NULL, NULL, '2024-10-01 23:09:09', 2642, 2, NULL, NULL),
(620, 1, 144, 'CSR10', 0, NULL, 'MD02', 0, 0, NULL, NULL, NULL, NULL, '2024-09-30', '23:00:00', NULL, NULL, '2024-10-01 23:08:50', 2641, 2, NULL, NULL),
(650, 1, 72, 'CSR10', 0, NULL, 'TM02', 0, 0, NULL, NULL, NULL, NULL, '2024-09-30', '18:00:00', NULL, NULL, '2024-10-01 23:17:37', 2679, 2, NULL, NULL),
(651, 1, 72, 'CSR10', 0, NULL, 'TM04', 0, 0, NULL, NULL, NULL, NULL, '2024-09-30', '19:00:00', NULL, NULL, '2024-10-01 23:17:29', 2678, 2, NULL, NULL),
(652, 1, 72, 'CSR10', 0, NULL, 'TM06', 0, 0, NULL, NULL, NULL, NULL, '2024-09-30', '20:00:00', NULL, NULL, '2024-10-01 23:17:22', 2677, 2, NULL, NULL),
(653, 1, 72, 'CSR10', 0, NULL, 'TM08', 0, 0, NULL, NULL, NULL, NULL, '2024-09-30', '21:00:00', NULL, NULL, '2024-10-01 23:17:15', 2676, 2, NULL, NULL),
(654, 1, 72, 'CSR10', 0, NULL, 'TM09', 0, 0, NULL, NULL, NULL, NULL, '2024-09-30', '22:00:00', NULL, NULL, '2024-10-01 23:17:07', 2675, 2, NULL, NULL),
(655, 1, 59, 'CSR10', 0, NULL, 'TM10', 0, 0, NULL, NULL, NULL, NULL, '2024-09-30', '23:00:00', NULL, NULL, '2024-10-01 23:16:59', 2674, 2, NULL, NULL),
(656, 1, 72, 'CSR10', 0, NULL, 'KLMD24', 0, 0, NULL, NULL, NULL, NULL, '2024-09-30', '23:00:00', NULL, NULL, '2024-10-01 23:16:45', 2673, 2, NULL, NULL),
(657, 1, 72, 'CSR10', 0, NULL, 'KLMD22', 0, 0, NULL, NULL, NULL, NULL, '2024-09-30', '23:00:00', NULL, NULL, '2024-10-01 23:16:36', 2672, 2, NULL, NULL),
(658, 1, 72, 'CSR10', 0, NULL, 'KLMD20', 0, 0, NULL, NULL, NULL, NULL, '2024-09-30', '23:00:00', NULL, NULL, '2024-10-01 23:16:26', 2671, 2, NULL, NULL),
(659, 1, 72, 'CSR10', 0, NULL, 'KLMD18', 0, 0, NULL, NULL, NULL, NULL, '2024-09-30', '23:00:00', NULL, NULL, '2024-10-01 23:16:18', 2670, 2, NULL, NULL),
(660, 1, 72, 'CSR10', 0, NULL, 'KLMD16', 0, 0, NULL, NULL, NULL, NULL, '2024-09-30', '23:00:00', NULL, NULL, '2024-10-01 23:16:11', 2669, 2, NULL, NULL),
(661, 1, 72, 'CSR10', 0, NULL, 'KLMD14', 0, 0, NULL, NULL, NULL, NULL, '2024-09-30', '23:00:00', NULL, NULL, '2024-10-01 23:15:59', 2668, 2, NULL, NULL),
(662, 1, 72, 'CSR10', 0, NULL, 'KLMD12', 0, 0, NULL, NULL, NULL, NULL, '2024-09-30', '23:00:00', NULL, NULL, '2024-10-01 23:15:52', 2667, 2, NULL, NULL),
(663, 1, 72, 'CSR10', 0, NULL, 'KLMD10', 0, 0, NULL, NULL, NULL, NULL, '2024-09-30', '23:00:00', NULL, NULL, '2024-10-01 23:15:45', 2666, 2, NULL, NULL),
(664, 1, 72, 'CSR10', 0, NULL, 'KLMD08', 0, 0, NULL, NULL, NULL, NULL, '2024-09-30', '23:00:00', NULL, NULL, '2024-10-01 23:15:38', 2665, 2, NULL, NULL),
(665, 1, 72, 'CSR10', 0, NULL, 'KLMD06', 0, 0, NULL, NULL, NULL, NULL, '2024-09-30', '23:00:00', NULL, NULL, '2024-10-01 23:15:31', 2664, 2, NULL, NULL),
(666, 1, 72, 'CSR10', 0, NULL, 'KLMD04', 0, 0, NULL, NULL, NULL, NULL, '2024-09-30', '23:00:00', NULL, NULL, '2024-10-01 23:15:23', 2663, 2, NULL, NULL),
(667, 1, 72, 'CSR10', 0, NULL, 'KLMD02', 0, 0, NULL, NULL, NULL, NULL, '2024-09-30', '23:00:00', NULL, NULL, '2024-10-01 23:15:11', 2662, 2, NULL, NULL),
(700, 1, 144, 'CSR10', 0, NULL, '241608546', 0, 0, NULL, NULL, NULL, NULL, '2024-09-30', '18:00:00', NULL, NULL, '2024-10-01 23:45:03', 2835, 2, NULL, NULL),
(701, 1, 144, 'CSR10', 0, NULL, '241608547', 0, 0, NULL, NULL, NULL, NULL, '2024-09-30', '19:00:00', NULL, NULL, '2024-10-01 23:44:55', 2834, 2, NULL, NULL),
(702, 1, 144, 'CSR10', 0, NULL, '241608548', 0, 0, NULL, NULL, NULL, NULL, '2024-09-30', '20:00:00', NULL, NULL, '2024-10-01 23:44:42', 2833, 2, NULL, NULL),
(703, 1, 144, 'CSR10', 0, NULL, '241608549', 0, 0, NULL, NULL, NULL, NULL, '2024-09-30', '21:00:00', NULL, NULL, '2024-10-01 23:44:29', 2832, 2, NULL, NULL),
(704, 1, 144, 'CSR10', 0, NULL, '241608550', 0, 0, NULL, NULL, NULL, NULL, '2024-09-30', '22:00:00', NULL, NULL, '2024-10-01 23:44:14', 2831, 2, NULL, NULL),
(705, 1, 144, 'CSR10', 0, NULL, '241608551', 0, 0, NULL, NULL, NULL, NULL, '2024-09-30', '23:00:00', NULL, NULL, '2024-10-01 23:43:57', 2830, 2, NULL, NULL),
(706, 1, 144, 'CSR10', 0, NULL, '241608516', 0, 0, NULL, NULL, NULL, NULL, '2024-09-30', '23:00:00', NULL, NULL, '2024-10-01 23:43:49', 2829, 2, NULL, NULL),
(707, 1, 144, 'CSR10', 0, NULL, '241608517', 0, 0, NULL, NULL, NULL, NULL, '2024-09-30', '23:00:00', NULL, NULL, '2024-10-01 23:43:42', 2828, 2, NULL, NULL),
(708, 1, 144, 'CSR10', 0, NULL, '241608518', 0, 0, NULL, NULL, NULL, NULL, '2024-09-30', '23:00:00', NULL, NULL, '2024-10-01 23:43:34', 2827, 2, NULL, NULL),
(709, 1, 144, 'CSR10', 0, NULL, '241608519', 0, 0, NULL, NULL, NULL, NULL, '2024-09-30', '23:00:00', NULL, NULL, '2024-10-01 23:43:25', 2826, 2, NULL, NULL),
(710, 1, 144, 'CSR10', 0, NULL, '241608520', 0, 0, NULL, NULL, NULL, NULL, '2024-09-30', '23:00:00', NULL, NULL, '2024-10-01 23:43:10', 2825, 2, NULL, NULL),
(711, 1, 144, 'CSR10', 0, NULL, '241608521', 0, 0, NULL, NULL, NULL, NULL, '2024-09-30', '23:00:00', NULL, NULL, '2024-10-01 23:42:54', 2824, 2, NULL, NULL),
(712, 1, 144, 'CSR10', 0, NULL, '241608510', 0, 0, NULL, NULL, NULL, NULL, '2024-09-30', '23:00:00', NULL, NULL, '2024-10-01 23:42:37', 2823, 2, NULL, NULL),
(713, 1, 144, 'CSR10', 0, NULL, '241608511', 0, 0, NULL, NULL, NULL, NULL, '2024-09-30', '23:00:00', NULL, NULL, '2024-10-01 23:42:18', 2822, 2, NULL, NULL),
(714, 1, 144, 'CSR10', 0, NULL, '241608512', 0, 0, NULL, NULL, NULL, NULL, '2024-09-30', '23:00:00', NULL, NULL, '2024-10-01 23:42:10', 2821, 2, NULL, NULL),
(715, 1, 144, 'CSR10', 0, NULL, '241608513', 0, 0, NULL, NULL, NULL, NULL, '2024-09-30', '23:00:00', NULL, NULL, '2024-10-01 23:42:01', 2820, 2, NULL, NULL),
(716, 1, 144, 'CSR10', 0, NULL, '241608514', 0, 0, NULL, NULL, NULL, NULL, '2024-09-30', '23:00:00', NULL, NULL, '2024-10-01 23:41:54', 2819, 2, NULL, NULL),
(717, 1, 144, 'CSR10', 0, NULL, '241608515', 0, 0, NULL, NULL, NULL, NULL, '2024-09-30', '23:00:00', NULL, NULL, '2024-10-01 23:41:45', 2818, 2, NULL, NULL),
(718, 1, 144, 'CSR10', 0, NULL, '241609145', 0, 0, NULL, NULL, NULL, NULL, '2024-09-30', '00:00:00', NULL, NULL, '2024-10-01 23:41:30', 2817, 2, NULL, NULL),
(719, 1, 144, 'CSR10', 0, NULL, '241609144', 0, 0, NULL, NULL, NULL, NULL, '2024-09-30', '01:00:00', NULL, NULL, '2024-10-01 23:41:16', 2816, 2, NULL, NULL),
(720, 1, 144, 'CSR10', 0, NULL, '241609143', 0, 0, NULL, NULL, NULL, NULL, '2024-09-30', '02:00:00', NULL, NULL, '2024-10-01 23:41:08', 2815, 2, NULL, NULL),
(721, 1, 144, 'CSR10', 0, NULL, '241609142', 0, 0, NULL, NULL, NULL, NULL, '2024-09-30', '03:00:00', NULL, NULL, '2024-10-01 23:40:53', 2814, 2, NULL, NULL),
(722, 1, 144, 'CSR10', 0, NULL, '241609141', 0, 0, NULL, NULL, NULL, NULL, '2024-09-30', '04:00:00', NULL, NULL, '2024-10-01 23:40:38', 2813, 2, NULL, NULL),
(723, 1, 144, 'CSR10', 0, NULL, '241609140', 0, 0, NULL, NULL, NULL, NULL, '2024-09-30', '05:00:00', NULL, NULL, '2024-10-01 23:40:28', 2812, 2, NULL, NULL),
(724, 1, 144, 'CSR10', 0, NULL, '241609148', 0, 0, NULL, NULL, NULL, NULL, '2024-09-30', '06:00:00', NULL, NULL, '2024-10-01 23:40:13', 2811, 2, NULL, NULL),
(725, 1, 144, 'CSR10', 0, NULL, '241609147', 0, 0, NULL, NULL, NULL, NULL, '2024-09-30', '07:00:00', NULL, NULL, '2024-10-01 23:40:05', 2810, 2, NULL, NULL),
(726, 1, 144, 'CSR10', 0, NULL, '241609146', 0, 0, NULL, NULL, NULL, NULL, '2024-09-30', '08:00:00', NULL, NULL, '2024-10-01 23:39:56', 2809, 2, NULL, NULL),
(727, 1, 144, 'CSR10', 0, NULL, '241608568', 0, 0, NULL, NULL, NULL, NULL, '2024-09-30', '09:00:00', NULL, NULL, '2024-10-01 23:39:48', 2808, 2, NULL, NULL),
(728, 1, 144, 'CSR10', 0, NULL, '241608569', 0, 0, NULL, NULL, NULL, NULL, '2024-09-30', '10:00:00', NULL, NULL, '2024-10-01 23:39:39', 2807, 2, NULL, NULL),
(729, 1, 144, 'CSR10', 0, NULL, '241608570', 0, 0, NULL, NULL, NULL, NULL, '2024-09-30', '11:00:00', NULL, NULL, '2024-10-01 23:39:30', 2806, 2, NULL, NULL),
(730, 1, 144, 'CSR10', 0, NULL, '241308305', 0, 0, NULL, NULL, NULL, NULL, '2024-09-30', '12:00:00', NULL, NULL, '2024-10-01 23:39:12', 2805, 2, NULL, NULL),
(731, 1, 144, 'CSR10', 0, NULL, '241308306', 0, 0, NULL, NULL, NULL, NULL, '2024-09-30', '13:00:00', NULL, NULL, '2024-10-01 23:39:03', 2804, 2, NULL, NULL),
(732, 1, 144, 'CSR10', 0, NULL, '241308307', 0, 0, NULL, NULL, NULL, NULL, '2024-09-30', '14:00:00', NULL, NULL, '2024-10-01 23:38:45', 2803, 2, NULL, NULL),
(733, 1, 144, 'CSR10', 0, NULL, '241308308', 0, 0, NULL, NULL, NULL, NULL, '2024-09-30', '15:00:00', NULL, NULL, '2024-10-01 23:38:36', 2802, 2, NULL, NULL),
(734, 1, 144, 'CSR10', 0, NULL, '241308309', 0, 0, NULL, NULL, NULL, NULL, '2024-09-30', '16:00:00', NULL, NULL, '2024-10-01 23:38:26', 2801, 2, NULL, NULL),
(735, 1, 144, 'CSR10', 0, NULL, '241308310', 0, 0, NULL, NULL, NULL, NULL, '2024-09-30', '17:00:00', NULL, NULL, '2024-10-01 23:38:04', 2800, 2, NULL, NULL),
(736, 1, 144, 'CSR10', 0, NULL, '241308311', 0, 0, NULL, NULL, NULL, NULL, '2024-09-30', '18:00:00', NULL, NULL, '2024-10-01 23:37:41', 2799, 2, NULL, NULL),
(737, 1, 144, 'CSR10', 0, NULL, '241308312', 0, 0, NULL, NULL, NULL, NULL, '2024-09-30', '19:00:00', NULL, NULL, '2024-10-01 23:37:25', 2798, 2, NULL, NULL),
(738, 1, 144, 'CSR10', 0, NULL, '241608552', 0, 0, NULL, NULL, NULL, NULL, '2024-09-30', '20:00:00', NULL, NULL, '2024-10-01 23:37:17', 2797, 2, NULL, NULL),
(739, 1, 144, 'CSR10', 0, NULL, '241608553', 0, 0, NULL, NULL, NULL, NULL, '2024-09-30', '21:00:00', NULL, NULL, '2024-10-01 23:37:09', 2796, 2, NULL, NULL),
(740, 1, 144, 'CSR10', 0, NULL, '241608554', 0, 0, NULL, NULL, NULL, NULL, '2024-09-30', '22:00:00', NULL, NULL, '2024-10-01 23:37:01', 2795, 2, NULL, NULL),
(741, 1, 144, 'CSR10', 0, NULL, '241608555', 0, 0, NULL, NULL, NULL, NULL, '2024-09-30', '23:00:00', NULL, NULL, '2024-10-01 23:36:52', 2794, 2, NULL, NULL),
(742, 1, 144, 'CSR10', 0, NULL, '241608556', 0, 0, NULL, NULL, NULL, NULL, '2024-09-30', '00:00:00', NULL, NULL, '2024-10-01 23:36:38', 2793, 2, NULL, NULL),
(743, 1, 144, 'CSR10', 0, NULL, '241608557', 0, 0, NULL, NULL, NULL, NULL, '2024-09-30', '01:00:00', NULL, NULL, '2024-10-01 23:36:28', 2792, 2, NULL, NULL),
(744, 1, 144, 'CSR10', 0, NULL, '241608558', 0, 0, NULL, NULL, NULL, NULL, '2024-09-30', '02:00:00', NULL, NULL, '2024-10-01 23:36:20', 2791, 2, NULL, NULL),
(745, 1, 144, 'CSR10', 0, NULL, '241608559', 0, 0, NULL, NULL, NULL, NULL, '2024-09-30', '03:00:00', NULL, NULL, '2024-10-01 23:36:12', 2790, 2, NULL, NULL),
(746, 1, 144, 'CSR10', 0, NULL, '241608560', 0, 0, NULL, NULL, NULL, NULL, '2024-09-30', '04:00:00', NULL, NULL, '2024-10-01 23:36:04', 2789, 2, NULL, NULL),
(747, 1, 144, 'CSR10', 0, NULL, '241608561', 0, 0, NULL, NULL, NULL, NULL, '2024-09-30', '05:00:00', NULL, NULL, '2024-10-01 23:35:47', 2788, 2, NULL, NULL),
(748, 1, 144, 'CSR10', 0, NULL, '241608562', 0, 0, NULL, NULL, NULL, NULL, '2024-09-30', '06:00:00', NULL, NULL, '2024-10-01 23:35:38', 2787, 2, NULL, NULL),
(749, 1, 144, 'CSR10', 0, NULL, '241608563', 0, 0, NULL, NULL, NULL, NULL, '2024-09-30', '07:00:00', NULL, NULL, '2024-10-01 23:35:19', 2786, 2, NULL, NULL),
(750, 1, 144, 'CSR10', 0, NULL, '241608564', 0, 0, NULL, NULL, NULL, NULL, '2024-09-30', '08:00:00', NULL, NULL, '2024-10-01 23:35:11', 2785, 2, NULL, NULL),
(751, 1, 144, 'CSR10', 0, NULL, '241608565', 0, 0, NULL, NULL, NULL, NULL, '2024-09-30', '09:00:00', NULL, NULL, '2024-10-01 23:34:54', 2784, 2, NULL, NULL),
(752, 1, 144, 'CSR10', 0, NULL, '241608566', 0, 0, NULL, NULL, NULL, NULL, '2024-09-30', '10:00:00', NULL, NULL, '2024-10-01 23:34:46', 2783, 2, NULL, NULL),
(753, 1, 144, 'CSR10', 0, NULL, '241608567', 0, 0, NULL, NULL, NULL, NULL, '2024-09-30', '11:00:00', NULL, NULL, '2024-10-01 23:34:38', 2782, 2, NULL, NULL),
(754, 1, 144, 'CSR10', 0, NULL, '24130953', 0, 0, NULL, NULL, NULL, NULL, '2024-09-30', '12:00:00', NULL, NULL, '2024-10-01 23:34:30', 2781, 2, NULL, NULL),
(755, 1, 144, 'CSR10', 0, NULL, '24130954', 0, 0, NULL, NULL, NULL, NULL, '2024-09-30', '13:00:00', NULL, NULL, '2024-10-01 23:34:22', 2780, 2, NULL, NULL),
(756, 1, 144, 'CSR10', 0, NULL, '24130955', 0, 0, NULL, NULL, NULL, NULL, '2024-09-30', '14:00:00', NULL, NULL, '2024-10-01 23:34:11', 2779, 2, NULL, NULL),
(757, 1, 144, 'CSR10', 0, NULL, '24130956', 0, 0, NULL, NULL, NULL, NULL, '2024-09-30', '15:00:00', NULL, NULL, '2024-10-01 23:33:55', 2778, 2, NULL, NULL),
(758, 1, 144, 'CSR10', 0, NULL, '24130957', 0, 0, NULL, NULL, NULL, NULL, '2024-09-30', '16:00:00', NULL, NULL, '2024-10-01 23:33:48', 2777, 2, NULL, NULL),
(759, 1, 144, 'CSR10', 0, NULL, '24130958', 0, 0, NULL, NULL, NULL, NULL, '2024-09-30', '17:00:00', NULL, NULL, '2024-10-01 23:33:40', 2776, 2, NULL, NULL),
(760, 1, 144, 'CSR10', 0, NULL, '24130959', 0, 0, NULL, NULL, NULL, NULL, '2024-09-30', '18:00:00', NULL, NULL, '2024-10-01 23:33:32', 2775, 2, NULL, NULL),
(761, 1, 144, 'CSR10', 0, NULL, '24130946', 0, 0, NULL, NULL, NULL, NULL, '2024-09-30', '19:00:00', NULL, NULL, '2024-10-01 23:33:24', 2774, 2, NULL, NULL),
(762, 1, 144, 'CSR10', 0, NULL, '24130947', 0, 0, NULL, NULL, NULL, NULL, '2024-09-30', '20:00:00', NULL, NULL, '2024-10-01 23:33:13', 2773, 2, NULL, NULL),
(763, 1, 144, 'CSR10', 0, NULL, '24130948', 0, 0, NULL, NULL, NULL, NULL, '2024-09-30', '21:00:00', NULL, NULL, '2024-10-01 23:33:05', 2772, 2, NULL, NULL),
(764, 1, 144, 'CSR10', 0, NULL, '24130949', 0, 0, NULL, NULL, NULL, NULL, '2024-09-30', '22:00:00', NULL, NULL, '2024-10-01 23:32:51', 2771, 2, NULL, NULL),
(765, 1, 144, 'CSR10', 0, NULL, '24130950', 0, 0, NULL, NULL, NULL, NULL, '2024-09-30', '23:00:00', NULL, NULL, '2024-10-01 23:32:42', 2770, 2, NULL, NULL),
(766, 1, 144, 'CSR10', 0, NULL, '24130951', 0, 0, NULL, NULL, NULL, NULL, '2024-09-30', '00:00:00', NULL, NULL, '2024-10-01 23:32:35', 2769, 2, NULL, NULL),
(767, 1, 144, 'CSR10', 0, NULL, '24130952', 0, 0, NULL, NULL, NULL, NULL, '2024-09-30', '01:00:00', NULL, NULL, '2024-10-01 23:32:24', 2768, 2, NULL, NULL),
(768, 1, 144, 'CSR10', 0, NULL, '24130939', 0, 0, NULL, NULL, NULL, NULL, '2024-09-30', '02:00:00', NULL, NULL, '2024-10-01 23:32:10', 2767, 2, NULL, NULL),
(769, 1, 144, 'CSR10', 0, NULL, '24130940', 0, 0, NULL, NULL, NULL, NULL, '2024-09-30', '03:00:00', NULL, NULL, '2024-10-01 23:32:03', 2766, 2, NULL, NULL),
(770, 1, 144, 'CSR10', 0, NULL, '24130941', 0, 0, NULL, NULL, NULL, NULL, '2024-09-30', '04:00:00', NULL, NULL, '2024-10-01 23:31:47', 2765, 2, NULL, NULL),
(771, 1, 144, 'CSR10', 0, NULL, '24130942', 0, 0, NULL, NULL, NULL, NULL, '2024-09-30', '05:00:00', NULL, NULL, '2024-10-01 23:31:39', 2764, 2, NULL, NULL),
(772, 1, 144, 'CSR10', 0, NULL, '24130943', 0, 0, NULL, NULL, NULL, NULL, '2024-09-30', '06:00:00', NULL, NULL, '2024-10-01 23:31:31', 2763, 2, NULL, NULL),
(773, 1, 144, 'CSR10', 0, NULL, '24130944', 0, 0, NULL, NULL, NULL, NULL, '2024-09-30', '07:00:00', NULL, NULL, '2024-10-01 23:31:23', 2762, 2, NULL, NULL),
(774, 1, 144, 'CSR10', 0, NULL, '24130945', 0, 0, NULL, NULL, NULL, NULL, '2024-09-30', '08:00:00', NULL, NULL, '2024-10-01 23:31:05', 2761, 2, NULL, NULL),
(800, 1, 72, 'CSR10', 0, NULL, 'KLMD02', 0, 0, NULL, NULL, NULL, NULL, '2024-09-30', '18:00:00', NULL, NULL, '2024-10-01 23:52:31', 2859, 2, NULL, NULL),
(801, 1, 72, 'CSR10', 0, NULL, 'KLMD04', 0, 0, NULL, NULL, NULL, NULL, '2024-09-30', '19:00:00', NULL, NULL, '2024-10-01 23:52:16', 2858, 2, NULL, NULL),
(802, 1, 72, 'CSR10', 0, NULL, 'KLMD06', 0, 0, NULL, NULL, NULL, NULL, '2024-09-30', '20:00:00', NULL, NULL, '2024-10-01 23:52:08', 2857, 2, NULL, NULL),
(803, 1, 72, 'CSR10', 0, NULL, 'KLMD08', 0, 0, NULL, NULL, NULL, NULL, '2024-09-30', '21:00:00', NULL, NULL, '2024-10-01 23:51:59', 2856, 2, NULL, NULL),
(804, 1, 72, 'CSR10', 0, NULL, 'KLMD10', 0, 0, NULL, NULL, NULL, NULL, '2024-09-30', '22:00:00', NULL, NULL, '2024-10-01 23:51:40', 2855, 2, NULL, NULL),
(805, 1, 72, 'CSR10', 0, NULL, 'KLMD12', 0, 0, NULL, NULL, NULL, NULL, '2024-09-30', '23:00:00', NULL, NULL, '2024-10-01 23:51:22', 2854, 2, NULL, NULL),
(806, 1, 72, 'CSR10', 0, NULL, '241608452', 0, 0, NULL, NULL, NULL, NULL, '2024-09-30', '23:00:00', NULL, NULL, '2024-10-01 23:51:14', 2853, 2, NULL, NULL),
(807, 1, 72, 'CSR10', 0, NULL, '241608454', 0, 0, NULL, NULL, NULL, NULL, '2024-09-30', '23:00:00', NULL, NULL, '2024-10-01 23:51:06', 2852, 2, NULL, NULL),
(808, 1, 72, 'CSR10', 0, NULL, '241608456', 0, 0, NULL, NULL, NULL, NULL, '2024-09-30', '23:00:00', NULL, NULL, '2024-10-01 23:50:57', 2851, 2, NULL, NULL),
(809, 1, 72, 'CSR10', 0, NULL, '241608458', 0, 0, NULL, NULL, NULL, NULL, '2024-09-30', '23:00:00', NULL, NULL, '2024-10-01 23:50:42', 2850, 2, NULL, NULL),
(810, 1, 72, 'CSR10', 0, NULL, '241608460', 0, 0, NULL, NULL, NULL, NULL, '2024-09-30', '23:00:00', NULL, NULL, '2024-10-01 23:50:29', 2849, 2, NULL, NULL),
(811, 1, 72, 'CSR10', 0, NULL, '241608462', 0, 0, NULL, NULL, NULL, NULL, '2024-09-30', '23:00:00', NULL, NULL, '2024-10-01 23:50:20', 2848, 2, NULL, NULL),
(812, 1, 72, 'CSR10', 0, NULL, '241608464', 0, 0, NULL, NULL, NULL, NULL, '2024-09-30', '23:00:00', NULL, NULL, '2024-10-01 23:50:08', 2847, 2, NULL, NULL),
(813, 1, 72, 'CSR10', 0, NULL, '241608466', 0, 0, NULL, NULL, NULL, NULL, '2024-09-30', '23:00:00', NULL, NULL, '2024-10-01 23:50:00', 2846, 2, NULL, NULL),
(814, 1, 72, 'CSR10', 0, NULL, '241608468', 0, 0, NULL, NULL, NULL, NULL, '2024-09-30', '23:00:00', NULL, NULL, '2024-10-01 23:49:49', 2845, 2, NULL, NULL),
(815, 1, 72, 'CSR10', 0, NULL, '241608470', 0, 0, NULL, NULL, NULL, NULL, '2024-09-30', '23:00:00', NULL, NULL, '2024-10-01 23:49:41', 2844, 2, NULL, NULL),
(816, 1, 72, 'CSR10', 0, NULL, '24130855', 0, 0, NULL, NULL, NULL, NULL, '2024-09-30', '23:00:00', NULL, NULL, '2024-10-01 23:49:33', 2843, 2, NULL, NULL),
(817, 1, 72, 'CSR10', 0, NULL, '24130857', 0, 0, NULL, NULL, NULL, NULL, '2024-09-30', '23:00:00', NULL, NULL, '2024-10-01 23:49:24', 2842, 2, NULL, NULL),
(818, 1, 72, 'CSR10', 0, NULL, '24130859', 0, 0, NULL, NULL, NULL, NULL, '2024-09-30', '00:00:00', NULL, NULL, '2024-10-01 23:49:16', 2841, 2, NULL, NULL),
(819, 1, 72, 'CSR10', 0, NULL, '24130861', 0, 0, NULL, NULL, NULL, NULL, '2024-09-30', '01:00:00', NULL, NULL, '2024-10-01 23:49:02', 2840, 2, NULL, NULL),
(820, 1, 72, 'CSR10', 0, NULL, '24130863', 0, 0, NULL, NULL, NULL, NULL, '2024-09-30', '02:00:00', NULL, NULL, '2024-10-01 23:48:54', 2839, 2, NULL, NULL),
(821, 1, 72, 'CSR10', 0, NULL, '24130865', 0, 0, NULL, NULL, NULL, NULL, '2024-09-30', '03:00:00', NULL, NULL, '2024-10-01 23:48:45', 2838, 2, NULL, NULL),
(822, 1, 72, 'CSR10', 0, NULL, '24130867', 0, 0, NULL, NULL, NULL, NULL, '2024-09-30', '04:00:00', NULL, NULL, '2024-10-01 23:48:38', 2837, 2, NULL, NULL),
(823, 1, 72, 'CSR10', 0, NULL, '24130869', 0, 0, NULL, NULL, NULL, NULL, '2024-09-30', '05:00:00', NULL, NULL, '2024-10-01 23:48:31', 2836, 2, NULL, NULL),
(824, 1, 72, 'CSR10', 0, NULL, '24230848', 0, 0, NULL, NULL, NULL, NULL, '2024-09-30', '18:00:00', NULL, NULL, '2024-10-02 13:43:59', 2113, 1, NULL, NULL),
(825, 1, 72, 'CSR10', 0, NULL, '24230849', 0, 0, NULL, NULL, NULL, NULL, '2024-09-30', '19:00:00', NULL, NULL, '2024-10-02 13:44:39', 2114, 1, NULL, NULL),
(826, 1, 72, 'CSR10', 0, NULL, '24230836', 0, 0, NULL, NULL, NULL, NULL, '2024-09-30', '20:00:00', NULL, NULL, '2024-10-02 13:44:51', 2115, 1, NULL, NULL),
(827, 1, 72, 'CSR10', 0, NULL, '24230837', 0, 0, NULL, NULL, NULL, NULL, '2024-09-30', '21:00:00', NULL, NULL, '2024-10-02 13:44:57', 2116, 1, NULL, NULL),
(828, 1, 72, 'CSR10', 0, NULL, '242608236', 0, 0, NULL, NULL, NULL, NULL, '2024-09-30', '22:00:00', NULL, NULL, '2024-10-02 13:45:03', 2117, 1, NULL, NULL),
(829, 1, 72, 'CSR10', 0, NULL, '242608237', 0, 0, NULL, NULL, NULL, NULL, '2024-09-30', '23:00:00', NULL, NULL, '2024-10-02 13:45:09', 2118, 1, NULL, NULL),
(830, 1, 72, 'CSR10', 0, NULL, '242608224', 0, 0, NULL, NULL, NULL, NULL, '2024-09-30', '23:00:00', NULL, NULL, '2024-10-02 13:45:16', 2119, 1, NULL, NULL),
(831, 1, 72, 'CSR10', 0, NULL, '242608225', 0, 0, NULL, NULL, NULL, NULL, '2024-09-30', '23:00:00', NULL, NULL, '2024-10-02 13:45:23', 2120, 1, NULL, NULL),
(832, 1, 72, 'CSR10', 0, NULL, '242608212', 0, 0, NULL, NULL, NULL, NULL, '2024-09-30', '23:00:00', NULL, NULL, '2024-10-02 13:45:30', 2121, 1, NULL, NULL),
(833, 1, 72, 'CSR10', 0, NULL, '242608213', 0, 0, NULL, NULL, NULL, NULL, '2024-09-30', '23:00:00', NULL, NULL, '2024-10-02 13:45:37', 2122, 1, NULL, NULL),
(834, 1, 72, 'CSR10', 0, NULL, '24230846', 0, 0, NULL, NULL, NULL, NULL, '2024-09-30', '23:00:00', NULL, NULL, '2024-10-02 13:45:44', 2123, 1, NULL, NULL),
(835, 1, 72, 'CSR10', 0, NULL, '24230847', 0, 0, NULL, NULL, NULL, NULL, '2024-09-30', '23:00:00', NULL, NULL, '2024-10-02 13:45:51', 2124, 1, NULL, NULL),
(836, 1, 72, 'CSR10', 0, NULL, '24230834', 0, 0, NULL, NULL, NULL, NULL, '2024-09-30', '23:00:00', NULL, NULL, '2024-10-02 13:45:58', 2125, 1, NULL, NULL),
(837, 1, 72, 'CSR10', 0, NULL, '24230835', 0, 0, NULL, NULL, NULL, NULL, '2024-09-30', '23:00:00', NULL, NULL, '2024-10-02 13:46:05', 2126, 1, NULL, NULL),
(838, 1, 72, 'CSR10', 0, NULL, '242608234', 0, 0, NULL, NULL, NULL, NULL, '2024-09-30', '23:00:00', NULL, NULL, '2024-10-02 13:46:12', 2127, 1, NULL, NULL),
(839, 1, 72, 'CSR10', 0, NULL, '242608235', 0, 0, NULL, NULL, NULL, NULL, '2024-09-30', '23:00:00', NULL, NULL, '2024-10-02 13:46:22', 2128, 1, NULL, NULL),
(840, 1, 72, 'CSR10', 0, NULL, '242608222', 0, 0, NULL, NULL, NULL, NULL, '2024-09-30', '23:00:00', NULL, NULL, '2024-10-02 13:46:36', 2129, 1, NULL, NULL),
(841, 1, 72, 'CSR10', 0, NULL, '242608223', 0, 0, NULL, NULL, NULL, NULL, '2024-09-30', '23:00:00', NULL, NULL, '2024-10-02 13:46:47', 2130, 1, NULL, NULL),
(842, 1, 72, 'CSR10', 0, NULL, '242608210', 0, 0, NULL, NULL, NULL, NULL, '2024-09-30', '00:00:00', NULL, NULL, '2024-10-02 13:46:53', 2131, 1, NULL, NULL),
(843, 1, 72, 'CSR10', 0, NULL, '242608211', 0, 0, NULL, NULL, NULL, NULL, '2024-09-30', '01:00:00', NULL, NULL, '2024-10-02 13:46:58', 2132, 1, NULL, NULL),
(844, 1, 72, 'CSR10', 0, NULL, '24230844', 0, 0, NULL, NULL, NULL, NULL, '2024-09-30', '02:00:00', NULL, NULL, '2024-10-02 13:47:03', 2133, 1, NULL, NULL),
(845, 1, 72, 'CSR10', 0, NULL, '24230845', 0, 0, NULL, NULL, NULL, NULL, '2024-09-30', '03:00:00', NULL, NULL, '2024-10-02 13:47:09', 2134, 1, NULL, NULL),
(846, 1, 72, 'CSR10', 0, NULL, '24230832', 0, 0, NULL, NULL, NULL, NULL, '2024-09-30', '04:00:00', NULL, NULL, '2024-10-02 13:47:14', 2135, 1, NULL, NULL),
(847, 1, 72, 'CSR10', 0, NULL, '24230833', 0, 0, NULL, NULL, NULL, NULL, '2024-09-30', '05:00:00', NULL, NULL, '2024-10-02 13:47:19', 2136, 1, NULL, NULL),
(848, 1, 72, 'CSR10', 0, NULL, '242608232', 0, 0, NULL, NULL, NULL, NULL, '2024-09-30', '06:00:00', NULL, NULL, '2024-10-02 13:47:27', 2137, 1, NULL, NULL),
(849, 1, 72, 'CSR10', 0, NULL, '242608233', 0, 0, NULL, NULL, NULL, NULL, '2024-09-30', '07:00:00', NULL, NULL, '2024-10-02 13:47:32', 2138, 1, NULL, NULL),
(850, 1, 72, 'CSR10', 0, NULL, '242608220', 0, 0, NULL, NULL, NULL, NULL, '2024-09-30', '08:00:00', NULL, NULL, '2024-10-02 13:47:38', 2139, 1, NULL, NULL),
(851, 1, 72, 'CSR10', 0, NULL, '242608221', 0, 0, NULL, NULL, NULL, NULL, '2024-09-30', '09:00:00', NULL, NULL, '2024-10-02 13:47:43', 2140, 1, NULL, NULL),
(852, 1, 72, 'CSR10', 0, NULL, '242608208', 0, 0, NULL, NULL, NULL, NULL, '2024-09-30', '10:00:00', NULL, NULL, '2024-10-02 13:47:48', 2141, 1, NULL, NULL),
(853, 1, 72, 'CSR10', 0, NULL, '242608209', 0, 0, NULL, NULL, NULL, NULL, '2024-09-30', '11:00:00', NULL, NULL, '2024-10-02 13:47:54', 2142, 1, NULL, NULL),
(854, 1, 72, 'CSR10', 0, NULL, '230842', 0, 0, NULL, NULL, NULL, NULL, '2024-09-30', '12:00:00', NULL, NULL, '2024-10-02 13:47:59', 2143, 1, NULL, NULL),
(855, 1, 72, 'CSR10', 0, NULL, '24230843', 0, 0, NULL, NULL, NULL, NULL, '2024-09-30', '13:00:00', NULL, NULL, '2024-10-02 13:48:04', 2144, 1, NULL, NULL),
(856, 1, 72, 'CSR10', 0, NULL, '24230830', 0, 0, NULL, NULL, NULL, NULL, '2024-09-30', '14:00:00', NULL, NULL, '2024-10-02 13:48:10', 2145, 1, NULL, NULL),
(857, 1, 72, 'CSR10', 0, NULL, '24230831', 0, 0, NULL, NULL, NULL, NULL, '2024-09-30', '15:00:00', NULL, NULL, '2024-10-02 13:48:18', 2146, 1, NULL, NULL),
(858, 1, 72, 'CSR10', 0, NULL, '242608230', 0, 0, NULL, NULL, NULL, NULL, '2024-09-30', '16:00:00', NULL, NULL, '2024-10-02 13:48:23', 2147, 1, NULL, NULL),
(859, 1, 72, 'CSR10', 0, NULL, '242608231', 0, 0, NULL, NULL, NULL, NULL, '2024-09-30', '17:00:00', NULL, NULL, '2024-10-02 13:48:28', 2148, 1, NULL, NULL),
(860, 1, 72, 'CSR10', 0, NULL, '242608218', 0, 0, NULL, NULL, NULL, NULL, '2024-09-30', '18:00:00', NULL, NULL, '2024-10-02 13:48:33', 2149, 1, NULL, NULL),
(861, 1, 72, 'CSR10', 0, NULL, '242608219', 0, 0, NULL, NULL, NULL, NULL, '2024-09-30', '19:00:00', NULL, NULL, '2024-10-02 13:48:37', 2150, 1, NULL, NULL),
(862, 1, 72, 'CSR10', 0, NULL, '242608206', 0, 0, NULL, NULL, NULL, NULL, '2024-09-30', '20:00:00', NULL, NULL, '2024-10-02 13:48:42', 2151, 1, NULL, NULL),
(863, 1, 72, 'CSR10', 0, NULL, '242608207', 0, 0, NULL, NULL, NULL, NULL, '2024-09-30', '21:00:00', NULL, NULL, '2024-10-02 13:48:47', 2152, 1, NULL, NULL),
(864, 1, 72, 'CSR10', 0, NULL, '24230840', 0, 0, NULL, NULL, NULL, NULL, '2024-09-30', '22:00:00', NULL, NULL, '2024-10-02 13:48:51', 2153, 1, NULL, NULL),
(865, 1, 72, 'CSR10', 0, NULL, '24230841', 0, 0, NULL, NULL, NULL, NULL, '2024-09-30', '23:00:00', NULL, NULL, '2024-10-02 13:48:56', 2154, 1, NULL, NULL),
(866, 1, 72, 'CSR10', 0, NULL, '24230828', 0, 0, NULL, NULL, NULL, NULL, '2024-09-30', '00:00:00', NULL, NULL, '2024-10-02 13:49:02', 2155, 1, NULL, NULL),
(867, 1, 72, 'CSR10', 0, NULL, '24230829', 0, 0, NULL, NULL, NULL, NULL, '2024-09-30', '01:00:00', NULL, NULL, '2024-10-02 13:49:07', 2156, 1, NULL, NULL),
(868, 1, 72, 'CSR10', 0, NULL, '242608228', 0, 0, NULL, NULL, NULL, NULL, '2024-09-30', '02:00:00', NULL, NULL, '2024-10-02 13:49:12', 2157, 1, NULL, NULL),
(869, 1, 72, 'CSR10', 0, NULL, '242608229', 0, 0, NULL, NULL, NULL, NULL, '2024-09-30', '03:00:00', NULL, NULL, '2024-10-02 13:49:18', 2158, 1, NULL, NULL),
(870, 1, 72, 'CSR10', 0, NULL, '242608216', 0, 0, NULL, NULL, NULL, NULL, '2024-09-30', '04:00:00', NULL, NULL, '2024-10-02 13:49:24', 2159, 1, NULL, NULL),
(871, 1, 72, 'CSR10', 0, NULL, '242608217', 0, 0, NULL, NULL, NULL, NULL, '2024-09-30', '05:00:00', NULL, NULL, '2024-10-02 13:49:31', 2160, 1, NULL, NULL),
(872, 1, 72, 'CSR10', 0, NULL, '242608204', 0, 0, NULL, NULL, NULL, NULL, '2024-09-30', '06:00:00', NULL, NULL, '2024-10-02 13:49:36', 3193, 1, NULL, NULL),
(873, 1, 72, 'CSR10', 0, NULL, '242608205', 0, 0, NULL, NULL, NULL, NULL, '2024-09-30', '07:00:00', NULL, NULL, '2024-10-02 13:49:43', 3194, 1, NULL, NULL),
(874, 1, 72, 'CSR10', 0, NULL, '24230838', 0, 0, NULL, NULL, NULL, NULL, '2024-09-30', '08:00:00', NULL, NULL, '2024-10-02 13:49:48', 3195, 1, NULL, NULL),
(875, 1, 72, 'CSR10', 0, NULL, '24230839', 0, 0, NULL, NULL, NULL, NULL, '2024-09-30', '09:00:00', NULL, NULL, '2024-10-02 13:49:54', 3196, 1, NULL, NULL),
(876, 1, 72, 'CSR10', 0, NULL, '24230826', 0, 0, NULL, NULL, NULL, NULL, '2024-09-30', '10:00:00', NULL, NULL, '2024-10-02 13:49:59', 3197, 1, NULL, NULL),
(877, 1, 72, 'CSR10', 0, NULL, '24230827', 0, 0, NULL, NULL, NULL, NULL, '2024-09-30', '11:00:00', NULL, NULL, '2024-10-02 13:50:05', 3198, 1, NULL, NULL),
(878, 1, 72, 'CSR10', 0, NULL, '242608226', 0, 0, NULL, NULL, NULL, NULL, '2024-09-30', '12:00:00', NULL, NULL, '2024-10-02 13:50:10', 3199, 1, NULL, NULL),
(879, 1, 72, 'CSR10', 0, NULL, '242608227', 0, 0, NULL, NULL, NULL, NULL, '2024-09-30', '13:00:00', NULL, NULL, '2024-10-02 13:50:16', 3200, 1, NULL, NULL),
(880, 1, 72, 'CSR10', 0, NULL, '242608214', 0, 0, NULL, NULL, NULL, NULL, '2024-09-30', '14:00:00', NULL, NULL, '2024-10-02 13:50:22', 3201, 1, NULL, NULL),
(881, 1, 72, 'CSR10', 0, NULL, '242608215', 0, 0, NULL, NULL, NULL, NULL, '2024-09-30', '15:00:00', NULL, NULL, '2024-10-02 13:50:27', 3202, 1, NULL, NULL),
(882, 1, 72, 'CSR10', 0, NULL, '242608202', 0, 0, NULL, NULL, NULL, NULL, '2024-09-30', '16:00:00', NULL, NULL, '2024-10-02 13:50:40', 3203, 1, NULL, NULL),
(883, 1, 72, 'CSR10', 0, NULL, '242608203', 0, 0, NULL, NULL, NULL, NULL, '2024-09-30', '17:00:00', NULL, NULL, '2024-10-02 13:50:45', 3204, 1, NULL, NULL),
(890, 1, 144, 'CSR10', 0, NULL, '24260936', 0, 0, NULL, NULL, NULL, NULL, '2024-09-30', '18:00:00', NULL, NULL, '2024-10-02 14:03:58', 3228, 1, NULL, NULL),
(891, 1, 144, 'CSR10', 0, NULL, '24260930', 0, 0, NULL, NULL, NULL, NULL, '2024-09-30', '19:00:00', NULL, NULL, '2024-10-02 14:03:51', 3227, 1, NULL, NULL),
(892, 1, 144, 'CSR10', 0, NULL, '24260924', 0, 0, NULL, NULL, NULL, NULL, '2024-09-30', '20:00:00', NULL, NULL, '2024-10-02 14:03:44', 3226, 1, NULL, NULL),
(893, 1, 144, 'CSR10', 0, NULL, '24260918', 0, 0, NULL, NULL, NULL, NULL, '2024-09-30', '21:00:00', NULL, NULL, '2024-10-02 14:03:38', 3225, 1, NULL, NULL),
(894, 1, 144, 'CSR10', 0, NULL, '24260935', 0, 0, NULL, NULL, NULL, NULL, '2024-09-30', '22:00:00', NULL, NULL, '2024-10-02 14:03:31', 3224, 1, NULL, NULL),
(895, 1, 144, 'CSR10', 0, NULL, '24260929', 0, 0, NULL, NULL, NULL, NULL, '2024-09-30', '23:00:00', NULL, NULL, '2024-10-02 14:03:17', 3223, 1, NULL, NULL),
(896, 1, 144, 'CSR10', 0, NULL, '24260923', 0, 0, NULL, NULL, NULL, NULL, '2024-09-30', '23:00:00', NULL, NULL, '2024-10-02 14:03:11', 3222, 1, NULL, NULL),
(897, 1, 144, 'CSR10', 0, NULL, '24260917', 0, 0, NULL, NULL, NULL, NULL, '2024-09-30', '23:00:00', NULL, NULL, '2024-10-02 14:03:04', 3221, 1, NULL, NULL),
(898, 1, 144, 'CSR10', 0, NULL, '24260934', 0, 0, NULL, NULL, NULL, NULL, '2024-09-30', '23:00:00', NULL, NULL, '2024-10-02 14:02:58', 3220, 1, NULL, NULL),
(899, 1, 144, 'CSR10', 0, NULL, '24260928', 0, 0, NULL, NULL, NULL, NULL, '2024-09-30', '23:00:00', NULL, NULL, '2024-10-02 14:02:51', 3219, 1, NULL, NULL),
(900, 1, 144, 'CSR10', 0, NULL, '24260922', 0, 0, NULL, NULL, NULL, NULL, '2024-09-30', '23:00:00', NULL, NULL, '2024-10-02 14:02:45', 3218, 1, NULL, NULL),
(901, 1, 144, 'CSR10', 0, NULL, '24260916', 0, 0, NULL, NULL, NULL, NULL, '2024-09-30', '23:00:00', NULL, NULL, '2024-10-02 14:02:39', 3217, 1, NULL, NULL),
(902, 1, 144, 'CSR10', 0, NULL, '24260933', 0, 0, NULL, NULL, NULL, NULL, '2024-09-30', '23:00:00', NULL, NULL, '2024-10-02 14:02:32', 3216, 1, NULL, NULL),
(903, 1, 144, 'CSR10', 0, NULL, '24260927', 0, 0, NULL, NULL, NULL, NULL, '2024-09-30', '23:00:00', NULL, NULL, '2024-10-02 14:02:24', 3215, 1, NULL, NULL),
(904, 1, 144, 'CSR10', 0, NULL, '24260921', 0, 0, NULL, NULL, NULL, NULL, '2024-09-30', '23:00:00', NULL, NULL, '2024-10-02 14:02:17', 3214, 1, NULL, NULL),
(905, 1, 144, 'CSR10', 0, NULL, '24260915', 0, 0, NULL, NULL, NULL, NULL, '2024-09-30', '23:00:00', NULL, NULL, '2024-10-02 14:02:11', 3213, 1, NULL, NULL),
(906, 1, 144, 'CSR10', 0, NULL, '24260932', 0, 0, NULL, NULL, NULL, NULL, '2024-09-30', '23:00:00', NULL, NULL, '2024-10-02 14:02:04', 3212, 1, NULL, NULL),
(907, 1, 144, 'CSR10', 0, NULL, '24260926', 0, 0, NULL, NULL, NULL, NULL, '2024-09-30', '23:00:00', NULL, NULL, '2024-10-02 14:01:58', 3211, 1, NULL, NULL),
(908, 1, 144, 'CSR10', 0, NULL, '24260920', 0, 0, NULL, NULL, NULL, NULL, '2024-09-30', '00:00:00', NULL, NULL, '2024-10-02 14:01:51', 3210, 1, NULL, NULL),
(909, 1, 144, 'CSR10', 0, NULL, '24260914', 0, 0, NULL, NULL, NULL, NULL, '2024-09-30', '01:00:00', NULL, NULL, '2024-10-02 14:01:45', 3209, 1, NULL, NULL),
(910, 1, 144, 'CSR10', 0, NULL, '24260931', 0, 0, NULL, NULL, NULL, NULL, '2024-09-30', '02:00:00', NULL, NULL, '2024-10-02 14:01:38', 3208, 1, NULL, NULL),
(911, 1, 144, 'CSR10', 0, NULL, '24260925', 0, 0, NULL, NULL, NULL, NULL, '2024-09-30', '03:00:00', NULL, NULL, '2024-10-02 14:01:31', 3207, 1, NULL, NULL),
(912, 1, 144, 'CSR10', 0, NULL, '24260919', 0, 0, NULL, NULL, NULL, NULL, '2024-09-30', '04:00:00', NULL, NULL, '2024-10-02 14:01:18', 3206, 1, NULL, NULL),
(913, 1, 144, 'CSR10', 0, NULL, '24260913', 0, 0, NULL, NULL, NULL, NULL, '2024-09-30', '05:00:00', NULL, NULL, '2024-10-02 14:01:10', 3205, 1, NULL, NULL),
(914, 1, 144, 'CSR10', 0, NULL, '24260912', 0, 0, NULL, NULL, NULL, NULL, '2024-09-30', '18:00:00', NULL, NULL, '2024-10-02 14:21:17', 2062, 1, NULL, NULL),
(915, 1, 144, 'CSR10', 0, NULL, '2426096', 0, 0, NULL, NULL, NULL, NULL, '2024-09-30', '19:00:00', NULL, NULL, '2024-10-02 14:20:57', 2061, 1, NULL, NULL),
(916, 1, 144, 'CSR10', 0, NULL, '242609142', 0, 0, NULL, NULL, NULL, NULL, '2024-09-30', '20:00:00', NULL, NULL, '2024-10-02 14:20:49', 2060, 1, NULL, NULL),
(917, 1, 144, 'CSR10', 0, NULL, '242609136', 0, 0, NULL, NULL, NULL, NULL, '2024-09-30', '21:00:00', NULL, NULL, '2024-10-02 14:20:38', 2059, 1, NULL, NULL),
(918, 1, 144, 'CSR10', 0, NULL, '242609130', 0, 0, NULL, NULL, NULL, NULL, '2024-09-30', '22:00:00', NULL, NULL, '2024-10-02 14:20:22', 2058, 1, NULL, NULL),
(919, 1, 144, 'CSR10', 0, NULL, '24260961', 0, 0, NULL, NULL, NULL, NULL, '2024-09-30', '23:00:00', NULL, NULL, '2024-10-02 14:20:15', 2057, 1, NULL, NULL),
(920, 1, 144, 'CSR10', 0, NULL, '24260970', 0, 0, NULL, NULL, NULL, NULL, '2024-09-30', '23:00:00', NULL, NULL, '2024-10-02 14:20:05', 2056, 1, NULL, NULL),
(921, 1, 144, 'CSR10', 0, NULL, '24260911', 0, 0, NULL, NULL, NULL, NULL, '2024-09-30', '23:00:00', NULL, NULL, '2024-10-02 14:19:57', 2055, 1, NULL, NULL),
(922, 1, 144, 'CSR10', 0, NULL, '2426095', 0, 0, NULL, NULL, NULL, NULL, '2024-09-30', '23:00:00', NULL, NULL, '2024-10-02 14:19:50', 2054, 1, NULL, NULL),
(923, 1, 144, 'CSR10', 0, NULL, '242609141', 0, 0, NULL, NULL, NULL, NULL, '2024-09-30', '23:00:00', NULL, NULL, '2024-10-02 14:19:43', 2053, 1, NULL, NULL),
(924, 1, 144, 'CSR10', 0, NULL, '242609135', 0, 0, NULL, NULL, NULL, NULL, '2024-09-30', '23:00:00', NULL, NULL, '2024-10-02 14:19:33', 2052, 1, NULL, NULL),
(925, 1, 144, 'CSR10', 0, NULL, '242609129', 0, 0, NULL, NULL, NULL, NULL, '2024-09-30', '23:00:00', NULL, NULL, '2024-10-02 14:19:01', 2051, 1, NULL, NULL),
(926, 1, 144, 'CSR10', 0, NULL, '24260960', 0, 0, NULL, NULL, NULL, NULL, '2024-09-30', '23:00:00', NULL, NULL, '2024-10-02 14:18:53', 2050, 1, NULL, NULL),
(927, 1, 144, 'CSR10', 0, NULL, '24260969', 0, 0, NULL, NULL, NULL, NULL, '2024-09-30', '23:00:00', NULL, NULL, '2024-10-02 14:18:46', 2049, 1, NULL, NULL),
(928, 1, 144, 'CSR10', 0, NULL, '24260910', 0, 0, NULL, NULL, NULL, NULL, '2024-09-30', '23:00:00', NULL, NULL, '2024-10-02 14:18:38', 2048, 1, NULL, NULL),
(929, 1, 144, 'CSR10', 0, NULL, '2426094', 0, 0, NULL, NULL, NULL, NULL, '2024-09-30', '23:00:00', NULL, NULL, '2024-10-02 14:18:30', 2047, 1, NULL, NULL),
(930, 1, 144, 'CSR10', 0, NULL, '242609140', 0, 0, NULL, NULL, NULL, NULL, '2024-09-30', '23:00:00', NULL, NULL, '2024-10-02 14:18:22', 2046, 1, NULL, NULL),
(931, 1, 144, 'CSR10', 0, NULL, '242609134', 0, 0, NULL, NULL, NULL, NULL, '2024-09-30', '23:00:00', NULL, NULL, '2024-10-02 14:18:15', 2045, 1, NULL, NULL),
(932, 1, 144, 'CSR10', 0, NULL, '242609128', 0, 0, NULL, NULL, NULL, NULL, '2024-09-30', '00:00:00', NULL, NULL, '2024-10-02 14:16:47', 2044, 1, NULL, NULL),
(933, 1, 144, 'CSR10', 0, NULL, '24260959', 0, 0, NULL, NULL, NULL, NULL, '2024-09-30', '01:00:00', NULL, NULL, '2024-10-02 14:16:40', 2043, 1, NULL, NULL),
(934, 1, 144, 'CSR10', 0, NULL, '24260968', 0, 0, NULL, NULL, NULL, NULL, '2024-09-30', '02:00:00', NULL, NULL, '2024-10-02 14:16:24', 2042, 1, NULL, NULL),
(935, 1, 144, 'CSR10', 0, NULL, '2426099', 0, 0, NULL, NULL, NULL, NULL, '2024-09-30', '03:00:00', NULL, NULL, '2024-10-02 14:16:16', 2041, 1, NULL, NULL),
(936, 1, 144, 'CSR10', 0, NULL, '2426093', 0, 0, NULL, NULL, NULL, NULL, '2024-09-30', '04:00:00', NULL, NULL, '2024-10-02 14:16:10', 2040, 1, NULL, NULL),
(937, 1, 144, 'CSR10', 0, NULL, '242609139', 0, 0, NULL, NULL, NULL, NULL, '2024-09-30', '05:00:00', NULL, NULL, '2024-10-02 14:16:02', 2039, 1, NULL, NULL),
(938, 1, 144, 'CSR10', 0, NULL, '242609133', 0, 0, NULL, NULL, NULL, NULL, '2024-09-30', '06:00:00', NULL, NULL, '2024-10-02 14:15:55', 2038, 1, NULL, NULL),
(939, 1, 144, 'CSR10', 0, NULL, '242609127', 0, 0, NULL, NULL, NULL, NULL, '2024-09-30', '07:00:00', NULL, NULL, '2024-10-02 14:15:46', 2037, 1, NULL, NULL),
(940, 1, 144, 'CSR10', 0, NULL, '24260958', 0, 0, NULL, NULL, NULL, NULL, '2024-09-30', '08:00:00', NULL, NULL, '2024-10-02 14:15:39', 2036, 1, NULL, NULL),
(941, 1, 144, 'CSR10', 0, NULL, '24260967', 0, 0, NULL, NULL, NULL, NULL, '2024-09-30', '09:00:00', NULL, NULL, '2024-10-02 14:15:32', 2035, 1, NULL, NULL),
(942, 1, 144, 'CSR10', 0, NULL, '2426098', 0, 0, NULL, NULL, NULL, NULL, '2024-09-30', '10:00:00', NULL, NULL, '2024-10-02 14:15:17', 2034, 1, NULL, NULL),
(943, 1, 144, 'CSR10', 0, NULL, '2426092', 0, 0, NULL, NULL, NULL, NULL, '2024-09-30', '11:00:00', NULL, NULL, '2024-10-02 14:15:09', 2033, 1, NULL, NULL),
(944, 1, 144, 'CSR10', 0, NULL, '242609144', 0, 0, NULL, NULL, NULL, NULL, '2024-09-30', '12:00:00', NULL, NULL, '2024-10-02 14:14:43', 2032, 1, NULL, NULL),
(945, 1, 144, 'CSR10', 0, NULL, '242609138', 0, 0, NULL, NULL, NULL, NULL, '2024-09-30', '13:00:00', NULL, NULL, '2024-10-02 14:14:36', 2031, 1, NULL, NULL),
(946, 1, 144, 'CSR10', 0, NULL, '242609132', 0, 0, NULL, NULL, NULL, NULL, '2024-09-30', '14:00:00', NULL, NULL, '2024-10-02 14:14:28', 2030, 1, NULL, NULL),
(947, 1, 144, 'CSR10', 0, NULL, '242609126', 0, 0, NULL, NULL, NULL, NULL, '2024-09-30', '15:00:00', NULL, NULL, '2024-10-02 14:14:21', 2029, 1, NULL, NULL),
(948, 1, 144, 'CSR10', 0, NULL, '24260964', 0, 0, NULL, NULL, NULL, NULL, '2024-09-30', '16:00:00', NULL, NULL, '2024-10-02 14:14:13', 2028, 1, NULL, NULL),
(949, 1, 144, 'CSR10', 0, NULL, '24260957', 0, 0, NULL, NULL, NULL, NULL, '2024-09-30', '17:00:00', NULL, NULL, '2024-10-02 14:13:36', 2027, 1, NULL, NULL),
(950, 1, 144, 'CSR10', 0, NULL, '24260966', 0, 0, NULL, NULL, NULL, NULL, '2024-09-30', '18:00:00', NULL, NULL, '2024-10-02 14:13:28', 2026, 1, NULL, NULL),
(951, 1, 144, 'CSR10', 0, NULL, '2426097', 0, 0, NULL, NULL, NULL, NULL, '2024-09-30', '19:00:00', NULL, NULL, '2024-10-02 14:13:20', 2025, 1, NULL, NULL),
(952, 1, 144, 'CSR10', 0, NULL, '2426091', 0, 0, NULL, NULL, NULL, NULL, '2024-09-30', '20:00:00', NULL, NULL, '2024-10-02 14:13:12', 2024, 1, NULL, NULL),
(953, 1, 144, 'CSR10', 0, NULL, '242609143', 0, 0, NULL, NULL, NULL, NULL, '2024-09-30', '21:00:00', NULL, NULL, '2024-10-02 14:13:05', 2023, 1, NULL, NULL),
(954, 1, 144, 'CSR10', 0, NULL, '242609137', 0, 0, NULL, NULL, NULL, NULL, '2024-09-30', '22:00:00', NULL, NULL, '2024-10-02 14:12:58', 2022, 1, NULL, NULL),
(955, 1, 144, 'CSR10', 0, NULL, '242609131', 0, 0, NULL, NULL, NULL, NULL, '2024-09-30', '23:00:00', NULL, NULL, '2024-10-02 14:12:50', 2021, 1, NULL, NULL),
(956, 1, 144, 'CSR10', 0, NULL, '242609125', 0, 0, NULL, NULL, NULL, NULL, '2024-09-30', '00:00:00', NULL, NULL, '2024-10-02 14:12:42', 2020, 1, NULL, NULL),
(957, 1, 144, 'CSR10', 0, NULL, '24260963', 0, 0, NULL, NULL, NULL, NULL, '2024-09-30', '01:00:00', NULL, NULL, '2024-10-02 14:12:30', 2019, 1, NULL, NULL),
(958, 1, 144, 'CSR10', 0, NULL, '24260956', 0, 0, NULL, NULL, NULL, NULL, '2024-09-30', '02:00:00', NULL, NULL, '2024-10-02 14:12:22', 2018, 1, NULL, NULL),
(959, 1, 144, 'CSR10', 0, NULL, '24260965', 0, 0, NULL, NULL, NULL, NULL, '2024-09-30', '03:00:00', NULL, NULL, '2024-10-02 14:12:06', 2017, 1, NULL, NULL),
(960, 1, 144, 'CSR10', 0, NULL, '24260976', 0, 0, NULL, NULL, NULL, NULL, '2024-09-30', '18:00:00', NULL, NULL, '2024-10-02 14:44:28', 3270, 1, NULL, NULL),
(961, 1, 144, 'CSR10', 0, NULL, '24260982', 0, 0, NULL, NULL, NULL, NULL, '2024-09-30', '19:00:00', NULL, NULL, '2024-10-02 14:44:14', 3269, 1, NULL, NULL),
(962, 1, 144, 'CSR10', 0, NULL, '24260988', 0, 0, NULL, NULL, NULL, NULL, '2024-09-30', '20:00:00', NULL, NULL, '2024-10-02 14:43:58', 3268, 1, NULL, NULL),
(963, 1, 144, 'CSR10', 0, NULL, '24260994', 0, 0, NULL, NULL, NULL, NULL, '2024-09-30', '21:00:00', NULL, NULL, '2024-10-02 14:43:50', 3267, 1, NULL, NULL),
(964, 1, 144, 'CSR10', 0, NULL, '242609100', 0, 0, NULL, NULL, NULL, NULL, '2024-09-30', '22:00:00', NULL, NULL, '2024-10-02 14:43:36', 3266, 1, NULL, NULL),
(965, 1, 144, 'CSR10', 0, NULL, '242609106', 0, 0, NULL, NULL, NULL, NULL, '2024-09-30', '23:00:00', NULL, NULL, '2024-10-02 14:43:29', 3265, 1, NULL, NULL),
(966, 1, 144, 'CSR10', 0, NULL, '242609112', 0, 0, NULL, NULL, NULL, NULL, '2024-09-30', '23:00:00', NULL, NULL, '2024-10-02 14:43:21', 2016, 1, NULL, NULL),
(967, 1, 144, 'CSR10', 0, NULL, '242609118', 0, 0, NULL, NULL, NULL, NULL, '2024-09-30', '23:00:00', NULL, NULL, '2024-10-02 14:43:13', 2015, 1, NULL, NULL),
(968, 1, 144, 'CSR10', 0, NULL, '242609124', 0, 0, NULL, NULL, NULL, NULL, '2024-09-30', '23:00:00', NULL, NULL, '2024-10-02 14:43:05', 2014, 1, NULL, NULL),
(969, 1, 144, 'CSR10', 0, NULL, '242260975', 0, 0, NULL, NULL, NULL, NULL, '2024-09-30', '23:00:00', NULL, NULL, '2024-10-02 14:42:58', 2013, 1, NULL, NULL),
(970, 1, 144, 'CSR10', 0, NULL, '24260981', 0, 0, NULL, NULL, NULL, NULL, '2024-09-30', '23:00:00', NULL, NULL, '2024-10-02 14:42:49', 2012, 1, NULL, NULL),
(971, 1, 144, 'CSR10', 0, NULL, '24260987', 0, 0, NULL, NULL, NULL, NULL, '2024-09-30', '23:00:00', NULL, NULL, '2024-10-02 14:42:41', 2011, 1, NULL, NULL),
(972, 1, 144, 'CSR10', 0, NULL, '24260993', 0, 0, NULL, NULL, NULL, NULL, '2024-09-30', '23:00:00', NULL, NULL, '2024-10-02 14:42:33', 2010, 1, NULL, NULL),
(973, 1, 144, 'CSR10', 0, NULL, '24260999', 0, 0, NULL, NULL, NULL, NULL, '2024-09-30', '23:00:00', NULL, NULL, '2024-10-02 14:42:25', 2009, 1, NULL, NULL),
(974, 1, 144, 'CSR10', 0, NULL, '242609105', 0, 0, NULL, NULL, NULL, NULL, '2024-09-30', '23:00:00', NULL, NULL, '2024-10-02 14:42:17', 2008, 1, NULL, NULL),
(975, 1, 144, 'CSR10', 0, NULL, '242609111', 0, 0, NULL, NULL, NULL, NULL, '2024-09-30', '23:00:00', NULL, NULL, '2024-10-02 14:42:08', 2007, 1, NULL, NULL),
(976, 1, 144, 'CSR10', 0, NULL, '242609117', 0, 0, NULL, NULL, NULL, NULL, '2024-09-30', '23:00:00', NULL, NULL, '2024-10-02 14:41:59', 2006, 1, NULL, NULL),
(977, 1, 144, 'CSR10', 0, NULL, '242609123', 0, 0, NULL, NULL, NULL, NULL, '2024-09-30', '23:00:00', NULL, NULL, '2024-10-02 14:41:50', 2005, 1, NULL, NULL),
(978, 1, 144, 'CSR10', 0, NULL, '24260974', 0, 0, NULL, NULL, NULL, NULL, '2024-09-30', '00:00:00', NULL, NULL, '2024-10-02 14:41:41', 2004, 1, NULL, NULL),
(979, 1, 144, 'CSR10', 0, NULL, '24260980', 0, 0, NULL, NULL, NULL, NULL, '2024-09-30', '01:00:00', NULL, NULL, '2024-10-02 14:41:31', 2003, 1, NULL, NULL),
(980, 1, 144, 'CSR10', 0, NULL, '24260986', 0, 0, NULL, NULL, NULL, NULL, '2024-09-30', '02:00:00', NULL, NULL, '2024-10-02 14:41:15', 2002, 1, NULL, NULL),
(981, 1, 144, 'CSR10', 0, NULL, '24260992', 0, 0, NULL, NULL, NULL, NULL, '2024-09-30', '03:00:00', NULL, NULL, '2024-10-02 14:40:59', 2001, 1, NULL, NULL),
(982, 1, 144, 'CSR10', 0, NULL, '24260998', 0, 0, NULL, NULL, NULL, NULL, '2024-09-30', '04:00:00', NULL, NULL, '2024-10-02 14:40:44', 2000, 1, NULL, NULL),
(983, 1, 144, 'CSR10', 0, NULL, '242609104', 0, 0, NULL, NULL, NULL, NULL, '2024-09-30', '05:00:00', NULL, NULL, '2024-10-02 14:40:35', 1999, 1, NULL, NULL),
(984, 1, 144, 'CSR10', 0, NULL, '242609110', 0, 0, NULL, NULL, NULL, NULL, '2024-09-30', '06:00:00', NULL, NULL, '2024-10-02 14:40:22', 1998, 1, NULL, NULL),
(985, 1, 144, 'CSR10', 0, NULL, '242609116', 0, 0, NULL, NULL, NULL, NULL, '2024-09-30', '07:00:00', NULL, NULL, '2024-10-02 14:40:14', 1997, 1, NULL, NULL),
(986, 1, 144, 'CSR10', 0, NULL, '242609122', 0, 0, NULL, NULL, NULL, NULL, '2024-09-30', '08:00:00', NULL, NULL, '2024-10-02 14:40:05', 1996, 1, NULL, NULL),
(987, 1, 144, 'CSR10', 0, NULL, '24260973', 0, 0, NULL, NULL, NULL, NULL, '2024-09-30', '09:00:00', NULL, NULL, '2024-10-02 14:39:57', 1995, 1, NULL, NULL),
(988, 1, 144, 'CSR10', 0, NULL, '24260979', 0, 0, NULL, NULL, NULL, NULL, '2024-09-30', '10:00:00', NULL, NULL, '2024-10-02 14:39:45', 1994, 1, NULL, NULL),
(989, 1, 144, 'CSR10', 0, NULL, '24260985', 0, 0, NULL, NULL, NULL, NULL, '2024-09-30', '11:00:00', NULL, NULL, '2024-10-02 14:39:30', 1993, 1, NULL, NULL),
(990, 1, 144, 'CSR10', 0, NULL, '24260991', 0, 0, NULL, NULL, NULL, NULL, '2024-09-30', '12:00:00', NULL, NULL, '2024-10-02 14:39:22', 1992, 1, NULL, NULL),
(991, 1, 144, 'CSR10', 0, NULL, '24260997', 0, 0, NULL, NULL, NULL, NULL, '2024-09-30', '13:00:00', NULL, NULL, '2024-10-02 14:39:15', 1991, 1, NULL, NULL),
(992, 1, 144, 'CSR10', 0, NULL, '242609103', 0, 0, NULL, NULL, NULL, NULL, '2024-09-30', '14:00:00', NULL, NULL, '2024-10-02 14:39:07', 1990, 1, NULL, NULL),
(993, 1, 144, 'CSR10', 0, NULL, '242609109', 0, 0, NULL, NULL, NULL, NULL, '2024-09-30', '15:00:00', NULL, NULL, '2024-10-02 14:38:54', 1989, 1, NULL, NULL),
(994, 1, 144, 'CSR10', 0, NULL, '242609115', 0, 0, NULL, NULL, NULL, NULL, '2024-09-30', '16:00:00', NULL, NULL, '2024-10-02 14:38:40', 1988, 1, NULL, NULL),
(995, 1, 144, 'CSR10', 0, NULL, '242609121', 0, 0, NULL, NULL, NULL, NULL, '2024-09-30', '17:00:00', NULL, NULL, '2024-10-02 14:38:33', 1987, 1, NULL, NULL),
(996, 1, 144, 'CSR10', 0, NULL, '24260971', 0, 0, NULL, NULL, NULL, NULL, '2024-09-30', '18:00:00', NULL, NULL, '2024-10-02 14:38:25', 1986, 1, NULL, NULL),
(997, 1, 144, 'CSR10', 0, NULL, '24260977', 0, 0, NULL, NULL, NULL, NULL, '2024-09-30', '19:00:00', NULL, NULL, '2024-10-02 14:38:13', 1985, 1, NULL, NULL),
(998, 1, 144, 'CSR10', 0, NULL, '24260983', 0, 0, NULL, NULL, NULL, NULL, '2024-09-30', '20:00:00', NULL, NULL, '2024-10-02 14:37:59', 1984, 1, NULL, NULL),
(999, 1, 144, 'CSR10', 0, NULL, '24260989', 0, 0, NULL, NULL, NULL, NULL, '2024-09-30', '21:00:00', NULL, NULL, '2024-10-02 14:37:51', 1983, 1, NULL, NULL),
(1000, 1, 144, 'CSR10', 0, NULL, '24260995', 0, 0, NULL, NULL, NULL, NULL, '2024-09-30', '22:00:00', NULL, NULL, '2024-10-02 14:37:44', 1982, 1, NULL, NULL),
(1001, 1, 144, 'CSR10', 0, NULL, '242609101', 0, 0, NULL, NULL, NULL, NULL, '2024-09-30', '23:00:00', NULL, NULL, '2024-10-02 14:37:36', 1981, 1, NULL, NULL);
INSERT INTO `batches` (`id`, `bale_status`, `bale_count`, `expected_grade`, `batch_number`, `link`, `batch_code`, `exported`, `checked`, `export_location`, `date_export`, `sample_cut_number`, `packaging_type`, `date`, `time`, `storage_location`, `created_at`, `updated_at`, `warehouse_id`, `company_id`, `shipment_id`, `warehouse_bhck_id`) VALUES
(1002, 1, 144, 'CSR10', 0, NULL, '242609107', 0, 0, NULL, NULL, NULL, NULL, '2024-09-30', '00:00:00', NULL, NULL, '2024-10-02 14:37:22', 1980, 1, NULL, NULL),
(1003, 1, 144, 'CSR10', 0, NULL, '242609113', 0, 0, NULL, NULL, NULL, NULL, '2024-09-30', '01:00:00', NULL, NULL, '2024-10-02 14:37:03', 1979, 1, NULL, NULL),
(1004, 1, 144, 'CSR10', 0, NULL, '242609119', 0, 0, NULL, NULL, NULL, NULL, '2024-09-30', '02:00:00', NULL, NULL, '2024-10-02 14:36:55', 1978, 1, NULL, NULL),
(1005, 1, 144, 'CSR10', 0, NULL, '24260971', 0, 0, NULL, NULL, NULL, NULL, '2024-09-30', '03:00:00', NULL, NULL, '2024-10-02 14:36:40', 1977, 1, NULL, NULL),
(1006, 1, 144, 'CSR10', 0, NULL, '24260977', 0, 0, NULL, NULL, NULL, NULL, '2024-09-30', '04:00:00', NULL, NULL, '2024-10-02 14:36:19', 1976, 1, NULL, NULL),
(1007, 1, 144, 'CSR10', 0, NULL, '24260983', 0, 0, NULL, NULL, NULL, NULL, '2024-09-30', '05:00:00', NULL, NULL, '2024-10-02 14:32:19', 1975, 1, NULL, NULL),
(1008, 1, 144, 'CSR10', 0, NULL, '24260989', 0, 0, NULL, NULL, NULL, NULL, '2024-09-30', '06:00:00', NULL, NULL, '2024-10-02 14:32:11', 1974, 1, NULL, NULL),
(1009, 1, 144, 'CSR10', 0, NULL, '24260995', 0, 0, NULL, NULL, NULL, NULL, '2024-09-30', '07:00:00', NULL, NULL, '2024-10-02 14:32:01', 1973, 1, NULL, NULL),
(1010, 1, 144, 'CSR10', 0, NULL, '242609101', 0, 0, NULL, NULL, NULL, NULL, '2024-09-30', '08:00:00', NULL, NULL, '2024-10-02 14:31:51', 1972, 1, NULL, NULL),
(1011, 1, 144, 'CSR10', 0, NULL, '242609107', 0, 0, NULL, NULL, NULL, NULL, '2024-09-30', '09:00:00', NULL, NULL, '2024-10-02 14:31:38', 1971, 1, NULL, NULL),
(1012, 1, 144, 'CSR10', 0, NULL, '242609113', 0, 0, NULL, NULL, NULL, NULL, '2024-09-30', '10:00:00', NULL, NULL, '2024-10-02 14:31:30', 1970, 1, NULL, NULL),
(1013, 1, 144, 'CSR10', 0, NULL, '242609119', 0, 0, NULL, NULL, NULL, NULL, '2024-09-30', '11:00:00', NULL, NULL, '2024-10-02 14:30:09', 1969, 1, NULL, NULL),
(1014, 1, 72, 'CSR10', 0, NULL, '242608228', 0, 0, NULL, NULL, NULL, NULL, '2024-09-30', '18:00:00', NULL, NULL, '2024-10-02 15:01:20', 3276, 1, NULL, NULL),
(1015, 1, 72, 'CSR10', 0, NULL, '242608229', 0, 0, NULL, NULL, NULL, NULL, '2024-09-30', '19:00:00', NULL, NULL, '2024-10-02 15:01:10', 3275, 1, NULL, NULL),
(1016, 1, 72, 'CSR10', 0, NULL, '242608240', 0, 0, NULL, NULL, NULL, NULL, '2024-09-30', '20:00:00', NULL, NULL, '2024-10-02 15:00:57', 3274, 1, NULL, NULL),
(1017, 1, 72, 'CSR10', 0, NULL, '242608241', 0, 0, NULL, NULL, NULL, NULL, '2024-09-30', '21:00:00', NULL, NULL, '2024-10-02 15:00:47', 3273, 1, NULL, NULL),
(1018, 1, 72, 'CSR10', 0, NULL, '242608252', 0, 0, NULL, NULL, NULL, NULL, '2024-09-30', '22:00:00', NULL, NULL, '2024-10-02 15:00:35', 3272, 1, NULL, NULL),
(1019, 1, 72, 'CSR10', 0, NULL, '242608253', 0, 0, NULL, NULL, NULL, NULL, '2024-09-30', '23:00:00', NULL, NULL, '2024-10-02 15:00:23', 3271, 1, NULL, NULL),
(1020, 1, 72, 'CSR10', 0, NULL, '242608264', 0, 0, NULL, NULL, NULL, NULL, '2024-09-30', '23:00:00', NULL, NULL, '2024-10-02 14:59:58', 1848, 1, NULL, NULL),
(1021, 1, 72, 'CSR10', 0, NULL, '242608265', 0, 0, NULL, NULL, NULL, NULL, '2024-09-30', '23:00:00', NULL, NULL, '2024-10-02 14:59:51', 1847, 1, NULL, NULL),
(1022, 1, 72, 'CSR10', 0, NULL, '242608276', 0, 0, NULL, NULL, NULL, NULL, '2024-09-30', '23:00:00', NULL, NULL, '2024-10-02 14:59:38', 1846, 1, NULL, NULL),
(1023, 1, 72, 'CSR10', 0, NULL, '242608277', 0, 0, NULL, NULL, NULL, NULL, '2024-09-30', '23:00:00', NULL, NULL, '2024-10-02 14:59:29', 1845, 1, NULL, NULL),
(1024, 1, 72, 'CSR10', 0, NULL, '242608230', 0, 0, NULL, NULL, NULL, NULL, '2024-09-30', '23:00:00', NULL, NULL, '2024-10-02 14:59:21', 1844, 1, NULL, NULL),
(1025, 1, 72, 'CSR10', 0, NULL, '242608231', 0, 0, NULL, NULL, NULL, NULL, '2024-09-30', '23:00:00', NULL, NULL, '2024-10-02 14:59:12', 1843, 1, NULL, NULL),
(1026, 1, 72, 'CSR10', 0, NULL, '242608242', 0, 0, NULL, NULL, NULL, NULL, '2024-09-30', '23:00:00', NULL, NULL, '2024-10-02 14:59:03', 1842, 1, NULL, NULL),
(1027, 1, 72, 'CSR10', 0, NULL, '242608242', 0, 0, NULL, NULL, NULL, NULL, '2024-09-30', '23:00:00', NULL, NULL, '2024-10-02 14:58:55', 1841, 1, NULL, NULL),
(1028, 1, 72, 'CSR10', 0, NULL, '242608254', 0, 0, NULL, NULL, NULL, NULL, '2024-09-30', '23:00:00', NULL, NULL, '2024-10-02 14:58:46', 1840, 1, NULL, NULL),
(1029, 1, 72, 'CSR10', 0, NULL, '242608255', 0, 0, NULL, NULL, NULL, NULL, '2024-09-30', '23:00:00', NULL, NULL, '2024-10-02 14:58:39', 1839, 1, NULL, NULL),
(1030, 1, 72, 'CSR10', 0, NULL, '242608266', 0, 0, NULL, NULL, NULL, NULL, '2024-09-30', '23:00:00', NULL, NULL, '2024-10-02 14:58:30', 1838, 1, NULL, NULL),
(1031, 1, 72, 'CSR10', 0, NULL, '242608267', 0, 0, NULL, NULL, NULL, NULL, '2024-09-30', '23:00:00', NULL, NULL, '2024-10-02 14:58:21', 1837, 1, NULL, NULL),
(1032, 1, 72, 'CSR10', 0, NULL, '242608278', 0, 0, NULL, NULL, NULL, NULL, '2024-09-30', '00:00:00', NULL, NULL, '2024-10-02 14:58:12', 1836, 1, NULL, NULL),
(1033, 1, 72, 'CSR10', 0, NULL, '242608279', 0, 0, NULL, NULL, NULL, NULL, '2024-09-30', '01:00:00', NULL, NULL, '2024-10-02 14:58:03', 1835, 1, NULL, NULL),
(1034, 1, 72, 'CSR10', 0, NULL, '242608232', 0, 0, NULL, NULL, NULL, NULL, '2024-09-30', '02:00:00', NULL, NULL, '2024-10-02 14:57:49', 1834, 1, NULL, NULL),
(1035, 1, 72, 'CSR10', 0, NULL, '242608233', 0, 0, NULL, NULL, NULL, NULL, '2024-09-30', '03:00:00', NULL, NULL, '2024-10-02 14:57:40', 1833, 1, NULL, NULL),
(1036, 1, 72, 'CSR10', 0, NULL, '242608244', 0, 0, NULL, NULL, NULL, NULL, '2024-09-30', '04:00:00', NULL, NULL, '2024-10-02 14:57:32', 1832, 1, NULL, NULL),
(1037, 1, 72, 'CSR10', 0, NULL, '242608245', 0, 0, NULL, NULL, NULL, NULL, '2024-09-30', '05:00:00', NULL, NULL, '2024-10-02 14:57:24', 1831, 1, NULL, NULL),
(1038, 1, 72, 'CSR10', 0, NULL, '242608256', 0, 0, NULL, NULL, NULL, NULL, '2024-09-30', '06:00:00', NULL, NULL, '2024-10-02 14:57:16', 1830, 1, NULL, NULL),
(1039, 1, 72, 'CSR10', 0, NULL, '242608257', 0, 0, NULL, NULL, NULL, NULL, '2024-09-30', '07:00:00', NULL, NULL, '2024-10-02 14:57:08', 1829, 1, NULL, NULL),
(1040, 1, 72, 'CSR10', 0, NULL, '242608268', 0, 0, NULL, NULL, NULL, NULL, '2024-09-30', '08:00:00', NULL, NULL, '2024-10-02 14:57:00', 1828, 1, NULL, NULL),
(1041, 1, 72, 'CSR10', 0, NULL, '242608269', 0, 0, NULL, NULL, NULL, NULL, '2024-09-30', '09:00:00', NULL, NULL, '2024-10-02 14:56:42', 1827, 1, NULL, NULL),
(1042, 1, 72, 'CSR10', 0, NULL, '242608280', 0, 0, NULL, NULL, NULL, NULL, '2024-09-30', '10:00:00', NULL, NULL, '2024-10-02 14:56:25', 1826, 1, NULL, NULL),
(1043, 1, 72, 'CSR10', 0, NULL, '242608281', 0, 0, NULL, NULL, NULL, NULL, '2024-09-30', '11:00:00', NULL, NULL, '2024-10-02 14:56:11', 1825, 1, NULL, NULL),
(1044, 1, 72, 'CSR10', 0, NULL, '242608234', 0, 0, NULL, NULL, NULL, NULL, '2024-09-30', '12:00:00', NULL, NULL, '2024-10-02 14:55:58', 1824, 1, NULL, NULL),
(1045, 1, 72, 'CSR10', 0, NULL, '242608235', 0, 0, NULL, NULL, NULL, NULL, '2024-09-30', '13:00:00', NULL, NULL, '2024-10-02 14:55:44', 1823, 1, NULL, NULL),
(1046, 1, 72, 'CSR10', 0, NULL, '242608246', 0, 0, NULL, NULL, NULL, NULL, '2024-09-30', '14:00:00', NULL, NULL, '2024-10-02 14:55:31', 1822, 1, NULL, NULL),
(1047, 1, 72, 'CSR10', 0, NULL, '242608247', 0, 0, NULL, NULL, NULL, NULL, '2024-09-30', '15:00:00', NULL, NULL, '2024-10-02 14:55:23', 1821, 1, NULL, NULL),
(1048, 1, 72, 'CSR10', 0, NULL, '242608258', 0, 0, NULL, NULL, NULL, NULL, '2024-09-30', '16:00:00', NULL, NULL, '2024-10-02 14:55:16', 1820, 1, NULL, NULL),
(1049, 1, 72, 'CSR10', 0, NULL, '242608259', 0, 0, NULL, NULL, NULL, NULL, '2024-09-30', '17:00:00', NULL, NULL, '2024-10-02 14:55:08', 1819, 1, NULL, NULL),
(1050, 1, 72, 'CSR10', 0, NULL, '242608270', 0, 0, NULL, NULL, NULL, NULL, '2024-09-30', '18:00:00', NULL, NULL, '2024-10-02 14:55:00', 1818, 1, NULL, NULL),
(1051, 1, 72, 'CSR10', 0, NULL, '242608271', 0, 0, NULL, NULL, NULL, NULL, '2024-09-30', '19:00:00', NULL, NULL, '2024-10-02 14:54:50', 1817, 1, NULL, NULL),
(1052, 1, 72, 'CSR10', 0, NULL, '242608282', 0, 0, NULL, NULL, NULL, NULL, '2024-09-30', '20:00:00', NULL, NULL, '2024-10-02 14:54:30', 1816, 1, NULL, NULL),
(1053, 1, 72, 'CSR10', 0, NULL, '242608283', 0, 0, NULL, NULL, NULL, NULL, '2024-09-30', '21:00:00', NULL, NULL, '2024-10-02 14:54:21', 1815, 1, NULL, NULL),
(1054, 1, 72, 'CSR10', 0, NULL, '242608236', 0, 0, NULL, NULL, NULL, NULL, '2024-09-30', '22:00:00', NULL, NULL, '2024-10-02 14:54:12', 1814, 1, NULL, NULL),
(1055, 1, 72, 'CSR10', 0, NULL, '242608237', 0, 0, NULL, NULL, NULL, NULL, '2024-09-30', '23:00:00', NULL, NULL, '2024-10-02 14:54:05', 1813, 1, NULL, NULL),
(1056, 1, 72, 'CSR10', 0, NULL, '242608248', 0, 0, NULL, NULL, NULL, NULL, '2024-09-30', '00:00:00', NULL, NULL, '2024-10-02 14:53:56', 1812, 1, NULL, NULL),
(1057, 1, 72, 'CSR10', 0, NULL, '242608249', 0, 0, NULL, NULL, NULL, NULL, '2024-09-30', '01:00:00', NULL, NULL, '2024-10-02 14:53:48', 1811, 1, NULL, NULL),
(1058, 1, 72, 'CSR10', 0, NULL, '242608260', 0, 0, NULL, NULL, NULL, NULL, '2024-09-30', '02:00:00', NULL, NULL, '2024-10-02 14:53:34', 1810, 1, NULL, NULL),
(1059, 1, 72, 'CSR10', 0, NULL, '242608261', 0, 0, NULL, NULL, NULL, NULL, '2024-09-30', '03:00:00', NULL, NULL, '2024-10-02 14:53:26', 1809, 1, NULL, NULL),
(1060, 1, 72, 'CSR10', 0, NULL, '242608272', 0, 0, NULL, NULL, NULL, NULL, '2024-09-30', '04:00:00', NULL, NULL, '2024-10-02 14:53:17', 1808, 1, NULL, NULL),
(1061, 1, 72, 'CSR10', 0, NULL, '242608273', 0, 0, NULL, NULL, NULL, NULL, '2024-09-30', '05:00:00', NULL, NULL, '2024-10-02 14:53:06', 1807, 1, NULL, NULL),
(1062, 1, 72, 'CSR10', 0, NULL, '242608284', 0, 0, NULL, NULL, NULL, NULL, '2024-09-30', '06:00:00', NULL, NULL, '2024-10-02 14:52:58', 1806, 1, NULL, NULL),
(1063, 1, 72, 'CSR10', 0, NULL, '242608285', 0, 0, NULL, NULL, NULL, NULL, '2024-09-30', '07:00:00', NULL, NULL, '2024-10-02 14:52:49', 1805, 1, NULL, NULL),
(1064, 1, 72, 'CSR10', 0, NULL, '242608238', 0, 0, NULL, NULL, NULL, NULL, '2024-09-30', '08:00:00', NULL, NULL, '2024-10-02 14:52:41', 1804, 1, NULL, NULL),
(1065, 1, 72, 'CSR10', 0, NULL, '242608239', 0, 0, NULL, NULL, NULL, NULL, '2024-09-30', '09:00:00', NULL, NULL, '2024-10-02 14:52:18', 1803, 1, NULL, NULL),
(1066, 1, 72, 'CSR10', 0, NULL, '242608250', 0, 0, NULL, NULL, NULL, NULL, '2024-09-30', '10:00:00', NULL, NULL, '2024-10-02 14:52:04', 1802, 1, NULL, NULL),
(1067, 1, 72, 'CSR10', 0, NULL, '242608251', 0, 0, NULL, NULL, NULL, NULL, '2024-09-30', '11:00:00', NULL, NULL, '2024-10-02 14:51:56', 1801, 1, NULL, NULL),
(1068, 1, 72, 'CSR10', 0, NULL, '242608262', 0, 0, NULL, NULL, NULL, NULL, '2024-09-30', '12:00:00', NULL, NULL, '2024-10-02 15:06:27', 3282, 1, NULL, NULL),
(1069, 1, 72, 'CSR10', 0, NULL, '242608263', 0, 0, NULL, NULL, NULL, NULL, '2024-09-30', '13:00:00', NULL, NULL, '2024-10-02 15:06:13', 3281, 1, NULL, NULL),
(1070, 1, 72, 'CSR10', 0, NULL, '242608274', 0, 0, NULL, NULL, NULL, NULL, '2024-09-30', '14:00:00', NULL, NULL, '2024-10-02 15:05:55', 3280, 1, NULL, NULL),
(1071, 1, 72, 'CSR10', 0, NULL, '242608275', 0, 0, NULL, NULL, NULL, NULL, '2024-09-30', '15:00:00', NULL, NULL, '2024-10-02 15:05:46', 3279, 1, NULL, NULL),
(1072, 1, 72, 'CSR10', 0, NULL, '242608286', 0, 0, NULL, NULL, NULL, NULL, '2024-09-30', '16:00:00', NULL, NULL, '2024-10-02 15:05:31', 3278, 1, NULL, NULL),
(1073, 1, 72, 'CSR10', 0, NULL, '242608287', 0, 0, NULL, NULL, NULL, NULL, '2024-09-30', '17:00:00', NULL, NULL, '2024-10-02 15:05:02', 3277, 1, NULL, NULL),
(1074, 1, 144, 'CSR10', 0, NULL, '24260950', 0, 0, NULL, NULL, NULL, NULL, '2024-09-30', '18:00:00', NULL, NULL, '2024-10-02 15:12:22', 3300, 1, NULL, NULL),
(1075, 1, 144, 'CSR10', 0, NULL, '24260944', 0, 0, NULL, NULL, NULL, NULL, '2024-09-30', '19:00:00', NULL, NULL, '2024-10-02 15:12:13', 3299, 1, NULL, NULL),
(1076, 1, 144, 'CSR10', 0, NULL, '24260938', 0, 0, NULL, NULL, NULL, NULL, '2024-09-30', '20:00:00', NULL, NULL, '2024-10-02 15:12:04', 3298, 1, NULL, NULL),
(1077, 1, 144, 'CSR10', 0, NULL, '24260951', 0, 0, NULL, NULL, NULL, NULL, '2024-09-30', '21:00:00', NULL, NULL, '2024-10-02 15:11:46', 3297, 1, NULL, NULL),
(1078, 1, 144, 'CSR10', 0, NULL, '24260945', 0, 0, NULL, NULL, NULL, NULL, '2024-09-30', '22:00:00', NULL, NULL, '2024-10-02 15:11:36', 3296, 1, NULL, NULL),
(1079, 1, 144, 'CSR10', 0, NULL, '24260939', 0, 0, NULL, NULL, NULL, NULL, '2024-09-30', '23:00:00', NULL, NULL, '2024-10-02 15:11:26', 3295, 1, NULL, NULL),
(1080, 1, 144, 'CSR10', 0, NULL, '24260952', 0, 0, NULL, NULL, NULL, NULL, '2024-09-30', '23:00:00', NULL, NULL, '2024-10-02 15:11:15', 3294, 1, NULL, NULL),
(1081, 1, 144, 'CSR10', 0, NULL, '24260946', 0, 0, NULL, NULL, NULL, NULL, '2024-09-30', '23:00:00', NULL, NULL, '2024-10-02 15:10:57', 3293, 1, NULL, NULL),
(1082, 1, 144, 'CSR10', 0, NULL, '24260940', 0, 0, NULL, NULL, NULL, NULL, '2024-09-30', '23:00:00', NULL, NULL, '2024-10-02 15:10:41', 3292, 1, NULL, NULL),
(1083, 1, 144, 'CSR10', 0, NULL, '24260953', 0, 0, NULL, NULL, NULL, NULL, '2024-09-30', '23:00:00', NULL, NULL, '2024-10-02 15:10:23', 3291, 1, NULL, NULL),
(1084, 1, 144, 'CSR10', 0, NULL, '24260947', 0, 0, NULL, NULL, NULL, NULL, '2024-09-30', '23:00:00', NULL, NULL, '2024-10-02 15:10:14', 3290, 1, NULL, NULL),
(1085, 1, 144, 'CSR10', 0, NULL, '24260941', 0, 0, NULL, NULL, NULL, NULL, '2024-09-30', '23:00:00', NULL, NULL, '2024-10-02 15:10:03', 3289, 1, NULL, NULL),
(1086, 1, 144, 'CSR10', 0, NULL, '24260954', 0, 0, NULL, NULL, NULL, NULL, '2024-09-30', '23:00:00', NULL, NULL, '2024-10-02 15:09:48', 3288, 1, NULL, NULL),
(1087, 1, 144, 'CSR10', 0, NULL, '24260948', 0, 0, NULL, NULL, NULL, NULL, '2024-09-30', '23:00:00', NULL, NULL, '2024-10-02 15:09:30', 3287, 1, NULL, NULL),
(1088, 1, 144, 'CSR10', 0, NULL, '24260942', 0, 0, NULL, NULL, NULL, NULL, '2024-09-30', '23:00:00', NULL, NULL, '2024-10-02 15:09:19', 3286, 1, NULL, NULL),
(1089, 1, 144, 'CSR10', 0, NULL, '24260955', 0, 0, NULL, NULL, NULL, NULL, '2024-09-30', '23:00:00', NULL, NULL, '2024-10-02 15:09:09', 3285, 1, NULL, NULL),
(1090, 1, 144, 'CSR10', 0, NULL, '24260949', 0, 0, NULL, NULL, NULL, NULL, '2024-09-30', '23:00:00', NULL, NULL, '2024-10-02 15:09:00', 3284, 1, NULL, NULL),
(1091, 1, 144, 'CSR10', 0, NULL, '24260943', 0, 0, NULL, NULL, NULL, NULL, '2024-09-30', '23:00:00', NULL, NULL, '2024-10-02 15:08:31', 3283, 1, NULL, NULL),
(1092, 1, 72, 'CSR10', 0, NULL, '242608190', 0, 0, NULL, NULL, NULL, NULL, '2024-09-30', '18:00:00', NULL, NULL, '2024-10-02 15:19:49', 1854, 1, NULL, NULL),
(1093, 1, 72, 'CSR10', 0, NULL, '242609191', 0, 0, NULL, NULL, NULL, NULL, '2024-09-30', '19:00:00', NULL, NULL, '2024-10-02 15:19:35', 1853, 1, NULL, NULL),
(1094, 1, 72, 'CSR10', 0, NULL, '242608192', 0, 0, NULL, NULL, NULL, NULL, '2024-09-30', '20:00:00', NULL, NULL, '2024-10-02 15:19:26', 1852, 1, NULL, NULL),
(1095, 1, 72, 'CSR10', 0, NULL, '242609193', 0, 0, NULL, NULL, NULL, NULL, '2024-09-30', '21:00:00', NULL, NULL, '2024-10-02 15:19:12', 1851, 1, NULL, NULL),
(1096, 1, 72, 'CSR10', 0, NULL, '242608194', 0, 0, NULL, NULL, NULL, NULL, '2024-09-30', '22:00:00', NULL, NULL, '2024-10-02 15:19:02', 1850, 1, NULL, NULL),
(1097, 1, 72, 'CSR10', 0, NULL, '242609195', 0, 0, NULL, NULL, NULL, NULL, '2024-09-30', '23:00:00', NULL, NULL, '2024-10-02 15:18:53', 1849, 1, NULL, NULL),
(1098, 1, 144, 'CSR10', 0, NULL, '24230974', 0, 0, NULL, NULL, NULL, NULL, '2024-09-30', '18:00:00', NULL, NULL, '2024-10-02 15:35:19', 1910, 1, NULL, NULL),
(1099, 1, 144, 'CSR10', 0, NULL, '24230968', 0, 0, NULL, NULL, NULL, NULL, '2024-09-30', '19:00:00', NULL, NULL, '2024-10-02 15:35:04', 1909, 1, NULL, NULL),
(1100, 1, 144, 'CSR10', 0, NULL, '24230962', 0, 0, NULL, NULL, NULL, NULL, '2024-09-30', '20:00:00', NULL, NULL, '2024-10-02 15:34:55', 1908, 1, NULL, NULL),
(1101, 1, 144, 'CSR10', 0, NULL, '24230956', 0, 0, NULL, NULL, NULL, NULL, '2024-09-30', '21:00:00', NULL, NULL, '2024-10-02 15:34:45', 1907, 1, NULL, NULL),
(1102, 1, 144, 'CSR10', 0, NULL, '24230950', 0, 0, NULL, NULL, NULL, NULL, '2024-09-30', '22:00:00', NULL, NULL, '2024-10-02 15:34:36', 1906, 1, NULL, NULL),
(1103, 1, 144, 'CSR10', 0, NULL, '24230944', 0, 0, NULL, NULL, NULL, NULL, '2024-09-30', '23:00:00', NULL, NULL, '2024-10-02 15:34:21', 1905, 1, NULL, NULL),
(1104, NULL, 144, 'CSR10', 0, NULL, '24230938', 0, 0, NULL, NULL, NULL, NULL, '2024-09-30', '00:00:00', NULL, NULL, '2024-10-02 15:34:08', 1904, 1, NULL, NULL),
(1105, NULL, 144, 'CSR10', 0, NULL, '24230933', 0, 0, NULL, NULL, NULL, NULL, '2024-09-30', '01:00:00', NULL, NULL, '2024-10-02 15:33:58', 1903, 1, NULL, NULL),
(1106, NULL, 144, 'CSR10', 0, NULL, '24260938', 0, 0, NULL, NULL, NULL, NULL, '2024-09-30', '02:00:00', NULL, NULL, '2024-10-02 15:33:48', 1902, 1, NULL, NULL),
(1107, NULL, 144, 'CSR10', 0, NULL, '24230969', 0, 0, NULL, NULL, NULL, NULL, '2024-09-30', '03:00:00', NULL, NULL, '2024-10-02 15:33:38', 1901, 1, NULL, NULL),
(1108, NULL, 144, 'CSR10', 0, NULL, '24230963', 0, 0, NULL, NULL, NULL, NULL, '2024-09-30', '04:00:00', NULL, NULL, '2024-10-02 15:33:29', 1900, 1, NULL, NULL),
(1109, NULL, 144, 'CSR10', 0, NULL, '24230957', 0, 0, NULL, NULL, NULL, NULL, '2024-09-30', '05:00:00', NULL, NULL, '2024-10-02 15:33:20', 1899, 1, NULL, NULL),
(1110, NULL, 144, 'CSR10', 0, NULL, '24230951', 0, 0, NULL, NULL, NULL, NULL, '2024-09-30', '06:00:00', NULL, NULL, '2024-10-02 15:33:05', 1898, 1, NULL, NULL),
(1111, NULL, 144, 'CSR10', 0, NULL, '24230945', 0, 0, NULL, NULL, NULL, NULL, '2024-09-30', '07:00:00', NULL, NULL, '2024-10-02 15:32:51', 1897, 1, NULL, NULL),
(1112, NULL, 144, 'CSR10', 0, NULL, '24230939', 0, 0, NULL, NULL, NULL, NULL, '2024-09-30', '08:00:00', NULL, NULL, '2024-10-02 15:32:40', 1896, 1, NULL, NULL),
(1113, NULL, 144, 'CSR10', 0, NULL, '24230939', 0, 0, NULL, NULL, NULL, NULL, '2024-09-30', '09:00:00', NULL, NULL, '2024-10-02 15:32:29', 1895, 1, NULL, NULL),
(1114, NULL, 144, 'CSR10', 0, NULL, '24230970', 0, 0, NULL, NULL, NULL, NULL, '2024-09-30', '10:00:00', NULL, NULL, '2024-10-02 15:32:18', 1894, 1, NULL, NULL),
(1115, NULL, 144, 'CSR10', 0, NULL, '24230964', 0, 0, NULL, NULL, NULL, NULL, '2024-09-30', '11:00:00', NULL, NULL, '2024-10-02 15:32:10', 1893, 1, NULL, NULL),
(1116, NULL, 144, 'CSR10', 0, NULL, '24230958', 0, 0, NULL, NULL, NULL, NULL, '2024-09-30', '12:00:00', NULL, NULL, '2024-10-02 15:32:01', 1892, 1, NULL, NULL),
(1117, NULL, 144, 'CSR10', 0, NULL, '24230952', 0, 0, NULL, NULL, NULL, NULL, '2024-09-30', '13:00:00', NULL, NULL, '2024-10-02 15:31:46', 1891, 1, NULL, NULL),
(1118, NULL, 144, 'CSR10', 0, NULL, '24230946', 0, 0, NULL, NULL, NULL, NULL, '2024-09-30', '14:00:00', NULL, NULL, '2024-10-02 15:31:37', 1890, 1, NULL, NULL),
(1119, NULL, 144, 'CSR10', 0, NULL, '24230940', 0, 0, NULL, NULL, NULL, NULL, '2024-09-30', '15:00:00', NULL, NULL, '2024-10-02 15:31:28', 1889, 1, NULL, NULL),
(1120, NULL, 144, 'CSR10', 0, NULL, '24230935', 0, 0, NULL, NULL, NULL, NULL, '2024-09-30', '16:00:00', NULL, NULL, '2024-10-02 15:31:13', 1888, 1, NULL, NULL),
(1121, NULL, 144, 'CSR10', 0, NULL, '24230971', 0, 0, NULL, NULL, NULL, NULL, '2024-09-30', '17:00:00', NULL, NULL, '2024-10-02 15:31:03', 1887, 1, NULL, NULL),
(1122, NULL, 144, 'CSR10', 0, NULL, '24230965', 0, 0, NULL, NULL, NULL, NULL, '2024-09-30', '18:00:00', NULL, NULL, '2024-10-02 15:30:51', 1886, 1, NULL, NULL),
(1123, NULL, 144, 'CSR10', 0, NULL, '24230959', 0, 0, NULL, NULL, NULL, NULL, '2024-09-30', '19:00:00', NULL, NULL, '2024-10-02 15:30:33', 1885, 1, NULL, NULL),
(1124, NULL, 144, 'CSR10', 0, NULL, '24230953', 0, 0, NULL, NULL, NULL, NULL, '2024-09-30', '20:00:00', NULL, NULL, '2024-10-02 15:30:25', 1884, 1, NULL, NULL),
(1125, NULL, 144, 'CSR10', 0, NULL, '24230947', 0, 0, NULL, NULL, NULL, NULL, '2024-09-30', '21:00:00', NULL, NULL, '2024-10-02 15:30:16', 1883, 1, NULL, NULL),
(1126, NULL, 144, 'CSR10', 0, NULL, '24230941', 0, 0, NULL, NULL, NULL, NULL, '2024-09-30', '22:00:00', NULL, NULL, '2024-10-02 15:30:07', 1882, 1, NULL, NULL),
(1127, NULL, 144, 'CSR10', 0, NULL, '24230932', 0, 0, NULL, NULL, NULL, NULL, '2024-09-30', '23:00:00', NULL, NULL, '2024-10-02 15:29:58', 1881, 1, NULL, NULL),
(1128, NULL, 144, 'CSR10', 0, NULL, '24230972', 0, 0, NULL, NULL, NULL, NULL, '2024-09-30', '00:00:00', NULL, NULL, '2024-10-02 15:29:47', 1880, 1, NULL, NULL),
(1129, NULL, 144, 'CSR10', 0, NULL, '24230966', 0, 0, NULL, NULL, NULL, NULL, '2024-09-30', '01:00:00', NULL, NULL, '2024-10-02 15:29:37', 1879, 1, NULL, NULL),
(1130, NULL, 144, 'CSR10', 0, NULL, '24230960', 0, 0, NULL, NULL, NULL, NULL, '2024-09-30', '02:00:00', NULL, NULL, '2024-10-02 15:29:26', 1878, 1, NULL, NULL),
(1131, NULL, 144, 'CSR10', 0, NULL, '24230954', 0, 0, NULL, NULL, NULL, NULL, '2024-09-30', '03:00:00', NULL, NULL, '2024-10-02 15:29:15', 1877, 1, NULL, NULL),
(1132, NULL, 144, 'CSR10', 0, NULL, '24230948', 0, 0, NULL, NULL, NULL, NULL, '2024-09-30', '04:00:00', NULL, NULL, '2024-10-02 15:28:57', 1876, 1, NULL, NULL),
(1133, NULL, 144, 'CSR10', 0, NULL, '24230942', 0, 0, NULL, NULL, NULL, NULL, '2024-09-30', '05:00:00', NULL, NULL, '2024-10-02 15:28:48', 1875, 1, NULL, NULL),
(1134, NULL, 144, 'CSR10', 0, NULL, '24230936', 0, 0, NULL, NULL, NULL, NULL, '2024-09-30', '06:00:00', NULL, NULL, '2024-10-02 15:28:39', 1874, 1, NULL, NULL),
(1135, NULL, 144, 'CSR10', 0, NULL, '24230973', 0, 0, NULL, NULL, NULL, NULL, '2024-09-30', '07:00:00', NULL, NULL, '2024-10-02 15:28:30', 1873, 1, NULL, NULL),
(1136, NULL, 144, 'CSR10', 0, NULL, '24230967', 0, 0, NULL, NULL, NULL, NULL, '2024-09-30', '08:00:00', NULL, NULL, '2024-10-02 15:28:19', 1872, 1, NULL, NULL),
(1137, NULL, 144, 'CSR10', 0, NULL, '24230961', 0, 0, NULL, NULL, NULL, NULL, '2024-09-30', '09:00:00', NULL, NULL, '2024-10-02 15:28:10', 1871, 1, NULL, NULL),
(1138, NULL, 144, 'CSR10', 0, NULL, '24230955', 0, 0, NULL, NULL, NULL, NULL, '2024-09-30', '10:00:00', NULL, NULL, '2024-10-02 15:27:59', 1870, 1, NULL, NULL),
(1139, NULL, 144, 'CSR10', 0, NULL, '24230939', 0, 0, NULL, NULL, NULL, NULL, '2024-09-30', '11:00:00', NULL, NULL, '2024-10-02 15:27:46', 1869, 1, NULL, NULL),
(1140, NULL, 144, 'CSR10', 0, NULL, '24230943', 0, 0, NULL, NULL, NULL, NULL, '2024-09-30', '12:00:00', NULL, NULL, '2024-10-02 15:27:37', 1868, 1, NULL, NULL),
(1141, NULL, 144, 'CSR10', 0, NULL, '24230937', 0, 0, NULL, NULL, NULL, NULL, '2024-09-30', '13:00:00', NULL, NULL, '2024-10-02 15:27:25', 1867, 1, NULL, NULL),
(1142, NULL, 144, 'CSR10', 0, NULL, '24230925', 0, 0, NULL, NULL, NULL, NULL, '2024-09-30', '14:00:00', NULL, NULL, '2024-10-02 15:27:14', 1866, 1, NULL, NULL),
(1143, NULL, 144, 'CSR10', 0, NULL, '24230919', 0, 0, NULL, NULL, NULL, NULL, '2024-09-30', '15:00:00', NULL, NULL, '2024-10-02 15:26:57', 1865, 1, NULL, NULL),
(1144, NULL, 144, 'CSR10', 0, NULL, '24230926', 0, 0, NULL, NULL, NULL, NULL, '2024-09-30', '16:00:00', NULL, NULL, '2024-10-02 15:26:44', 1864, 1, NULL, NULL),
(1145, NULL, 144, 'CSR10', 0, NULL, '24230920', 0, 0, NULL, NULL, NULL, NULL, '2024-09-30', '17:00:00', NULL, NULL, '2024-10-02 15:26:34', 1863, 1, NULL, NULL),
(1146, NULL, 144, 'CSR10', 0, NULL, '24230927', 0, 0, NULL, NULL, NULL, NULL, '2024-09-30', '18:00:00', NULL, NULL, '2024-10-02 15:26:23', 1862, 1, NULL, NULL),
(1147, NULL, 144, 'CSR10', 0, NULL, '24230921', 0, 0, NULL, NULL, NULL, NULL, '2024-09-30', '19:00:00', NULL, NULL, '2024-10-02 15:26:05', 1861, 1, NULL, NULL),
(1148, NULL, 144, 'CSR10', 0, NULL, '24230928', 0, 0, NULL, NULL, NULL, NULL, '2024-09-30', '20:00:00', NULL, NULL, '2024-10-02 15:25:50', 1860, 1, NULL, NULL),
(1149, NULL, 144, 'CSR10', 0, NULL, '24230922', 0, 0, NULL, NULL, NULL, NULL, '2024-09-30', '21:00:00', NULL, NULL, '2024-10-02 15:25:37', 1859, 1, NULL, NULL),
(1150, NULL, 144, 'CSR10', 0, NULL, '24230929', 0, 0, NULL, NULL, NULL, NULL, '2024-09-30', '22:00:00', NULL, NULL, '2024-10-02 15:25:17', 1858, 1, NULL, NULL),
(1151, NULL, 144, 'CSR10', 0, NULL, '24230923', 0, 0, NULL, NULL, NULL, NULL, '2024-09-30', '23:00:00', NULL, NULL, '2024-10-02 15:25:09', 1857, 1, NULL, NULL),
(1152, NULL, 144, 'CSR10', 0, NULL, '24230930', 0, 0, NULL, NULL, NULL, NULL, '2024-09-30', '00:00:00', NULL, NULL, '2024-10-02 15:24:59', 1856, 1, NULL, NULL),
(1153, NULL, 144, 'CSR10', 0, NULL, '24230924', 0, 0, NULL, NULL, NULL, NULL, '2024-09-30', '01:00:00', NULL, NULL, '2024-10-02 15:24:41', 1855, 1, NULL, NULL),
(1154, 1, 144, 'CSR10', 0, NULL, '24230932', 0, 0, NULL, NULL, NULL, NULL, '2024-09-30', '18:00:00', NULL, NULL, '2024-10-02 15:44:37', 1942, 1, NULL, NULL),
(1155, 1, 144, 'CSR10', 0, NULL, '2423097', 0, 0, NULL, NULL, NULL, NULL, '2024-09-30', '19:00:00', NULL, NULL, '2024-10-02 15:44:22', 1941, 1, NULL, NULL),
(1156, 1, 144, 'CSR10', 0, NULL, '2423091', 0, 0, NULL, NULL, NULL, NULL, '2024-09-30', '20:00:00', NULL, NULL, '2024-10-02 15:44:11', 1940, 1, NULL, NULL),
(1157, 1, 144, 'CSR10', 0, NULL, '24230913', 0, 0, NULL, NULL, NULL, NULL, '2024-09-30', '21:00:00', NULL, NULL, '2024-10-02 15:43:53', 1939, 1, NULL, NULL),
(1158, 1, 144, 'CSR10', 0, NULL, '24230933', 0, 0, NULL, NULL, NULL, NULL, '2024-09-30', '22:00:00', NULL, NULL, '2024-10-02 15:43:42', 1938, 1, NULL, NULL),
(1159, 1, 144, 'CSR10', 0, NULL, '2423098', 0, 0, NULL, NULL, NULL, NULL, '2024-09-30', '23:00:00', NULL, NULL, '2024-10-02 15:43:32', 1937, 1, NULL, NULL),
(1160, 1, 144, 'CSR10', 0, NULL, '2423092', 0, 0, NULL, NULL, NULL, NULL, '2024-09-30', '00:00:00', NULL, NULL, '2024-10-02 15:43:16', 1936, 1, NULL, NULL),
(1161, 1, 144, 'CSR10', 0, NULL, '24230914', 0, 0, NULL, NULL, NULL, NULL, '2024-09-30', '01:00:00', NULL, NULL, '2024-10-02 15:43:01', 1935, 1, NULL, NULL),
(1162, 1, 144, 'CSR10', 0, NULL, '24230935', 0, 0, NULL, NULL, NULL, NULL, '2024-09-30', '02:00:00', NULL, NULL, '2024-10-02 15:42:46', 1934, 1, NULL, NULL),
(1163, 1, 144, 'CSR10', 0, NULL, '24230910', 0, 0, NULL, NULL, NULL, NULL, '2024-09-30', '03:00:00', NULL, NULL, '2024-10-02 15:42:27', 1933, 1, NULL, NULL),
(1164, 1, 144, 'CSR10', 0, NULL, '2423094', 0, 0, NULL, NULL, NULL, NULL, '2024-09-30', '04:00:00', NULL, NULL, '2024-10-02 15:42:15', 1932, 1, NULL, NULL),
(1165, 1, 144, 'CSR10', 0, NULL, '24230916', 0, 0, NULL, NULL, NULL, NULL, '2024-09-30', '05:00:00', NULL, NULL, '2024-10-02 15:42:02', 1931, 1, NULL, NULL),
(1166, 1, 144, 'CSR10', 0, NULL, '24230935', 0, 0, NULL, NULL, NULL, NULL, '2024-09-30', '06:00:00', NULL, NULL, '2024-10-02 15:41:52', 1930, 1, NULL, NULL),
(1167, 1, 144, 'CSR10', 0, NULL, '24230910', 0, 0, NULL, NULL, NULL, NULL, '2024-09-30', '07:00:00', NULL, NULL, '2024-10-02 15:41:42', 1929, 1, NULL, NULL),
(1168, 1, 144, 'CSR10', 0, NULL, '2423094', 0, 0, NULL, NULL, NULL, NULL, '2024-09-30', '08:00:00', NULL, NULL, '2024-10-02 15:41:16', 1928, 1, NULL, NULL),
(1169, 1, 144, 'CSR10', 0, NULL, '24230916', 0, 0, NULL, NULL, NULL, NULL, '2024-09-30', '09:00:00', NULL, NULL, '2024-10-02 15:41:05', 1927, 1, NULL, NULL),
(1170, 1, 144, 'CSR10', 0, NULL, '24230911', 0, 0, NULL, NULL, NULL, NULL, '2024-09-30', '10:00:00', NULL, NULL, '2024-10-02 15:40:53', 1926, 1, NULL, NULL),
(1171, 1, 144, 'CSR10', 0, NULL, '2423095', 0, 0, NULL, NULL, NULL, NULL, '2024-09-30', '11:00:00', NULL, NULL, '2024-10-02 15:40:43', 1925, 1, NULL, NULL),
(1172, 1, 144, 'CSR10', 0, NULL, '24230917', 0, 0, NULL, NULL, NULL, NULL, '2024-09-30', '12:00:00', NULL, NULL, '2024-10-02 15:40:27', 1924, 1, NULL, NULL),
(1173, 1, 144, 'CSR10', 0, NULL, '24230912', 0, 0, NULL, NULL, NULL, NULL, '2024-09-30', '13:00:00', NULL, NULL, '2024-10-02 15:40:10', 1923, 1, NULL, NULL),
(1174, 1, 144, 'CSR10', 0, NULL, '2423096', 0, 0, NULL, NULL, NULL, NULL, '2024-09-30', '14:00:00', NULL, NULL, '2024-10-02 15:39:58', 1922, 1, NULL, NULL),
(1175, 1, 144, 'CSR10', 0, NULL, '24230918', 0, 0, NULL, NULL, NULL, NULL, '2024-09-30', '15:00:00', NULL, NULL, '2024-10-02 15:39:40', 1921, 1, NULL, NULL),
(1200, 1, 144, 'CSR10', 0, NULL, '24260962 ABCD', 0, 0, NULL, NULL, NULL, NULL, '2024-09-30', '05:00:00', NULL, NULL, '2024-10-02 15:56:41', 1947, 1, NULL, NULL),
(1201, 1, 144, 'CSR10', 0, NULL, '24260963 ABCD', 0, 0, NULL, NULL, NULL, NULL, '2024-09-30', '06:00:00', NULL, NULL, '2024-10-02 15:51:16', 1946, 1, NULL, NULL),
(1202, 1, 144, 'CSR10', 0, NULL, '24260964 ABCD', 0, 0, NULL, NULL, NULL, NULL, '2024-09-30', '07:00:00', NULL, NULL, '2024-10-02 15:50:45', 1945, 1, NULL, NULL),
(1203, 1, 144, 'CSR10', 0, NULL, '242665 ABCD', 0, 0, NULL, NULL, NULL, NULL, '2024-09-30', '08:00:00', NULL, NULL, '2024-10-02 15:50:08', 1944, 1, NULL, NULL),
(1204, 1, 144, 'CSR10', 0, NULL, '24260966 ABCD', 0, 0, NULL, NULL, NULL, NULL, '2024-09-30', '09:00:00', NULL, NULL, '2024-10-02 15:49:56', 1943, 1, NULL, NULL),
(1210, 1, 144, 'CSR20', 0, NULL, '24230976', 0, 0, NULL, NULL, NULL, NULL, '2024-09-30', '05:00:00', NULL, NULL, '2024-10-02 16:05:40', 1951, 1, NULL, NULL),
(1211, 1, 144, 'CSR20', 0, NULL, '24230978', 0, 0, NULL, NULL, NULL, NULL, '2024-09-30', '06:00:00', NULL, NULL, '2024-10-02 16:05:25', 1950, 1, NULL, NULL),
(1212, 1, 144, 'CSR20', 0, NULL, '24230977', 0, 0, NULL, NULL, NULL, NULL, '2024-09-30', '07:00:00', NULL, NULL, '2024-10-02 16:05:09', 1949, 1, NULL, NULL),
(1213, 1, 144, 'CSR20', 0, NULL, '24230975', 0, 0, NULL, NULL, NULL, NULL, '2024-09-30', '08:00:00', NULL, NULL, '2024-10-02 16:04:32', 1948, 1, NULL, NULL),
(1214, 1, 144, 'CSR10', 0, NULL, '24230866', 0, 0, NULL, NULL, NULL, NULL, '2024-09-30', '05:00:00', NULL, NULL, '2024-10-02 16:42:19', 2943, 1, NULL, NULL),
(1215, 1, 144, 'CSR10', 0, NULL, '24230867', 0, 0, NULL, NULL, NULL, NULL, '2024-09-30', '06:00:00', NULL, NULL, '2024-10-02 16:42:05', 2942, 1, NULL, NULL),
(1216, 1, 144, 'CSR10', 0, NULL, '24230868', 0, 0, NULL, NULL, NULL, NULL, '2024-09-30', '07:00:00', NULL, NULL, '2024-10-02 16:41:53', 2941, 1, NULL, NULL),
(1217, 1, 144, 'CSR10', 0, NULL, '24230869', 0, 0, NULL, NULL, NULL, NULL, '2024-09-30', '08:00:00', NULL, NULL, '2024-10-02 16:41:39', 2940, 1, NULL, NULL),
(1218, 1, 144, 'CSR10', 0, NULL, '24230870', 0, 0, NULL, NULL, NULL, NULL, '2024-09-30', '09:00:00', NULL, NULL, '2024-10-02 16:41:25', 2939, 1, NULL, NULL),
(1219, 1, 144, 'CSR10', 0, NULL, '24230871', 0, 0, NULL, NULL, NULL, NULL, '2024-09-30', '10:00:00', NULL, NULL, '2024-10-02 16:36:10', 2938, 1, NULL, NULL),
(1220, 1, 144, 'CSR10', 0, NULL, '24230872', 0, 0, NULL, NULL, NULL, NULL, '2024-09-30', '11:00:00', NULL, NULL, '2024-10-02 16:35:21', 2937, 1, NULL, NULL),
(1221, 1, 144, 'CSR10', 0, NULL, '24230873', 0, 0, NULL, NULL, NULL, NULL, '2024-09-30', '12:00:00', NULL, NULL, '2024-10-02 16:35:07', 2936, 1, NULL, NULL),
(1222, 1, 144, 'CSR10', 0, NULL, '24230874', 0, 0, NULL, NULL, NULL, NULL, '2024-09-30', '13:00:00', NULL, NULL, '2024-10-02 16:34:56', 2935, 1, NULL, NULL),
(1223, 1, 144, 'CSR10', 0, NULL, '24230875', 0, 0, NULL, NULL, NULL, NULL, '2024-09-30', '14:00:00', NULL, NULL, '2024-10-02 16:34:39', 2934, 1, NULL, NULL),
(1224, 1, 144, 'CSR10', 0, NULL, '24230876', 0, 0, NULL, NULL, NULL, NULL, '2024-09-30', '15:00:00', NULL, NULL, '2024-10-02 16:34:02', 2933, 1, NULL, NULL),
(1225, 1, 144, 'CSR10', 0, NULL, '24230877', 0, 0, NULL, NULL, NULL, NULL, '2024-09-30', '16:00:00', NULL, NULL, '2024-10-02 16:33:49', 2932, 1, NULL, NULL),
(1226, 1, 144, 'CSR10', 0, NULL, '24230878', 0, 0, NULL, NULL, NULL, NULL, '2024-09-30', '17:00:00', NULL, NULL, '2024-10-02 16:32:30', 2931, 1, NULL, NULL),
(1227, 1, 144, 'CSR10', 0, NULL, '24230879', 0, 0, NULL, NULL, NULL, NULL, '2024-09-30', '18:00:00', NULL, NULL, '2024-10-02 16:32:10', 2930, 1, NULL, NULL),
(1228, 1, 144, 'CSR10', 0, NULL, '24230880', 0, 0, NULL, NULL, NULL, NULL, '2024-09-30', '19:00:00', NULL, NULL, '2024-10-02 16:31:38', 2929, 1, NULL, NULL),
(1229, 1, 144, 'CSR10', 0, NULL, '24230881', 0, 0, NULL, NULL, NULL, NULL, '2024-09-30', '20:00:00', NULL, NULL, '2024-10-02 16:31:26', 2928, 1, NULL, NULL),
(1230, 1, 144, 'CSR10', 0, NULL, '24230882', 0, 0, NULL, NULL, NULL, NULL, '2024-09-30', '21:00:00', NULL, NULL, '2024-10-02 16:31:03', 2927, 1, NULL, NULL),
(1231, 1, 144, 'CSR10', 0, NULL, '24230883', 0, 0, NULL, NULL, NULL, NULL, '2024-09-30', '22:00:00', NULL, NULL, '2024-10-02 16:30:44', 2926, 1, NULL, NULL),
(1232, 1, 144, 'CSR10', 0, NULL, '24230884', 0, 0, NULL, NULL, NULL, NULL, '2024-09-30', '23:00:00', NULL, NULL, '2024-10-02 16:29:43', 2925, 1, NULL, NULL),
(1233, 1, 144, 'CSR10', 0, NULL, '242608310', 0, 0, NULL, NULL, NULL, NULL, '2024-09-30', '00:00:00', NULL, NULL, '2024-10-02 16:29:31', 2924, 1, NULL, NULL),
(1234, 1, 144, 'CSR10', 0, NULL, '242608311', 0, 0, NULL, NULL, NULL, NULL, '2024-09-30', '01:00:00', NULL, NULL, '2024-10-02 16:29:20', 2923, 1, NULL, NULL),
(1235, 1, 144, 'CSR10', 0, NULL, '242608312', 0, 0, NULL, NULL, NULL, NULL, '2024-09-30', '02:00:00', NULL, NULL, '2024-10-02 16:29:06', 2922, 1, NULL, NULL),
(1236, 1, 144, 'CSR10', 0, NULL, '242608313', 0, 0, NULL, NULL, NULL, NULL, '2024-09-30', '03:00:00', NULL, NULL, '2024-10-02 16:28:51', 2921, 1, NULL, NULL),
(1237, 1, 144, 'CSR10', 0, NULL, '242608314', 0, 0, NULL, NULL, NULL, NULL, '2024-09-30', '04:00:00', NULL, NULL, '2024-10-02 16:28:32', 2920, 1, NULL, NULL),
(1238, 1, 144, 'CSR10', 0, NULL, '242608315', 0, 0, NULL, NULL, NULL, NULL, '2024-09-30', '05:00:00', NULL, NULL, '2024-10-02 16:27:54', 2919, 1, NULL, NULL),
(1239, 1, 144, 'CSR10', 0, NULL, '242608316', 0, 0, NULL, NULL, NULL, NULL, '2024-09-30', '06:00:00', NULL, NULL, '2024-10-02 16:27:40', 2918, 1, NULL, NULL),
(1240, 1, 144, 'CSR10', 0, NULL, '242608317', 0, 0, NULL, NULL, NULL, NULL, '2024-09-30', '07:00:00', NULL, NULL, '2024-10-02 16:27:27', 2917, 1, NULL, NULL),
(1241, 1, 144, 'CSR10', 0, NULL, '242608318', 0, 0, NULL, NULL, NULL, NULL, '2024-09-30', '08:00:00', NULL, NULL, '2024-10-02 16:27:11', 2916, 1, NULL, NULL),
(1242, 1, 144, 'CSR10', 0, NULL, '242608319', 0, 0, NULL, NULL, NULL, NULL, '2024-09-30', '09:00:00', NULL, NULL, '2024-10-02 16:26:41', 2915, 1, NULL, NULL),
(1243, 1, 144, 'CSR10', 0, NULL, '242608320', 0, 0, NULL, NULL, NULL, NULL, '2024-09-30', '10:00:00', NULL, NULL, '2024-10-02 16:26:30', 2914, 1, NULL, NULL),
(1244, 1, 144, 'CSR10', 0, NULL, '242608321', 0, 0, NULL, NULL, NULL, NULL, '2024-09-30', '11:00:00', NULL, NULL, '2024-10-02 16:26:17', 2913, 1, NULL, NULL),
(1245, 1, 144, 'CSR10', 0, NULL, '242608322', 0, 0, NULL, NULL, NULL, NULL, '2024-09-30', '12:00:00', NULL, NULL, '2024-10-02 16:26:04', 2912, 1, NULL, NULL),
(1246, 1, 144, 'CSR10', 0, NULL, '242608323', 0, 0, NULL, NULL, NULL, NULL, '2024-09-30', '13:00:00', NULL, NULL, '2024-10-02 16:24:56', 2911, 1, NULL, NULL),
(1247, 1, 144, 'CSR10', 0, NULL, '242608324', 0, 0, NULL, NULL, NULL, NULL, '2024-09-30', '14:00:00', NULL, NULL, '2024-10-02 16:24:34', 2910, 1, NULL, NULL),
(1248, 1, 144, 'CSR10', 0, NULL, '242608325', 0, 0, NULL, NULL, NULL, NULL, '2024-09-30', '15:00:00', NULL, NULL, '2024-10-02 16:24:02', 2909, 1, NULL, NULL),
(1249, 1, 144, 'CSR10', 0, NULL, '242608326', 0, 0, NULL, NULL, NULL, NULL, '2024-09-30', '16:00:00', NULL, NULL, '2024-10-02 16:23:49', 2908, 1, NULL, NULL),
(1250, 1, 144, 'CSR10', 0, NULL, '242608327', 0, 0, NULL, NULL, NULL, NULL, '2024-09-30', '17:00:00', NULL, NULL, '2024-10-02 16:23:38', 2907, 1, NULL, NULL),
(1251, 1, 144, 'CSR10', 0, NULL, '242608328', 0, 0, NULL, NULL, NULL, NULL, '2024-09-30', '18:00:00', NULL, NULL, '2024-10-02 16:23:25', 2906, 1, NULL, NULL),
(1252, 1, 144, 'CSR10', 0, NULL, '242608329', 0, 0, NULL, NULL, NULL, NULL, '2024-09-30', '19:00:00', NULL, NULL, '2024-10-02 16:23:14', 2905, 1, NULL, NULL),
(1253, 1, 144, 'CSR10', 0, NULL, '242608330', 0, 0, NULL, NULL, NULL, NULL, '2024-09-30', '20:00:00', NULL, NULL, '2024-10-02 16:22:55', 2904, 1, NULL, NULL),
(1254, 1, 144, 'CSR10', 0, NULL, '242608331', 0, 0, NULL, NULL, NULL, NULL, '2024-09-30', '21:00:00', NULL, NULL, '2024-10-02 16:22:41', 2903, 1, NULL, NULL),
(1255, 1, 144, 'CSR10', 0, NULL, '242608332', 0, 0, NULL, NULL, NULL, NULL, '2024-09-30', '22:00:00', NULL, NULL, '2024-10-02 16:22:29', 2902, 1, NULL, NULL),
(1256, 1, 144, 'CSR10', 0, NULL, '242608333', 0, 0, NULL, NULL, NULL, NULL, '2024-09-30', '23:00:00', NULL, NULL, '2024-10-02 16:22:16', 2901, 1, NULL, NULL),
(1257, 1, 144, 'CSR10', 0, NULL, '242608334', 0, 0, NULL, NULL, NULL, NULL, '2024-09-30', '00:00:00', NULL, NULL, '2024-10-02 16:22:06', 2900, 1, NULL, NULL),
(1258, 1, 144, 'CSR10', 0, NULL, '242608335', 0, 0, NULL, NULL, NULL, NULL, '2024-09-30', '01:00:00', NULL, NULL, '2024-10-02 16:21:54', 2899, 1, NULL, NULL),
(1259, 1, 144, 'CSR10', 0, NULL, '242608336', 0, 0, NULL, NULL, NULL, NULL, '2024-09-30', '02:00:00', NULL, NULL, '2024-10-02 16:21:42', 2898, 1, NULL, NULL),
(1260, 1, 72, 'CSR10', 0, NULL, '242308112', 0, 0, NULL, NULL, NULL, NULL, '2024-09-30', '03:00:00', NULL, NULL, '2024-10-02 16:21:31', 2897, 1, NULL, NULL),
(1261, 1, 72, 'CSR10', 0, NULL, '242308113', 0, 0, NULL, NULL, NULL, NULL, '2024-09-30', '04:00:00', NULL, NULL, '2024-10-02 16:21:14', 2896, 1, NULL, NULL),
(1262, 1, 72, 'CSR10', 0, NULL, '242308114', 0, 0, NULL, NULL, NULL, NULL, '2024-09-30', '05:00:00', NULL, NULL, '2024-10-02 16:21:00', 2895, 1, NULL, NULL),
(1263, 1, 72, 'CSR10', 0, NULL, '242308115', 0, 0, NULL, NULL, NULL, NULL, '2024-09-30', '06:00:00', NULL, NULL, '2024-10-02 16:19:48', 2894, 1, NULL, NULL),
(1264, 1, 72, 'CSR10', 0, NULL, '242308116', 0, 0, NULL, NULL, NULL, NULL, '2024-09-30', '07:00:00', NULL, NULL, '2024-10-02 16:19:28', 2893, 1, NULL, NULL),
(1265, 1, 72, 'CSR10', 0, NULL, '242308117', 0, 0, NULL, NULL, NULL, NULL, '2024-09-30', '08:00:00', NULL, NULL, '2024-10-02 16:19:09', 2892, 1, NULL, NULL),
(1266, 1, 72, 'CSR10', 0, NULL, '242308118', 0, 0, NULL, NULL, NULL, NULL, '2024-09-30', '09:00:00', NULL, NULL, '2024-10-02 16:18:56', 2891, 1, NULL, NULL),
(1267, 1, 72, 'CSR10', 0, NULL, '242308119', 0, 0, NULL, NULL, NULL, NULL, '2024-09-30', '10:00:00', NULL, NULL, '2024-10-02 16:18:37', 2890, 1, NULL, NULL),
(1268, 1, 72, 'CSR10', 0, NULL, '242308120', 0, 0, NULL, NULL, NULL, NULL, '2024-09-30', '11:00:00', NULL, NULL, '2024-10-02 16:18:16', 2889, 1, NULL, NULL),
(1269, 1, 72, 'CSR10', 0, NULL, '242308121', 0, 0, NULL, NULL, NULL, NULL, '2024-09-30', '12:00:00', NULL, NULL, '2024-10-02 16:17:52', 2888, 1, NULL, NULL),
(1270, 1, 72, 'CSR10', 0, NULL, '242308122', 0, 0, NULL, NULL, NULL, NULL, '2024-09-30', '13:00:00', NULL, NULL, '2024-10-02 16:17:37', 2887, 1, NULL, NULL),
(1271, 1, 72, 'CSR10', 0, NULL, '242308123', 0, 0, NULL, NULL, NULL, NULL, '2024-09-30', '14:00:00', NULL, NULL, '2024-10-02 16:17:25', 2886, 1, NULL, NULL),
(1272, 1, 72, 'CSR10', 0, NULL, '242308124', 0, 0, NULL, NULL, NULL, NULL, '2024-09-30', '15:00:00', NULL, NULL, '2024-10-02 16:17:13', 2885, 1, NULL, NULL),
(1273, 1, 72, 'CSR10', 0, NULL, '242308125', 0, 0, NULL, NULL, NULL, NULL, '2024-09-30', '16:00:00', NULL, NULL, '2024-10-02 16:16:56', 2884, 1, NULL, NULL),
(1274, 1, 72, 'CSR10', 0, NULL, '242308126', 0, 0, NULL, NULL, NULL, NULL, '2024-09-30', '17:00:00', NULL, NULL, '2024-10-02 16:16:44', 2883, 1, NULL, NULL),
(1275, 1, 72, 'CSR10', 0, NULL, '242308127', 0, 0, NULL, NULL, NULL, NULL, '2024-09-30', '18:00:00', NULL, NULL, '2024-10-02 16:16:27', 2882, 1, NULL, NULL),
(1276, 1, 72, 'CSR10', 0, NULL, '242308128', 0, 0, NULL, NULL, NULL, NULL, '2024-09-30', '19:00:00', NULL, NULL, '2024-10-02 16:16:10', 2881, 1, NULL, NULL),
(1300, 1, 144, 'CSR10', 0, NULL, '242608304', 0, 0, NULL, NULL, NULL, NULL, '2024-09-30', '05:00:00', NULL, NULL, '2024-10-02 16:50:13', 3017, 1, NULL, NULL),
(1301, 1, 144, 'CSR10', 0, NULL, '242608305', 0, 0, NULL, NULL, NULL, NULL, '2024-09-30', '06:00:00', NULL, NULL, '2024-10-02 16:50:00', 3016, 1, NULL, NULL),
(1302, 1, 144, 'CSR10', 0, NULL, '242608306', 0, 0, NULL, NULL, NULL, NULL, '2024-09-30', '07:00:00', NULL, NULL, '2024-10-02 16:49:48', 3015, 1, NULL, NULL),
(1303, 1, 144, 'CSR10', 0, NULL, '242608307', 0, 0, NULL, NULL, NULL, NULL, '2024-09-30', '08:00:00', NULL, NULL, '2024-10-02 16:49:29', 3014, 1, NULL, NULL),
(1304, 1, 144, 'CSR10', 0, NULL, '242608308', 0, 0, NULL, NULL, NULL, NULL, '2024-09-30', '09:00:00', NULL, NULL, '2024-10-02 16:49:13', 3013, 1, NULL, NULL),
(1305, 1, 144, 'CSR10', 0, NULL, '242608309', 0, 0, NULL, NULL, NULL, NULL, '2024-09-30', '10:00:00', NULL, NULL, '2024-10-02 16:48:57', 3012, 1, NULL, NULL),
(1306, 1, 144, 'CSR10', 0, NULL, '242608337', 0, 0, NULL, NULL, NULL, NULL, '2024-09-30', '11:00:00', NULL, NULL, '2024-10-02 16:48:44', 3011, 1, NULL, NULL),
(1307, 1, 144, 'CSR10', 0, NULL, '242608338', 0, 0, NULL, NULL, NULL, NULL, '2024-09-30', '12:00:00', NULL, NULL, '2024-10-02 16:48:33', 3010, 1, NULL, NULL),
(1308, 1, 144, 'CSR10', 0, NULL, '242608339', 0, 0, NULL, NULL, NULL, NULL, '2024-09-30', '13:00:00', NULL, NULL, '2024-10-02 16:48:21', 3009, 1, NULL, NULL),
(1309, 1, 144, 'CSR10', 0, NULL, '242608340', 0, 0, NULL, NULL, NULL, NULL, '2024-09-30', '14:00:00', NULL, NULL, '2024-10-02 16:48:01', 3008, 1, NULL, NULL),
(1310, 1, 144, 'CSR10', 0, NULL, '242608341', 0, 0, NULL, NULL, NULL, NULL, '2024-09-30', '15:00:00', NULL, NULL, '2024-10-02 16:47:51', 3007, 1, NULL, NULL),
(1311, 1, 144, 'CSR10', 0, NULL, '242608342', 0, 0, NULL, NULL, NULL, NULL, '2024-09-30', '16:00:00', NULL, NULL, '2024-10-02 16:47:28', 3006, 1, NULL, NULL),
(1312, 1, 144, 'CSR10', 0, NULL, '242608343', 0, 0, NULL, NULL, NULL, NULL, '2024-09-30', '17:00:00', NULL, NULL, '2024-10-02 16:47:05', 3005, 1, NULL, NULL),
(1313, 1, 144, 'CSR10', 0, NULL, '242608344', 0, 0, NULL, NULL, NULL, NULL, '2024-09-30', '18:00:00', NULL, NULL, '2024-10-02 16:46:46', 3004, 1, NULL, NULL),
(1314, 1, 144, 'CSR10', 0, NULL, '242608345', 0, 0, NULL, NULL, NULL, NULL, '2024-09-30', '19:00:00', NULL, NULL, '2024-10-02 16:46:28', 3003, 1, NULL, NULL),
(1315, 1, 144, 'CSR10', 0, NULL, '242608346', 0, 0, NULL, NULL, NULL, NULL, '2024-09-30', '20:00:00', NULL, NULL, '2024-10-02 16:46:09', 3002, 1, NULL, NULL),
(1316, 1, 144, 'CSR10', 0, NULL, '242608347', 0, 0, NULL, NULL, NULL, NULL, '2024-09-30', '21:00:00', NULL, NULL, '2024-10-02 16:45:57', 3001, 1, NULL, NULL),
(1317, 1, 108, 'CSR10', 0, NULL, '24330938', 0, 0, NULL, NULL, NULL, NULL, '2024-09-30', '05:00:00', NULL, NULL, '2024-10-02 17:19:47', 3331, 8, NULL, NULL),
(1318, 1, 144, 'CSR10', 0, NULL, '24330939', 0, 0, NULL, NULL, NULL, NULL, '2024-09-30', '06:00:00', NULL, NULL, '2024-10-02 17:19:47', 3332, 8, NULL, NULL),
(1319, 1, 144, 'CSR10', 0, NULL, '24330940', 0, 0, NULL, NULL, NULL, NULL, '2024-09-30', '07:00:00', NULL, NULL, '2024-10-02 17:19:47', 3333, 8, NULL, NULL),
(1320, 1, 144, 'CSR10', 0, NULL, '24330941', 0, 0, NULL, NULL, NULL, NULL, '2024-09-30', '08:00:00', NULL, NULL, '2024-10-02 17:19:47', 3334, 8, NULL, NULL),
(1321, 1, 144, 'CSR10', 0, NULL, '24330942', 0, 0, NULL, NULL, NULL, NULL, '2024-09-30', '09:00:00', NULL, NULL, '2024-10-02 17:19:47', 3335, 8, NULL, NULL),
(1322, 1, 144, 'CSR10', 0, NULL, '24330943', 0, 0, NULL, NULL, NULL, NULL, '2024-09-30', '10:00:00', NULL, NULL, '2024-10-02 17:19:47', 3336, 8, NULL, NULL),
(1323, 1, 75, 'CSR10', 0, NULL, '24330944', 0, 0, NULL, NULL, NULL, NULL, '2024-09-30', '11:00:00', NULL, NULL, '2024-10-02 17:19:47', 3337, 8, NULL, NULL),
(1324, 1, 108, 'CSR10', 0, NULL, '24360961', 0, 0, NULL, NULL, NULL, NULL, '2024-09-30', '12:00:00', NULL, NULL, '2024-10-02 17:19:47', 3338, 8, NULL, NULL),
(1325, 1, 144, 'CSR10', 0, NULL, '24360962', 0, 0, NULL, NULL, NULL, NULL, '2024-09-30', '13:00:00', NULL, NULL, '2024-10-02 17:19:47', 3339, 8, NULL, NULL),
(1326, 1, 144, 'CSR10', 0, NULL, '24360963', 0, 0, NULL, NULL, NULL, NULL, '2024-09-30', '14:00:00', NULL, NULL, '2024-10-02 17:19:47', 3340, 8, NULL, NULL),
(1327, 1, 144, 'CSR10', 0, NULL, '24360964', 0, 0, NULL, NULL, NULL, NULL, '2024-09-30', '15:00:00', NULL, NULL, '2024-10-02 17:19:47', 3341, 8, NULL, NULL),
(1328, 1, 144, 'CSR10', 0, NULL, '24360965', 0, 0, NULL, NULL, NULL, NULL, '2024-09-30', '16:00:00', NULL, NULL, '2024-10-02 17:19:47', 3342, 8, NULL, NULL),
(1329, 1, 144, 'CSR10', 0, NULL, '24360966', 0, 0, NULL, NULL, NULL, NULL, '2024-09-30', '17:00:00', NULL, NULL, '2024-10-02 17:19:47', 3343, 8, NULL, NULL),
(1330, 1, 144, 'CSR10', 0, NULL, '24360967', 0, 0, NULL, NULL, NULL, NULL, '2024-09-30', '18:00:00', NULL, NULL, '2024-10-02 17:19:47', 3344, 8, NULL, NULL),
(1331, 1, 144, 'CSR10', 0, NULL, '24360968', 0, 0, NULL, NULL, NULL, NULL, '2024-09-30', '19:00:00', NULL, NULL, '2024-10-02 17:19:47', 3345, 8, NULL, NULL),
(1332, 1, 144, 'CSR10', 0, NULL, '24360969', 0, 0, NULL, NULL, NULL, NULL, '2024-09-30', '20:00:00', NULL, NULL, '2024-10-02 17:19:47', 3346, 8, NULL, NULL),
(1333, 1, 144, 'CSR10', 0, NULL, '24360970', 0, 0, NULL, NULL, NULL, NULL, '2024-09-30', '21:00:00', NULL, NULL, '2024-10-02 17:19:47', 3347, 8, NULL, NULL),
(1334, NULL, 144, 'CSR10', 0, NULL, '24360971', 0, 0, NULL, NULL, NULL, NULL, '2024-09-30', '22:00:00', NULL, NULL, '2024-10-02 17:19:47', 3348, 8, NULL, NULL),
(1335, NULL, 144, 'CSR10', 0, NULL, '24360972', 0, 0, NULL, NULL, NULL, NULL, '2024-09-30', '23:00:00', NULL, NULL, '2024-10-02 17:19:47', 3349, 8, NULL, NULL),
(1336, NULL, 144, 'CSR10', 0, NULL, '24360973', 0, 0, NULL, NULL, NULL, NULL, '2024-09-30', '00:00:00', NULL, NULL, '2024-10-02 17:19:47', 3350, 8, NULL, NULL),
(1337, NULL, 144, 'CSR10', 0, NULL, '24360974', 0, 0, NULL, NULL, NULL, NULL, '2024-09-30', '01:00:00', NULL, NULL, '2024-10-02 17:19:47', 3351, 8, NULL, NULL),
(1338, NULL, 144, 'CSR10', 0, NULL, '24360975', 0, 0, NULL, NULL, NULL, NULL, '2024-09-30', '02:00:00', NULL, NULL, '2024-10-02 17:19:47', 3352, 8, NULL, NULL),
(1339, NULL, 144, 'CSR10', 0, NULL, '24360976', 0, 0, NULL, NULL, NULL, NULL, '2024-09-30', '03:00:00', NULL, NULL, '2024-10-02 17:19:47', 3353, 8, NULL, NULL),
(1340, NULL, 144, 'CSR10', 0, NULL, '24360977', 0, 0, NULL, NULL, NULL, NULL, '2024-09-30', '04:00:00', NULL, NULL, '2024-10-02 17:19:47', 3354, 8, NULL, NULL),
(1341, NULL, 144, 'CSR10', 0, NULL, '24360978', 0, 0, NULL, NULL, NULL, NULL, '2024-09-30', '05:00:00', NULL, NULL, '2024-10-02 17:19:47', 3355, 8, NULL, NULL),
(1342, NULL, 144, 'CSR10', 0, NULL, '24360979', 0, 0, NULL, NULL, NULL, NULL, '2024-09-30', '06:00:00', NULL, NULL, '2024-10-02 17:19:47', 3356, 8, NULL, NULL),
(1343, NULL, 144, 'CSR10', 0, NULL, '24360980', 0, 0, NULL, NULL, NULL, NULL, '2024-09-30', '07:00:00', NULL, NULL, '2024-10-02 17:19:47', 3357, 8, NULL, NULL),
(1344, NULL, 144, 'CSR10', 0, NULL, '24360981', 0, 0, NULL, NULL, NULL, NULL, '2024-09-30', '08:00:00', NULL, NULL, '2024-10-02 17:19:47', 3358, 8, NULL, NULL),
(1345, NULL, 144, 'CSR10', 0, NULL, '24360982', 0, 0, NULL, NULL, NULL, NULL, '2024-09-30', '09:00:00', NULL, NULL, '2024-10-02 17:19:47', 3359, 8, NULL, NULL),
(1346, NULL, 144, 'CSR10', 0, NULL, '24360983', 0, 0, NULL, NULL, NULL, NULL, '2024-09-30', '10:00:00', NULL, NULL, '2024-10-02 17:19:47', 3360, 8, NULL, NULL),
(1347, NULL, 144, 'CSR10', 0, NULL, '24360984', 0, 0, NULL, NULL, NULL, NULL, '2024-09-30', '11:00:00', NULL, NULL, '2024-10-02 17:19:47', 3361, 8, NULL, NULL),
(1348, NULL, 144, 'CSR10', 0, NULL, '24360985', 0, 0, NULL, NULL, NULL, NULL, '2024-09-30', '12:00:00', NULL, NULL, '2024-10-02 17:19:47', 3362, 8, NULL, NULL),
(1349, NULL, 144, 'CSR10', 0, NULL, '24360986', 0, 0, NULL, NULL, NULL, NULL, '2024-09-30', '13:00:00', NULL, NULL, '2024-10-02 17:19:47', 3363, 8, NULL, NULL),
(1350, NULL, 144, 'CSR10', 0, NULL, '24360987', 0, 0, NULL, NULL, NULL, NULL, '2024-09-30', '14:00:00', NULL, NULL, '2024-10-02 17:19:47', 3364, 8, NULL, NULL),
(1351, NULL, 144, 'CSR10', 0, NULL, '24360988', 0, 0, NULL, NULL, NULL, NULL, '2024-09-30', '15:00:00', NULL, NULL, '2024-10-02 17:19:47', 3365, 8, NULL, NULL),
(1352, NULL, 144, 'CSR10', 0, NULL, '24360989', 0, 0, NULL, NULL, NULL, NULL, '2024-09-30', '16:00:00', NULL, NULL, '2024-10-02 17:19:47', 3366, 8, NULL, NULL),
(1353, NULL, 144, 'CSR10', 0, NULL, '24360990', 0, 0, NULL, NULL, NULL, NULL, '2024-09-30', '17:00:00', NULL, NULL, '2024-10-02 17:19:47', 3367, 8, NULL, NULL),
(1354, NULL, 144, 'CSR10', 0, NULL, '24360991', 0, 0, NULL, NULL, NULL, NULL, '2024-09-30', '18:00:00', NULL, NULL, '2024-10-02 17:19:47', 3368, 8, NULL, NULL),
(1355, NULL, 144, 'CSR10', 0, NULL, '24360992', 0, 0, NULL, NULL, NULL, NULL, '2024-09-30', '19:00:00', NULL, NULL, '2024-10-02 17:19:47', 3369, 8, NULL, NULL),
(1356, NULL, 144, 'CSR10', 0, NULL, '24360993', 0, 0, NULL, NULL, NULL, NULL, '2024-09-30', '20:00:00', NULL, NULL, '2024-10-02 17:19:47', 3370, 8, NULL, NULL),
(1357, NULL, 144, 'CSR10', 0, NULL, '24360994', 0, 0, NULL, NULL, NULL, NULL, '2024-09-30', '21:00:00', NULL, NULL, '2024-10-02 17:19:47', 3371, 8, NULL, NULL),
(1358, NULL, 144, 'CSR10', 0, NULL, '24360995', 0, 0, NULL, NULL, NULL, NULL, '2024-09-30', '22:00:00', NULL, NULL, '2024-10-02 17:19:47', 3372, 8, NULL, NULL),
(1359, NULL, 144, 'CSR10', 0, NULL, '24360996', 0, 0, NULL, NULL, NULL, NULL, '2024-09-30', '23:00:00', NULL, NULL, '2024-10-02 17:19:47', 3373, 8, NULL, NULL),
(1360, NULL, 144, 'CSR10', 0, NULL, '24360997', 0, 0, NULL, NULL, NULL, NULL, '2024-09-30', '00:00:00', NULL, NULL, '2024-10-02 17:19:47', 3374, 8, NULL, NULL),
(1361, NULL, 144, 'CSR10', 0, NULL, '24360998', 0, 0, NULL, NULL, NULL, NULL, '2024-09-30', '01:00:00', NULL, NULL, '2024-10-02 17:19:47', 3375, 8, NULL, NULL),
(1362, NULL, 144, 'CSR10', 0, NULL, '24360999', 0, 0, NULL, NULL, NULL, NULL, '2024-09-30', '02:00:00', NULL, NULL, '2024-10-02 17:19:47', 3376, 8, NULL, NULL),
(1363, NULL, 144, 'CSR10', 0, NULL, '243609100', 0, 0, NULL, NULL, NULL, NULL, '2024-09-30', '03:00:00', NULL, NULL, '2024-10-02 17:19:47', 3377, 8, NULL, NULL),
(1364, NULL, 144, 'CSR10', 0, NULL, '243609101', 0, 0, NULL, NULL, NULL, NULL, '2024-09-30', '04:00:00', NULL, NULL, '2024-10-02 17:19:47', 3378, 8, NULL, NULL),
(1365, NULL, 144, 'CSR10', 0, NULL, '243609102', 0, 0, NULL, NULL, NULL, NULL, '2024-09-30', '05:00:00', NULL, NULL, '2024-10-02 17:19:47', 3379, 8, NULL, NULL),
(1366, NULL, 144, 'CSR10', 0, NULL, '243609103', 0, 0, NULL, NULL, NULL, NULL, '2024-09-30', '06:00:00', NULL, NULL, '2024-10-02 17:19:47', 3380, 8, NULL, NULL),
(1367, NULL, 144, 'CSR10', 0, NULL, '243609104', 0, 0, NULL, NULL, NULL, NULL, '2024-09-30', '07:00:00', NULL, NULL, '2024-10-02 17:19:47', 3381, 8, NULL, NULL),
(1368, NULL, 144, 'CSR10', 0, NULL, '243609105', 0, 0, NULL, NULL, NULL, NULL, '2024-09-30', '08:00:00', NULL, NULL, '2024-10-02 17:19:47', 3382, 8, NULL, NULL),
(1369, NULL, 144, 'CSR10', 0, NULL, '243609106', 0, 0, NULL, NULL, NULL, NULL, '2024-09-30', '09:00:00', NULL, NULL, '2024-10-02 17:19:47', 3383, 8, NULL, NULL);
INSERT INTO `batches` (`id`, `bale_status`, `bale_count`, `expected_grade`, `batch_number`, `link`, `batch_code`, `exported`, `checked`, `export_location`, `date_export`, `sample_cut_number`, `packaging_type`, `date`, `time`, `storage_location`, `created_at`, `updated_at`, `warehouse_id`, `company_id`, `shipment_id`, `warehouse_bhck_id`) VALUES
(1370, NULL, 144, 'CSR10', 0, NULL, '243609107', 0, 0, NULL, NULL, NULL, NULL, '2024-09-30', '10:00:00', NULL, NULL, '2024-10-02 17:19:47', 3384, 8, NULL, NULL),
(1371, NULL, 144, 'CSR10', 0, NULL, '243609108', 0, 0, NULL, NULL, NULL, NULL, '2024-09-30', '11:00:00', NULL, NULL, '2024-10-02 17:19:47', 3385, 8, NULL, NULL),
(1372, NULL, 144, 'CSR10', 0, NULL, '243609109', 0, 0, NULL, NULL, NULL, NULL, '2024-09-30', '12:00:00', NULL, NULL, '2024-10-02 17:19:47', 3386, 8, NULL, NULL),
(1373, NULL, 144, 'CSR10', 0, NULL, '243609110', 0, 0, NULL, NULL, NULL, NULL, '2024-09-30', '13:00:00', NULL, NULL, '2024-10-02 17:19:47', 3387, 8, NULL, NULL),
(1374, NULL, 144, 'CSR10', 0, NULL, '243609111', 0, 0, NULL, NULL, NULL, NULL, '2024-09-30', '14:00:00', NULL, NULL, '2024-10-02 17:19:47', 3388, 8, NULL, NULL),
(1375, NULL, 144, 'CSR10', 0, NULL, '243609112', 0, 0, NULL, NULL, NULL, NULL, '2024-09-30', '15:00:00', NULL, NULL, '2024-10-02 17:19:47', 3389, 8, NULL, NULL),
(1376, NULL, 144, 'CSR10', 0, NULL, '243609113', 0, 0, NULL, NULL, NULL, NULL, '2024-09-30', '16:00:00', NULL, NULL, '2024-10-02 17:19:47', 3390, 8, NULL, NULL),
(1377, NULL, 144, 'CSR10', 0, NULL, '243609114', 0, 0, NULL, NULL, NULL, NULL, '2024-09-30', '17:00:00', NULL, NULL, '2024-10-02 17:19:47', 3391, 8, NULL, NULL),
(1378, NULL, 144, 'CSR10', 0, NULL, '243609115', 0, 0, NULL, NULL, NULL, NULL, '2024-09-30', '18:00:00', NULL, NULL, '2024-10-02 17:19:47', 3392, 8, NULL, NULL),
(1379, NULL, 144, 'CSR10', 0, NULL, '243609116', 0, 0, NULL, NULL, NULL, NULL, '2024-09-30', '19:00:00', NULL, NULL, '2024-10-02 17:19:47', 3393, 8, NULL, NULL),
(1380, NULL, 144, 'CSR10', 0, NULL, '243609117', 0, 0, NULL, NULL, NULL, NULL, '2024-09-30', '20:00:00', NULL, NULL, '2024-10-02 17:19:47', 3394, 8, NULL, NULL),
(1381, NULL, 144, 'CSR10', 0, NULL, '243609118', 0, 0, NULL, NULL, NULL, NULL, '2024-09-30', '21:00:00', NULL, NULL, '2024-10-02 17:19:47', 3395, 8, NULL, NULL),
(1382, NULL, 144, 'CSR10', 0, NULL, '243609119', 0, 0, NULL, NULL, NULL, NULL, '2024-09-30', '22:00:00', NULL, NULL, '2024-10-02 17:19:47', 3396, 8, NULL, NULL),
(1383, NULL, 144, 'CSR10', 0, NULL, '243609120', 0, 0, NULL, NULL, NULL, NULL, '2024-09-30', '23:00:00', NULL, NULL, '2024-10-02 17:19:47', 3397, 8, NULL, NULL),
(1384, NULL, 144, 'CSR10', 0, NULL, '243609121', 0, 0, NULL, NULL, NULL, NULL, '2024-09-30', '00:00:00', NULL, NULL, '2024-10-02 17:19:47', 3398, 8, NULL, NULL),
(1385, NULL, 144, 'CSR10', 0, NULL, '243609122', 0, 0, NULL, NULL, NULL, NULL, '2024-09-30', '01:00:00', NULL, NULL, '2024-10-02 17:19:47', 3399, 8, NULL, NULL),
(1386, NULL, 144, 'CSR10', 0, NULL, '243609123', 0, 0, NULL, NULL, NULL, NULL, '2024-09-30', '02:00:00', NULL, NULL, '2024-10-02 17:19:47', 3400, 8, NULL, NULL),
(1387, NULL, 144, 'CSR10', 0, NULL, '243609124', 0, 0, NULL, NULL, NULL, NULL, '2024-09-30', '03:00:00', NULL, NULL, '2024-10-02 17:19:47', 3401, 8, NULL, NULL),
(1388, NULL, 144, 'CSR10', 0, NULL, '243609125', 0, 0, NULL, NULL, NULL, NULL, '2024-09-30', '04:00:00', NULL, NULL, '2024-10-02 17:19:47', 3402, 8, NULL, NULL),
(1389, NULL, 144, 'CSR10', 0, NULL, '243609126', 0, 0, NULL, NULL, NULL, NULL, '2024-09-30', '05:00:00', NULL, NULL, '2024-10-02 17:19:47', 3403, 8, NULL, NULL),
(1390, NULL, 144, 'CSR10', 0, NULL, '243609127', 0, 0, NULL, NULL, NULL, NULL, '2024-09-30', '06:00:00', NULL, NULL, '2024-10-02 17:19:47', 3404, 8, NULL, NULL),
(1391, NULL, 144, 'CSR10', 0, NULL, '243609128', 0, 0, NULL, NULL, NULL, NULL, '2024-09-30', '07:00:00', NULL, NULL, '2024-10-02 17:19:47', 3405, 8, NULL, NULL),
(1392, NULL, 144, 'CSR10', 0, NULL, '243609129', 0, 0, NULL, NULL, NULL, NULL, '2024-09-30', '08:00:00', NULL, NULL, '2024-10-02 17:19:47', 3406, 8, NULL, NULL),
(1393, NULL, 144, 'CSR10', 0, NULL, '243609130', 0, 0, NULL, NULL, NULL, NULL, '2024-09-30', '09:00:00', NULL, NULL, '2024-10-02 17:19:47', 3407, 8, NULL, NULL),
(1394, NULL, 144, 'CSR10', 0, NULL, '243609131', 0, 0, NULL, NULL, NULL, NULL, '2024-09-30', '10:00:00', NULL, NULL, '2024-10-02 17:19:47', 3408, 8, NULL, NULL),
(1395, NULL, 144, 'CSR10', 0, NULL, '243609132', 0, 0, NULL, NULL, NULL, NULL, '2024-09-30', '11:00:00', NULL, NULL, '2024-10-02 17:19:47', 3409, 8, NULL, NULL),
(1396, NULL, 144, 'CSR10', 0, NULL, '243609133', 0, 0, NULL, NULL, NULL, NULL, '2024-09-30', '12:00:00', NULL, NULL, '2024-10-02 17:19:47', 3410, 8, NULL, NULL),
(1397, NULL, 144, 'CSR10', 0, NULL, '243609134', 0, 0, NULL, NULL, NULL, NULL, '2024-09-30', '13:00:00', NULL, NULL, '2024-10-02 17:19:47', 3411, 8, NULL, NULL),
(1398, NULL, 144, 'CSR10', 0, NULL, '243609135', 0, 0, NULL, NULL, NULL, NULL, '2024-09-30', '14:00:00', NULL, NULL, '2024-10-02 17:19:47', 3412, 8, NULL, NULL),
(1399, NULL, 144, 'CSR10', 0, NULL, '243609136', 0, 0, NULL, NULL, NULL, NULL, '2024-09-30', '15:00:00', NULL, NULL, '2024-10-02 17:19:47', 3413, 8, NULL, NULL),
(1400, NULL, 144, 'CSR10', 0, NULL, '243609137', 0, 0, NULL, NULL, NULL, NULL, '2024-09-30', '16:00:00', NULL, NULL, '2024-10-02 17:19:47', 3414, 8, NULL, NULL),
(1401, NULL, 144, 'CSR10', 0, NULL, '243609138', 0, 0, NULL, NULL, NULL, NULL, '2024-09-30', '17:00:00', NULL, NULL, '2024-10-02 17:19:47', 3415, 8, NULL, NULL),
(1402, NULL, 144, 'CSR10', 0, NULL, '243609139', 0, 0, NULL, NULL, NULL, NULL, '2024-09-30', '18:00:00', NULL, NULL, '2024-10-02 17:19:47', 3416, 8, NULL, NULL),
(1403, NULL, 144, 'CSR10', 0, NULL, '243609140', 0, 0, NULL, NULL, NULL, NULL, '2024-09-30', '19:00:00', NULL, NULL, '2024-10-02 17:19:47', 3417, 8, NULL, NULL),
(1404, NULL, 144, 'CSR10', 0, NULL, '243609141', 0, 0, NULL, NULL, NULL, NULL, '2024-09-30', '20:00:00', NULL, NULL, '2024-10-02 17:19:47', 3418, 8, NULL, NULL),
(1405, NULL, 144, 'CSR10', 0, NULL, '243609142', 0, 0, NULL, NULL, NULL, NULL, '2024-09-30', '21:00:00', NULL, NULL, '2024-10-02 17:19:48', 3419, 8, NULL, NULL),
(1406, NULL, 144, 'CSR10', 0, NULL, '243609143', 0, 0, NULL, NULL, NULL, NULL, '2024-09-30', '22:00:00', NULL, NULL, '2024-10-02 17:19:48', 3420, 8, NULL, NULL),
(1407, NULL, 144, 'CSR10', 0, NULL, '243609144', 0, 0, NULL, NULL, NULL, NULL, '2024-09-30', '23:00:00', NULL, NULL, '2024-10-02 17:19:48', 3421, 8, NULL, NULL),
(1408, NULL, 144, 'CSR10', 0, NULL, '243609145', 0, 0, NULL, NULL, NULL, NULL, '2024-09-30', '00:00:00', NULL, NULL, '2024-10-02 17:19:48', 3422, 8, NULL, NULL),
(1409, NULL, 144, 'CSR10', 0, NULL, '243609146', 0, 0, NULL, NULL, NULL, NULL, '2024-09-30', '01:00:00', NULL, NULL, '2024-10-02 17:19:48', 3423, 8, NULL, NULL),
(1410, NULL, 144, 'CSR10', 0, NULL, '243609147', 0, 0, NULL, NULL, NULL, NULL, '2024-09-30', '02:00:00', NULL, NULL, '2024-10-02 17:19:48', 3424, 8, NULL, NULL),
(1411, NULL, 144, 'CSR10', 0, NULL, '243609148', 0, 0, NULL, NULL, NULL, NULL, '2024-09-30', '03:00:00', NULL, NULL, '2024-10-02 17:19:48', 3425, 8, NULL, NULL),
(1412, NULL, 144, 'CSR10', 0, NULL, '243609149', 0, 0, NULL, NULL, NULL, NULL, '2024-09-30', '04:00:00', NULL, NULL, '2024-10-02 17:19:48', 3426, 8, NULL, NULL),
(1413, NULL, 144, 'CSR10', 0, NULL, '243609150', 0, 0, NULL, NULL, NULL, NULL, '2024-09-30', '05:00:00', NULL, NULL, '2024-10-02 17:19:48', 3427, 8, NULL, NULL),
(1414, NULL, 144, 'CSR10', 0, NULL, '243609151', 0, 0, NULL, NULL, NULL, NULL, '2024-09-30', '06:00:00', NULL, NULL, '2024-10-02 17:19:48', 3428, 8, NULL, NULL),
(1415, NULL, 144, 'CSR10', 0, NULL, '243609152', 0, 0, NULL, NULL, NULL, NULL, '2024-09-30', '07:00:00', NULL, NULL, '2024-10-02 17:19:48', 3429, 8, NULL, NULL),
(1416, NULL, 144, 'CSR10', 0, NULL, '243609153', 0, 0, NULL, NULL, NULL, NULL, '2024-09-30', '08:00:00', NULL, NULL, '2024-10-02 17:19:48', 3430, 8, NULL, NULL),
(1417, NULL, 144, 'CSR10', 0, NULL, '243609154', 0, 0, NULL, NULL, NULL, NULL, '2024-09-30', '09:00:00', NULL, NULL, '2024-10-02 17:19:48', 3431, 8, NULL, NULL),
(1418, NULL, 144, 'CSR10', 0, NULL, '243609155', 0, 0, NULL, NULL, NULL, NULL, '2024-09-30', '10:00:00', NULL, NULL, '2024-10-02 17:19:48', 3432, 8, NULL, NULL),
(1419, NULL, 144, 'CSR10', 0, NULL, '243609156', 0, 0, NULL, NULL, NULL, NULL, '2024-09-30', '11:00:00', NULL, NULL, '2024-10-02 17:19:48', 3433, 8, NULL, NULL),
(1420, NULL, 144, 'CSR10', 0, NULL, '243609157', 0, 0, NULL, NULL, NULL, NULL, '2024-09-30', '12:00:00', NULL, NULL, '2024-10-02 17:19:48', 3434, 8, NULL, NULL),
(1421, NULL, 144, 'CSR10', 0, NULL, '243609158', 0, 0, NULL, NULL, NULL, NULL, '2024-09-30', '13:00:00', NULL, NULL, '2024-10-02 17:19:48', 3435, 8, NULL, NULL),
(1422, NULL, 144, 'CSR10', 0, NULL, '243609159', 0, 0, NULL, NULL, NULL, NULL, '2024-09-30', '14:00:00', NULL, NULL, '2024-10-02 17:19:48', 3436, 8, NULL, NULL),
(1423, NULL, 48, 'CSR10', 0, NULL, '243609160', 0, 0, NULL, NULL, NULL, NULL, '2024-09-30', '15:00:00', NULL, NULL, '2024-10-02 17:33:25', 3437, 8, NULL, NULL),
(1461, 1, 144, 'CSR10', 1, 3, '2423101', 0, 0, NULL, NULL, 7, 'pallet sắt', '2024-10-07', '09:06:00', NULL, '2024-10-07 02:07:16', '2024-10-07 02:07:16', NULL, 1, NULL, NULL),
(1462, 1, 144, 'CSR10', 2, 3, '2423102', 0, 0, NULL, NULL, 7, 'pallet sắt', '2024-10-07', '09:06:00', NULL, '2024-10-07 02:07:16', '2024-10-07 02:07:50', NULL, 1, NULL, NULL),
(1463, 1, 144, 'CSR10', 3, 3, '2423103', 0, 0, NULL, NULL, 7, 'pallet sắt', '2024-10-07', '09:07:00', NULL, '2024-10-07 02:07:50', '2024-10-07 02:07:50', NULL, 1, NULL, NULL),
(1464, 0, 108, 'CSR10', 4, 3, '2423104', 0, 0, NULL, NULL, 7, 'pallet sắt', '2024-10-07', '09:07:00', NULL, '2024-10-07 02:07:50', '2024-10-07 02:07:50', NULL, 1, NULL, NULL),
(1465, 1, 144, 'CSR10', 1, 6, '2426101', 0, 0, NULL, NULL, 7, 'pallet sắt', '2024-10-07', '09:07:00', NULL, '2024-10-07 02:09:27', '2024-10-07 02:09:27', NULL, 1, NULL, NULL),
(1466, 1, 144, 'CSR10', 2, 6, '2426102', 0, 0, NULL, NULL, 7, 'pallet sắt', '2024-10-07', '09:07:00', NULL, '2024-10-07 02:09:27', '2024-10-07 02:12:57', NULL, 1, NULL, NULL),
(1467, 1, 144, 'CSR10', 3, 6, '2426103', 0, 0, NULL, NULL, 7, 'pallet sắt', '2024-10-07', '09:12:00', NULL, '2024-10-07 02:12:57', '2024-10-07 02:12:57', NULL, 1, NULL, NULL),
(1468, 0, 108, 'CSR10', 4, 6, '2426104', 0, 0, NULL, NULL, 7, 'pallet sắt', '2024-10-07', '09:12:00', NULL, '2024-10-07 02:12:57', '2024-10-07 02:12:57', NULL, 1, NULL, NULL),
(1469, 1, 144, 'CSR10', 1, 3, '2413101', 0, 0, NULL, NULL, 7, 'pallet sắt', '2024-10-07', '09:16:00', NULL, '2024-10-07 02:17:02', '2024-10-07 02:17:02', NULL, 2, NULL, NULL),
(1470, 0, 126, 'CSR10', 2, 3, '2413102', 0, 0, NULL, NULL, 7, 'pallet sắt', '2024-10-07', '09:16:00', NULL, '2024-10-07 02:17:02', '2024-10-07 02:17:02', NULL, 2, NULL, NULL);

-- --------------------------------------------------------

--
-- Cấu trúc bảng cho bảng `batch_drum`
--

CREATE TABLE `batch_drum` (
  `id` bigint(20) UNSIGNED NOT NULL,
  `drum_id` bigint(20) UNSIGNED NOT NULL,
  `batch_id` bigint(20) UNSIGNED NOT NULL,
  `bale_count` int(11) NOT NULL,
  `bale_remaining` int(11) NOT NULL DEFAULT 0,
  `created_at` timestamp NOT NULL DEFAULT current_timestamp(),
  `updated_at` timestamp NOT NULL DEFAULT current_timestamp()
) ENGINE=InnoDB DEFAULT CHARSET=utf8mb4 COLLATE=utf8mb4_unicode_ci;

--
-- Đang đổ dữ liệu cho bảng `batch_drum`
--

INSERT INTO `batch_drum` (`id`, `drum_id`, `batch_id`, `bale_count`, `bale_remaining`, `created_at`, `updated_at`) VALUES
(5753, 8505, 1461, 27, 0, '2024-10-07 02:07:16', '2024-10-07 02:07:16'),
(5754, 8506, 1461, 27, 0, '2024-10-07 02:07:16', '2024-10-07 02:07:16'),
(5755, 8507, 1461, 27, 0, '2024-10-07 02:07:16', '2024-10-07 02:07:16'),
(5756, 8508, 1461, 27, 0, '2024-10-07 02:07:16', '2024-10-07 02:07:16'),
(5757, 8509, 1461, 27, 0, '2024-10-07 02:07:16', '2024-10-07 02:07:16'),
(5758, 8510, 1461, 9, 18, '2024-10-07 02:07:16', '2024-10-07 02:07:16'),
(5759, 8510, 1462, 18, 0, '2024-10-07 02:07:16', '2024-10-07 02:07:16'),
(5760, 8511, 1462, 27, 0, '2024-10-07 02:07:16', '2024-10-07 02:07:16'),
(5761, 8512, 1462, 27, 0, '2024-10-07 02:07:16', '2024-10-07 02:07:16'),
(5762, 8513, 1462, 27, 0, '2024-10-07 02:07:16', '2024-10-07 02:07:16'),
(5763, 8514, 1462, 27, 0, '2024-10-07 02:07:16', '2024-10-07 02:07:16'),
(5764, 8515, 1462, 18, 9, '2024-10-07 02:07:50', '2024-10-07 02:07:50'),
(5765, 8515, 1463, 9, 0, '2024-10-07 02:07:50', '2024-10-07 02:07:50'),
(5766, 8516, 1463, 27, 0, '2024-10-07 02:07:50', '2024-10-07 02:07:50'),
(5767, 8517, 1463, 27, 0, '2024-10-07 02:07:50', '2024-10-07 02:07:50'),
(5768, 8518, 1463, 27, 0, '2024-10-07 02:07:50', '2024-10-07 02:07:50'),
(5769, 8519, 1463, 27, 0, '2024-10-07 02:07:50', '2024-10-07 02:07:50'),
(5770, 8520, 1463, 27, 0, '2024-10-07 02:07:50', '2024-10-07 02:07:50'),
(5771, 8521, 1464, 27, 0, '2024-10-07 02:07:50', '2024-10-07 02:07:50'),
(5772, 8522, 1464, 27, 0, '2024-10-07 02:07:50', '2024-10-07 02:07:50'),
(5773, 8523, 1464, 27, 0, '2024-10-07 02:07:50', '2024-10-07 02:07:50'),
(5774, 8524, 1464, 27, 0, '2024-10-07 02:07:50', '2024-10-07 02:07:50'),
(5775, 8495, 1465, 27, 0, '2024-10-07 02:09:27', '2024-10-07 02:09:27'),
(5776, 8496, 1465, 27, 0, '2024-10-07 02:09:27', '2024-10-07 02:09:27'),
(5777, 8497, 1465, 27, 0, '2024-10-07 02:09:27', '2024-10-07 02:09:27'),
(5778, 8498, 1465, 27, 0, '2024-10-07 02:09:27', '2024-10-07 02:09:27'),
(5779, 8499, 1465, 27, 0, '2024-10-07 02:09:27', '2024-10-07 02:09:27'),
(5780, 8500, 1465, 9, 18, '2024-10-07 02:09:27', '2024-10-07 02:09:27'),
(5781, 8500, 1466, 18, 0, '2024-10-07 02:09:27', '2024-10-07 02:09:27'),
(5782, 8501, 1466, 27, 0, '2024-10-07 02:09:27', '2024-10-07 02:09:27'),
(5783, 8502, 1466, 27, 0, '2024-10-07 02:09:27', '2024-10-07 02:09:27'),
(5784, 8503, 1466, 27, 0, '2024-10-07 02:09:27', '2024-10-07 02:09:27'),
(5785, 8504, 1466, 27, 0, '2024-10-07 02:09:27', '2024-10-07 02:09:27'),
(5786, 8525, 1466, 18, 9, '2024-10-07 02:12:57', '2024-10-07 02:12:57'),
(5787, 8525, 1467, 9, 0, '2024-10-07 02:12:57', '2024-10-07 02:12:57'),
(5788, 8526, 1467, 27, 0, '2024-10-07 02:12:57', '2024-10-07 02:12:57'),
(5789, 8527, 1467, 27, 0, '2024-10-07 02:12:57', '2024-10-07 02:12:57'),
(5790, 8528, 1467, 27, 0, '2024-10-07 02:12:57', '2024-10-07 02:12:57'),
(5791, 8529, 1467, 27, 0, '2024-10-07 02:12:57', '2024-10-07 02:12:57'),
(5792, 8530, 1467, 27, 0, '2024-10-07 02:12:57', '2024-10-07 02:12:57'),
(5793, 8531, 1468, 27, 0, '2024-10-07 02:12:57', '2024-10-07 02:12:57'),
(5794, 8532, 1468, 27, 0, '2024-10-07 02:12:57', '2024-10-07 02:12:57'),
(5795, 8533, 1468, 27, 0, '2024-10-07 02:12:57', '2024-10-07 02:12:57'),
(5796, 8534, 1468, 27, 0, '2024-10-07 02:12:57', '2024-10-07 02:12:57'),
(5797, 8535, 1469, 27, 0, '2024-10-07 02:17:02', '2024-10-07 02:17:02'),
(5798, 8536, 1469, 27, 0, '2024-10-07 02:17:02', '2024-10-07 02:17:02'),
(5799, 8537, 1469, 27, 0, '2024-10-07 02:17:02', '2024-10-07 02:17:02'),
(5800, 8538, 1469, 27, 0, '2024-10-07 02:17:02', '2024-10-07 02:17:02'),
(5801, 8539, 1469, 27, 0, '2024-10-07 02:17:02', '2024-10-07 02:17:02'),
(5802, 8540, 1469, 9, 18, '2024-10-07 02:17:02', '2024-10-07 02:17:02'),
(5803, 8540, 1470, 18, 0, '2024-10-07 02:17:02', '2024-10-07 02:17:02'),
(5804, 8541, 1470, 27, 0, '2024-10-07 02:17:02', '2024-10-07 02:17:02'),
(5805, 8542, 1470, 27, 0, '2024-10-07 02:17:02', '2024-10-07 02:17:02'),
(5806, 8543, 1470, 27, 0, '2024-10-07 02:17:02', '2024-10-07 02:17:02'),
(5807, 8544, 1470, 27, 0, '2024-10-07 02:17:02', '2024-10-07 02:17:02');

-- --------------------------------------------------------

--
-- Cấu trúc bảng cho bảng `cache`
--

CREATE TABLE `cache` (
  `key` varchar(255) NOT NULL,
  `value` mediumtext NOT NULL,
  `expiration` int(11) NOT NULL
) ENGINE=InnoDB DEFAULT CHARSET=utf8mb4 COLLATE=utf8mb4_unicode_ci;

-- --------------------------------------------------------

--
-- Cấu trúc bảng cho bảng `cache_locks`
--

CREATE TABLE `cache_locks` (
  `key` varchar(255) NOT NULL,
  `owner` varchar(255) NOT NULL,
  `expiration` int(11) NOT NULL
) ENGINE=InnoDB DEFAULT CHARSET=utf8mb4 COLLATE=utf8mb4_unicode_ci;

-- --------------------------------------------------------

--
-- Cấu trúc bảng cho bảng `companies`
--

CREATE TABLE `companies` (
  `id` bigint(20) UNSIGNED NOT NULL,
  `name` varchar(255) NOT NULL,
  `code` varchar(255) NOT NULL,
  `created_at` timestamp NULL DEFAULT NULL,
  `updated_at` timestamp NULL DEFAULT NULL
) ENGINE=InnoDB DEFAULT CHARSET=utf8mb4 COLLATE=utf8mb4_unicode_ci;

--
-- Đang đổ dữ liệu cho bảng `companies`
--

INSERT INTO `companies` (`id`, `name`, `code`, `created_at`, `updated_at`) VALUES
(1, 'Công ty TNHH TMDV BHCK', 'BHCK', '2024-09-07 02:07:27', '2024-09-07 03:32:21'),
(2, 'CÔNG TY PHÁT TRIỂN CAO SU C.R.C.K', 'CRCK2', '2024-09-07 02:08:13', '2024-09-09 03:10:19'),
(8, 'Tây Ninh SR', 'TNSR', '2024-09-24 02:23:46', '2024-09-27 03:42:36');

-- --------------------------------------------------------

--
-- Cấu trúc bảng cho bảng `contract`
--

CREATE TABLE `contract` (
  `id` int(10) UNSIGNED NOT NULL,
  `contract_type_id` int(9) DEFAULT NULL,
  `so_ngay_hd` varchar(255) DEFAULT NULL,
  `contract_number` varchar(50) DEFAULT NULL,
  `count_contract` varchar(191) DEFAULT NULL,
  `contract_date` date DEFAULT NULL,
  `hd_goc_so` varchar(255) DEFAULT NULL,
  `thang_giao_hang` varchar(255) DEFAULT NULL,
  `customer_id` int(9) DEFAULT NULL,
  `so_luong` float DEFAULT NULL,
  `san_pham` varchar(50) DEFAULT NULL,
  `ngay_giao_hang` date DEFAULT NULL,
  `ngay_dong_cont` date DEFAULT NULL,
  `loai_pallet` varchar(255) DEFAULT NULL,
  `lenh_xuat_hang` varchar(255) DEFAULT NULL,
  `thi_truong` varchar(255) DEFAULT NULL,
  `don_vi_xuat_thuong_mai` varchar(255) DEFAULT NULL,
  `supplier` varchar(191) DEFAULT NULL,
  `ban_cho_ben_thu_3` varchar(255) DEFAULT NULL,
  `created_at` date DEFAULT NULL,
  `updated_at` date DEFAULT NULL,
  `trang_thai` text NOT NULL DEFAULT 'Chưa thanh toán'
) ENGINE=InnoDB DEFAULT CHARSET=utf8 COLLATE=utf8_general_ci;

--
-- Đang đổ dữ liệu cho bảng `contract`
--

INSERT INTO `contract` (`id`, `contract_type_id`, `so_ngay_hd`, `contract_number`, `count_contract`, `contract_date`, `hd_goc_so`, `thang_giao_hang`, `customer_id`, `so_luong`, `san_pham`, `ngay_giao_hang`, `ngay_dong_cont`, `loai_pallet`, `lenh_xuat_hang`, `thi_truong`, `don_vi_xuat_thuong_mai`, `supplier`, `ban_cho_ben_thu_3`, `created_at`, `updated_at`, `trang_thai`) VALUES
(152, 3, NULL, '11/VRG-BH-LT', '5040', '2023-12-26', NULL, '01', 11, NULL, 'CSR10', NULL, NULL, 'Hàng rời, không pallet', NULL, 'Việt Nam', 'C.R.C.R.2 APHIVATHCAOUTCHOUC Co., Ltd', 'BHCK', 'Không', '2024-10-03', '2024-10-03', 'Chưa thanh toán'),
(153, 3, NULL, '01/BHCK-HUANGJIN-LT', '5040', '2023-12-22', NULL, '01', 18, NULL, 'CSR10', NULL, NULL, 'Hàng rời, không pallet', NULL, 'Việt Nam', 'C.R.C.R.2 APHIVATHCAOUTCHOUC Co., Ltd', 'BHCK', 'Không', '2024-10-03', '2024-10-03', 'Chưa thanh toán'),
(154, 4, NULL, '180924/CRCK2-KH', '315', '2024-09-18', 'không', '10', 96, NULL, 'CSR10', NULL, NULL, 'Hàng rời, không pallet', NULL, 'Việt Nam', 'C.R.C.R.2 APHIVATHCAOUTCHOUC Co., Ltd', 'CRCK2', 'Không', '2024-10-03', '2024-10-03', 'Chưa thanh toán'),
(155, 3, NULL, 'Annex No.11', '420', '2024-10-01', 'No.12/VRG-CRCK2-LT', '10', 11, NULL, 'CSR10', NULL, NULL, 'Hàng rời, không pallet', NULL, 'Việt Nam', 'C.R.C.R.2 APHIVATHCAOUTCHOUC Co., Ltd', 'CRCK2', 'Không', '2024-10-03', '2024-10-03', 'Chưa thanh toán'),
(156, 3, NULL, 'Annex No.11', '420', '2024-10-01', 'LT-24/CRCK2-HUANGJIN', '10', 18, NULL, 'CSR10', NULL, NULL, 'Hàng rời, không pallet', NULL, 'Việt Nam', 'C.R.C.R.2 APHIVATHCAOUTCHOUC Co., Ltd', 'CRCK2', 'Không', '2024-10-03', '2024-10-03', 'Chưa thanh toán'),
(157, 4, NULL, '270924/CRCK2-HK', '210', '2024-09-27', 'không', '10', 10, NULL, 'CSR10', NULL, NULL, 'Hàng rời, không pallet', NULL, 'Campuchia', 'C.R.C.R.2 APHIVATHCAOUTCHOUC Co., Ltd', 'CRCK2', 'Không', '2024-10-03', '2024-10-03', 'Chưa thanh toán');

-- --------------------------------------------------------

--
-- Cấu trúc bảng cho bảng `contract_type`
--

CREATE TABLE `contract_type` (
  `id` int(11) NOT NULL,
  `type` varchar(255) DEFAULT NULL,
  `code` varchar(255) DEFAULT NULL,
  `name` varchar(255) DEFAULT NULL,
  `created_at` date DEFAULT NULL,
  `updated_at` date DEFAULT NULL
) ENGINE=InnoDB DEFAULT CHARSET=utf8 COLLATE=utf8_general_ci;

--
-- Đang đổ dữ liệu cho bảng `contract_type`
--

INSERT INTO `contract_type` (`id`, `type`, `code`, `name`, `created_at`, `updated_at`) VALUES
(3, 'Hợp đồng Dài hạn', 'CRCK2', 'LONG-TERM CONTRACT', '2023-05-31', '2023-10-23'),
(4, 'Hợp đồng Bán chuyến', 'CRCK2', 'SALES CONTRACT', '2023-06-17', '2023-10-23'),
(5, 'Hợp đồng Nguyên tắc', 'CRCK2', 'CONTRACT PRINCIPLES', '2023-08-05', '2023-10-23');

-- --------------------------------------------------------

--
-- Cấu trúc bảng cho bảng `curing_areas`
--

CREATE TABLE `curing_areas` (
  `id` bigint(20) UNSIGNED NOT NULL,
  `name` varchar(255) NOT NULL,
  `code` varchar(255) NOT NULL,
  `containing` bigint(20) NOT NULL DEFAULT 0,
  `created_at` timestamp NULL DEFAULT NULL,
  `updated_at` timestamp NULL DEFAULT NULL,
  `farm_id` int(11) DEFAULT NULL,
  `latex_type` text DEFAULT NULL
) ENGINE=InnoDB DEFAULT CHARSET=utf8mb4 COLLATE=utf8mb4_unicode_ci;

--
-- Đang đổ dữ liệu cho bảng `curing_areas`
--

INSERT INTO `curing_areas` (`id`, `name`, `code`, `containing`, `created_at`, `updated_at`, `farm_id`, `latex_type`) VALUES
(1, 'Nguyên liệu nông trường 1', 'NLNT1', 16146, '2024-09-04 16:50:41', '2024-10-03 13:23:20', 1, 'Mủ đông chén'),
(2, 'Nguyên liệu nông trường 2', 'NLNT2', 0, '2024-09-04 16:51:08', '2024-10-03 13:23:39', 2, 'Mủ đông chén'),
(3, 'Nguyên liệu nông trường 3', 'NLNT3', 18757, '2024-09-04 16:51:59', '2024-10-03 13:24:16', 3, 'Mủ đông chén'),
(4, 'Nguyên liệu nông trường 4', 'NLNT4', 124867, '2024-09-04 16:52:21', '2024-09-30 23:26:05', 4, 'Mủ đông chén'),
(5, 'Nguyên liệu nông trường 5', 'NLNT5', 77348, '2024-09-04 16:54:46', '2024-09-30 23:29:52', 5, 'Mủ đông chén'),
(6, 'Nguyên liệu nông trường 6', 'NLNT6', 0, '2024-09-04 16:55:06', '2024-10-03 13:24:30', 6, 'Mủ đông chén'),
(7, 'Nguyên liệu nông trường 7', 'NLNT7', 55305, '2024-09-04 16:55:53', '2024-09-30 23:31:59', 7, 'Mủ đông chén'),
(8, 'Nguyên liệu nông trường 8', 'NLNT8', 54936, '2024-09-04 16:56:05', '2024-09-30 23:32:37', 8, 'Mủ đông chén'),
(9, 'Nguyên liệu Tây Ninh SR', 'NLTNSR', 0, '2024-09-04 16:56:43', '2024-10-03 13:22:35', 10, 'Mủ đông chén'),
(10, 'Nguyên liệu thu mua mủ đông chén', 'NLTM', 0, '2024-09-04 16:57:39', '2024-10-03 13:21:35', 9, 'Mủ đông chén'),
(11, 'Nguyên liệu mủ dây CR', 'MDCR', 0, '2024-09-04 16:58:45', '2024-09-24 03:54:50', NULL, 'Mủ dây'),
(21, 'Nguyên liệu thu mua mủ dây', 'NLTMMD', 0, '2024-09-17 17:46:48', '2024-09-17 17:46:48', 9, 'Mủ dây'),
(22, 'Nguyên liệu mủ dây BH', 'MDBH', 3093, '2024-09-21 14:45:41', '2024-09-24 03:56:07', NULL, 'Mủ dây');

-- --------------------------------------------------------

--
-- Cấu trúc bảng cho bảng `curing_houses`
--

CREATE TABLE `curing_houses` (
  `id` bigint(20) UNSIGNED NOT NULL,
  `name` varchar(255) NOT NULL,
  `code` varchar(255) NOT NULL,
  `containing` bigint(20) NOT NULL DEFAULT 0,
  `created_at` timestamp NULL DEFAULT NULL,
  `updated_at` timestamp NULL DEFAULT NULL,
  `curing_area_id` int(11) DEFAULT NULL
) ENGINE=InnoDB DEFAULT CHARSET=utf8mb4 COLLATE=utf8mb4_unicode_ci;

--
-- Đang đổ dữ liệu cho bảng `curing_houses`
--

INSERT INTO `curing_houses` (`id`, `name`, `code`, `containing`, `created_at`, `updated_at`, `curing_area_id`) VALUES
(1, 'Nguyên liệu cán vắt nông trường 1', 'NLCVNT1', 499669, '2024-09-05 07:00:33', '2024-10-07 02:17:02', 1),
(2, 'Nguyên liệu cán vắt nông trường 2', 'NLCVNT2', 441785, '2024-09-05 07:01:00', '2024-10-03 13:23:39', 2),
(3, 'Nguyên liệu cán vắt nông trường 3', 'NLCVNT3', 350729, '2024-09-05 07:01:22', '2024-10-03 13:24:16', 3),
(4, 'Nguyên liệu cán vắt nông trường 4', 'NLCVNT4', 313916, '2024-09-05 07:01:39', '2024-09-24 18:24:41', 4),
(5, 'Nguyên liệu cán vắt nông trường 5', 'NLCVNT5', 182087, '2024-09-05 07:01:58', '2024-10-07 02:12:57', 5),
(6, 'Nguyên liệu cán vắt nông trường 6', 'NLCVNT6', 473665, '2024-09-05 07:02:21', '2024-10-03 13:24:30', 6),
(7, 'Nguyên liệu cán vắt nông trường 7', 'NLCVNT7', 377330, '2024-09-05 07:02:58', '2024-09-10 04:30:08', 7),
(8, 'Nguyên liệu cán vắt nông trường 8', 'NLCVNT8', 417331, '2024-09-05 07:03:27', '2024-10-01 00:34:34', 8),
(9, 'Nguyên liệu cán vắt Tây Nguyên', 'NLCVTNSR', 229143, '2024-09-05 07:04:22', '2024-10-03 13:22:35', 9),
(10, 'Nguyên liệu cán vắt thu mua', 'NLCVTM', 55338, '2024-09-05 07:05:12', '2024-10-07 00:13:36', 10);

-- --------------------------------------------------------

--
-- Cấu trúc bảng cho bảng `customer`
--

CREATE TABLE `customer` (
  `id` int(9) NOT NULL,
  `name` varchar(255) DEFAULT NULL,
  `email` varchar(191) DEFAULT NULL,
  `phone` text DEFAULT NULL,
  `type` varchar(255) DEFAULT NULL,
  `description` text DEFAULT NULL,
  `created_at` date DEFAULT NULL,
  `updated_at` date DEFAULT NULL,
  `account` varchar(255) DEFAULT NULL
) ENGINE=InnoDB DEFAULT CHARSET=utf8 COLLATE=utf8_general_ci;

--
-- Đang đổ dữ liệu cho bảng `customer`
--

INSERT INTO `customer` (`id`, `name`, `email`, `phone`, `type`, `description`, `created_at`, `updated_at`, `account`) VALUES
(9, 'SINTEX CHEMICAL CORP', NULL, '886-2-27058001', 'KH Dài hạn', 'Address: C/O 10F-2, No. 306, Sec. 4, Hsin Yi Road, Taipei Taiwan.', '2023-06-17', '2023-06-17', NULL),
(10, 'HK RUBBER KAMPONG THOM CO., LTD', 'hkkrubber@gmail.com', '(+855) 883 399 790', 'KH Ngắn hạn', 'Tax Code: B106-902105918 ; Represented by MRS. DINH THI KIM LIEN - Director (Giám đốc) ; Address: Thmor Samleang village, Krayea Commune, Santuk district, Kampong Thom province, Cambodia.', '2023-06-17', '2023-06-17', NULL),
(11, '(VRG) VIETNAM RUBBER GROUP - JOINT STOCK COMPANY', NULL, '+84 2839326021', 'KH Dài hạn', 'Represented by MR TRAN THANH PHUNG - Deputy General Director  ; Address: 236 Nam Ky Khoi Nghia. Vo Thi Sau Ward, District 3, HCM City, Viet Nam.', '2023-06-17', '2023-08-10', NULL),
(12, 'CART TIRE CO., LTD', NULL, '0312759898', 'KH Ngắn hạn', 'Represented by MR LI XIAODONG - Director; Add: Qilu SEZ, National Road 1, Sangkat Svay Teu, Krong Svay Rieng, Svay Rieng Province, Kingdom of Cambodia', '2023-06-17', '2023-06-17', NULL),
(13, 'LIEN ANH PRODUCTION RUBBER CO.,LTD', 'lienanhrubber@lienanhrubber.com', '+84-2763 816325', 'KH Dài hạn', 'Rep by: DOAN VAN LUC address: No.466 Tran Van Tra, KinhTe Hamlet, Binh Minh Commune, Tay Ninh city, Tay Ninh Province, VietNam', '2023-08-01', '2023-08-15', NULL),
(14, 'SAILUN (VIETNAM) CO., LTD', NULL, '0084-66- 3534223', 'KH Dài hạn', 'Tax code: 3901064759 ; Address: Lot 37-1...41-20a, D11 Road, Phuoc Dong Industrial Park,Phuoc Dong Ward, Go Dau County, Tay Ninh Province ,Vietnam.', '2023-09-14', '2023-09-14', NULL),
(17, 'HOANG KIM RUBBER COMMERCIAL LTD', 'hoangkimrubber@gmail.com', '0703 916 808', 'KH Ngắn hạn', 'Address:  Ngo Quyen, Ba Ngoi Ward, Cam Ranh City, Khanh Hoa Province, Viet Nam - Tax Code: 0316636994 -', '2023-10-17', '2023-10-17', NULL),
(18, 'HUANGJIN RUBBER PTE.LTD', 'huangjinrubber@gmail.com', NULL, 'KH Dài hạn', 'Represented by: Ms. Nguyen Thi Hanh Diem, Add: 10 Anson Road #33-02 International Plaza Singapore 079903', '2024-01-30', '2024-01-30', NULL),
(19, 'HIEP THANH RUBBER INDUSTRIES CORPORATION', 'ctyhiepthanhxnk@gmail.com', '0274 221 2821', 'KH Ngắn hạn', 'Land slot No. 409, Map sheet 41, Bau Bang Hamlet, Lai Uyen Town,  Bau Bang District, Binh Duong Province, Vietnam', '2024-04-04', '2024-04-04', NULL),
(96, 'KUMHO TIRE (VIETNAM) CO., LTD', 'ljkim@kumhotire.com', '0274.3599.000', 'KH Ngắn hạn', 'MR. KIM LEE JIN - Director - Lot D-03-CN, My Phuoc 03 Industrial Park, Thoi Hoa Ward, Ben Cat City, Binh Duong Province, Viet Nam', '2024-10-03', '2024-10-03', 'DDA912017789');

-- --------------------------------------------------------

--
-- Cấu trúc bảng cho bảng `delivery_dates`
--

CREATE TABLE `delivery_dates` (
  `id` int(10) UNSIGNED NOT NULL,
  `contract_id` int(10) UNSIGNED NOT NULL,
  `amount` varchar(191) DEFAULT NULL,
  `shipping_order` varchar(191) DEFAULT NULL,
  `container_loading_date` date NOT NULL,
  `date` date NOT NULL,
  `created_at` timestamp NULL DEFAULT NULL,
  `updated_at` timestamp NULL DEFAULT NULL
) ENGINE=InnoDB DEFAULT CHARSET=utf8mb4 COLLATE=utf8mb4_unicode_ci;

-- --------------------------------------------------------

--
-- Cấu trúc bảng cho bảng `drums`
--

CREATE TABLE `drums` (
  `id` bigint(20) UNSIGNED NOT NULL,
  `status` tinyint(3) UNSIGNED NOT NULL DEFAULT 0,
  `code` varchar(255) NOT NULL,
  `remaining_bales` int(11) NOT NULL DEFAULT 0,
  `name` varchar(255) NOT NULL,
  `last_index` int(11) NOT NULL DEFAULT 0,
  `date` date NOT NULL,
  `time` time DEFAULT NULL,
  `heated_date` datetime DEFAULT NULL,
  `heated_start` datetime DEFAULT NULL,
  `heated_end` datetime DEFAULT NULL,
  `temp` int(11) DEFAULT NULL,
  `temp2` int(11) DEFAULT NULL,
  `state` text DEFAULT NULL,
  `created_at` timestamp NULL DEFAULT NULL,
  `updated_at` timestamp NULL DEFAULT NULL,
  `baled` bigint(20) UNSIGNED DEFAULT NULL,
  `bale_id` bigint(20) UNSIGNED DEFAULT NULL,
  `batch_id` bigint(20) UNSIGNED DEFAULT NULL,
  `rolling_code` bigint(20) UNSIGNED DEFAULT NULL,
  `curing_house_id` int(11) DEFAULT NULL,
  `link` int(11) NOT NULL,
  `supervisor` text DEFAULT NULL,
  `heating_supervisor` text DEFAULT NULL,
  `impurity_removing` text DEFAULT NULL,
  `thickness` text DEFAULT NULL,
  `trang_thai_com` text DEFAULT NULL,
  `oven` int(11) DEFAULT NULL,
  `validation` text DEFAULT NULL,
  `time_to_dry` float DEFAULT NULL,
  `note` text DEFAULT NULL,
  `giao_ca` int(11) DEFAULT NULL,
  `doi_ca` int(11) DEFAULT NULL
) ENGINE=InnoDB DEFAULT CHARSET=utf8mb4 COLLATE=utf8mb4_unicode_ci;

--
-- Đang đổ dữ liệu cho bảng `drums`
--

INSERT INTO `drums` (`id`, `status`, `code`, `remaining_bales`, `name`, `last_index`, `date`, `time`, `heated_date`, `heated_start`, `heated_end`, `temp`, `temp2`, `state`, `created_at`, `updated_at`, `baled`, `bale_id`, `batch_id`, `rolling_code`, `curing_house_id`, `link`, `supervisor`, `heating_supervisor`, `impurity_removing`, `thickness`, `trang_thai_com`, `oven`, `validation`, `time_to_dry`, `note`, `giao_ca`, `doi_ca`) VALUES
(8495, 5, '1728266599_61', 0, '1', 0, '2024-10-07', NULL, '2024-10-07 07:55:00', '2024-10-07 09:05:00', '2024-10-07 14:25:00', 103, 105, 'Tốt', '2024-10-07 02:03:19', '2024-10-07 02:06:40', 1, 3232, NULL, 87, 5, 6, 'Admin', NULL, 'Cát, lá cây, dăm cạo', '0.8', 'đồng đều', 1, 'Nhiệt ổn định', 10, NULL, NULL, NULL),
(8496, 5, '1728266599_62', 0, '2', 0, '2024-10-07', NULL, '2024-10-07 08:05:00', '2024-10-07 09:15:00', '2024-10-07 14:35:00', 103, 105, 'Tốt', '2024-10-07 02:03:19', '2024-10-07 02:06:40', 1, 3233, NULL, 87, 5, 6, 'Admin', NULL, 'Cát, lá cây, dăm cạo', '0.8', 'đồng đều', 1, 'Nhiệt ổn định', 10, NULL, NULL, NULL),
(8497, 5, '1728266599_63', 0, '3', 0, '2024-10-07', NULL, '2024-10-07 08:15:00', '2024-10-07 09:25:00', '2024-10-07 14:45:00', 103, 105, 'Tốt', '2024-10-07 02:03:19', '2024-10-07 02:06:40', 1, 3234, NULL, 87, 5, 6, 'Admin', NULL, 'Cát, lá cây, dăm cạo', '0.8', 'đồng đều', 1, 'Nhiệt ổn định', 10, NULL, NULL, NULL),
(8498, 5, '1728266599_64', 0, '4', 0, '2024-10-07', NULL, '2024-10-07 08:25:00', '2024-10-07 09:35:00', '2024-10-07 14:55:00', 103, 105, 'Tốt', '2024-10-07 02:03:19', '2024-10-07 02:06:40', 1, 3235, NULL, 87, 5, 6, 'Admin', NULL, 'Cát, lá cây, dăm cạo', '0.8', 'đồng đều', 1, 'Nhiệt ổn định', 10, NULL, NULL, NULL),
(8499, 5, '1728266599_65', 0, '5', 0, '2024-10-07', NULL, '2024-10-07 08:35:00', '2024-10-07 09:45:00', '2024-10-07 15:05:00', 103, 105, 'Tốt', '2024-10-07 02:03:19', '2024-10-07 02:06:40', 1, 3236, NULL, 87, 5, 6, 'Admin', NULL, 'Cát, lá cây, dăm cạo', '0.8', 'đồng đều', 1, 'Nhiệt ổn định', 10, NULL, NULL, NULL),
(8500, 5, '1728266599_66', 18, '6', 0, '2024-10-07', NULL, '2024-10-07 08:45:00', '2024-10-07 09:55:00', '2024-10-07 15:15:00', 103, 105, 'Tốt', '2024-10-07 02:03:19', '2024-10-07 02:09:27', 1, 3237, NULL, 87, 5, 6, 'Admin', NULL, 'Cát, lá cây, dăm cạo', '0.8', 'đồng đều', 1, 'Nhiệt ổn định', 10, NULL, NULL, NULL),
(8501, 5, '1728266599_67', 0, '7', 0, '2024-10-07', NULL, '2024-10-07 08:55:00', '2024-10-07 10:05:00', '2024-10-07 15:25:00', 103, 105, 'Tốt', '2024-10-07 02:03:19', '2024-10-07 02:06:40', 1, 3238, NULL, 87, 5, 6, 'Admin', NULL, 'Cát, lá cây, dăm cạo', '0.8', 'đồng đều', 1, 'Nhiệt ổn định', 10, NULL, NULL, NULL),
(8502, 5, '1728266599_68', 0, '8', 0, '2024-10-07', NULL, '2024-10-07 09:05:00', '2024-10-07 10:15:00', '2024-10-07 15:35:00', 103, 105, 'Tốt', '2024-10-07 02:03:19', '2024-10-07 02:06:40', 1, 3239, NULL, 87, 5, 6, 'Admin', NULL, 'Cát, lá cây, dăm cạo', '0.8', 'đồng đều', 1, 'Nhiệt ổn định', 10, NULL, NULL, NULL),
(8503, 5, '1728266599_69', 0, '9', 0, '2024-10-07', NULL, '2024-10-07 09:15:00', '2024-10-07 10:25:00', '2024-10-07 15:45:00', 103, 105, 'Tốt', '2024-10-07 02:03:19', '2024-10-07 02:06:40', 1, 3240, NULL, 87, 5, 6, 'Admin', NULL, 'Cát, lá cây, dăm cạo', '0.8', 'đồng đều', 1, 'Nhiệt ổn định', 10, NULL, NULL, NULL),
(8504, 5, '1728266599_610', 0, '10', 0, '2024-10-07', NULL, '2024-10-07 09:25:00', '2024-10-07 10:35:00', '2024-10-07 15:55:00', 103, 105, 'Tốt', '2024-10-07 02:03:19', '2024-10-07 02:06:40', 1, 3241, NULL, 87, 5, 6, 'Admin', NULL, 'Cát, lá cây, dăm cạo', '0.8', 'đồng đều', 1, 'Nhiệt ổn định', 10, NULL, NULL, NULL),
(8505, 5, '1728266614_31', 0, '1', 0, '2024-10-07', NULL, '2024-10-07 07:34:00', '2024-10-07 09:04:00', '2024-10-07 14:04:00', 103, 105, 'Tốt', '2024-10-07 02:03:34', '2024-10-07 02:04:44', 1, 3212, NULL, 87, 5, 3, 'Admin', NULL, 'Cát, lá cây, dăm cạo', '0.8', 'đồng đều', 1, 'Nhiệt ổn định', 10, NULL, NULL, NULL),
(8506, 5, '1728266614_32', 0, '2', 0, '2024-10-07', NULL, '2024-10-07 07:44:00', '2024-10-07 09:14:00', '2024-10-07 14:14:00', 103, 105, 'Tốt', '2024-10-07 02:03:34', '2024-10-07 02:04:44', 1, 3213, NULL, 87, 5, 3, 'Admin', NULL, 'Cát, lá cây, dăm cạo', '0.8', 'đồng đều', 1, 'Nhiệt ổn định', 10, NULL, NULL, NULL),
(8507, 5, '1728266614_33', 0, '3', 0, '2024-10-07', NULL, '2024-10-07 07:54:00', '2024-10-07 09:24:00', '2024-10-07 14:24:00', 103, 105, 'Tốt', '2024-10-07 02:03:34', '2024-10-07 02:04:44', 1, 3214, NULL, 87, 5, 3, 'Admin', NULL, 'Cát, lá cây, dăm cạo', '0.8', 'đồng đều', 1, 'Nhiệt ổn định', 10, NULL, NULL, NULL),
(8508, 5, '1728266614_34', 0, '4', 0, '2024-10-07', NULL, '2024-10-07 08:04:00', '2024-10-07 09:34:00', '2024-10-07 14:34:00', 103, 105, 'Tốt', '2024-10-07 02:03:34', '2024-10-07 02:04:44', 1, 3215, NULL, 87, 5, 3, 'Admin', NULL, 'Cát, lá cây, dăm cạo', '0.8', 'đồng đều', 1, 'Nhiệt ổn định', 10, NULL, NULL, NULL),
(8509, 5, '1728266614_35', 0, '5', 0, '2024-10-07', NULL, '2024-10-07 08:14:00', '2024-10-07 09:44:00', '2024-10-07 14:44:00', 103, 105, 'Tốt', '2024-10-07 02:03:34', '2024-10-07 02:04:44', 1, 3216, NULL, 87, 5, 3, 'Admin', NULL, 'Cát, lá cây, dăm cạo', '0.8', 'đồng đều', 1, 'Nhiệt ổn định', 10, NULL, NULL, NULL),
(8510, 5, '1728266614_36', 18, '6', 0, '2024-10-07', NULL, '2024-10-07 08:24:00', '2024-10-07 09:54:00', '2024-10-07 14:54:00', 103, 105, 'Tốt', '2024-10-07 02:03:34', '2024-10-07 02:07:16', 1, 3217, NULL, 87, 5, 3, 'Admin', NULL, 'Cát, lá cây, dăm cạo', '0.8', 'đồng đều', 1, 'Nhiệt ổn định', 10, NULL, NULL, NULL),
(8511, 5, '1728266614_37', 0, '7', 0, '2024-10-07', NULL, '2024-10-07 08:34:00', '2024-10-07 10:04:00', '2024-10-07 15:04:00', 103, 105, 'Tốt', '2024-10-07 02:03:34', '2024-10-07 02:04:44', 1, 3218, NULL, 87, 5, 3, 'Admin', NULL, 'Cát, lá cây, dăm cạo', '0.8', 'đồng đều', 1, 'Nhiệt ổn định', 10, NULL, NULL, NULL),
(8512, 5, '1728266614_38', 0, '8', 0, '2024-10-07', NULL, '2024-10-07 08:44:00', '2024-10-07 10:14:00', '2024-10-07 15:14:00', 103, 105, 'Tốt', '2024-10-07 02:03:34', '2024-10-07 02:04:44', 1, 3219, NULL, 87, 5, 3, 'Admin', NULL, 'Cát, lá cây, dăm cạo', '0.8', 'đồng đều', 1, 'Nhiệt ổn định', 10, NULL, NULL, NULL),
(8513, 5, '1728266614_39', 0, '9', 0, '2024-10-07', NULL, '2024-10-07 08:54:00', '2024-10-07 10:24:00', '2024-10-07 15:24:00', 103, 105, 'Tốt', '2024-10-07 02:03:34', '2024-10-07 02:04:44', 1, 3220, NULL, 87, 5, 3, 'Admin', NULL, 'Cát, lá cây, dăm cạo', '0.8', 'đồng đều', 1, 'Nhiệt ổn định', 10, NULL, NULL, NULL),
(8514, 5, '1728266614_310', 0, '10', 0, '2024-10-07', NULL, '2024-10-07 09:04:00', '2024-10-07 10:34:00', '2024-10-07 15:34:00', 103, 105, 'Tốt', '2024-10-07 02:03:34', '2024-10-07 02:04:44', 1, 3221, NULL, 87, 5, 3, 'Admin', NULL, 'Cát, lá cây, dăm cạo', '0.8', 'đồng đều', 1, 'Nhiệt ổn định', 10, NULL, NULL, NULL),
(8515, 5, '1728266639_311', 9, '11', 0, '2024-10-07', NULL, '2024-10-07 09:14:00', '2024-10-07 10:44:00', '2024-10-07 15:44:00', 103, 105, 'Tốt', '2024-10-07 02:03:59', '2024-10-07 02:07:50', 1, 3222, NULL, 87, 5, 3, 'Admin', NULL, 'Cát, lá cây, dăm cạo', '0.8', 'đồng đều', 1, 'Nhiệt ổn định', 10, NULL, NULL, NULL),
(8516, 5, '1728266639_312', 0, '12', 0, '2024-10-07', NULL, '2024-10-07 09:24:00', '2024-10-07 10:54:00', '2024-10-07 15:54:00', 103, 105, 'Tốt', '2024-10-07 02:03:59', '2024-10-07 02:04:44', 1, 3223, NULL, 87, 5, 3, 'Admin', NULL, 'Cát, lá cây, dăm cạo', '0.8', 'đồng đều', 1, 'Nhiệt ổn định', 10, NULL, NULL, NULL),
(8517, 5, '1728266639_313', 0, '13', 0, '2024-10-07', NULL, '2024-10-07 09:34:00', '2024-10-07 11:04:00', '2024-10-07 16:04:00', 103, 105, 'Tốt', '2024-10-07 02:03:59', '2024-10-07 02:04:44', 1, 3224, NULL, 87, 5, 3, 'Admin', NULL, 'Cát, lá cây, dăm cạo', '0.8', 'đồng đều', 1, 'Nhiệt ổn định', 10, NULL, NULL, NULL),
(8518, 5, '1728266639_314', 0, '14', 0, '2024-10-07', NULL, '2024-10-07 09:44:00', '2024-10-07 11:14:00', '2024-10-07 16:14:00', 103, 105, 'Tốt', '2024-10-07 02:03:59', '2024-10-07 02:04:44', 1, 3225, NULL, 87, 5, 3, 'Admin', NULL, 'Cát, lá cây, dăm cạo', '0.8', 'đồng đều', 1, 'Nhiệt ổn định', 10, NULL, NULL, NULL),
(8519, 5, '1728266639_315', 0, '15', 0, '2024-10-07', NULL, '2024-10-07 09:54:00', '2024-10-07 11:24:00', '2024-10-07 16:24:00', 103, 105, 'Tốt', '2024-10-07 02:03:59', '2024-10-07 02:04:44', 1, 3226, NULL, 87, 5, 3, 'Admin', NULL, 'Cát, lá cây, dăm cạo', '0.8', 'đồng đều', 1, 'Nhiệt ổn định', 10, NULL, NULL, NULL),
(8520, 5, '1728266639_316', 0, '16', 0, '2024-10-07', NULL, '2024-10-07 10:04:00', '2024-10-07 11:34:00', '2024-10-07 16:34:00', 103, 105, 'Tốt', '2024-10-07 02:03:59', '2024-10-07 02:07:50', 1, 3227, NULL, 87, 5, 3, 'Admin', NULL, 'Cát, lá cây, dăm cạo', '0.8', 'đồng đều', 1, 'Nhiệt ổn định', 10, NULL, NULL, NULL),
(8521, 5, '1728266639_317', 0, '17', 0, '2024-10-07', NULL, '2024-10-07 10:14:00', '2024-10-07 11:44:00', '2024-10-07 16:44:00', 103, 105, 'Tốt', '2024-10-07 02:03:59', '2024-10-07 02:04:44', 1, 3228, NULL, 87, 5, 3, 'Admin', NULL, 'Cát, lá cây, dăm cạo', '0.8', 'đồng đều', 1, 'Nhiệt ổn định', 10, NULL, NULL, NULL),
(8522, 5, '1728266639_318', 0, '18', 0, '2024-10-07', NULL, '2024-10-07 10:24:00', '2024-10-07 11:54:00', '2024-10-07 16:54:00', 103, 105, 'Tốt', '2024-10-07 02:03:59', '2024-10-07 02:04:44', 1, 3229, NULL, 87, 5, 3, 'Admin', NULL, 'Cát, lá cây, dăm cạo', '0.8', 'đồng đều', 1, 'Nhiệt ổn định', 10, NULL, NULL, NULL),
(8523, 5, '1728266639_319', 0, '19', 0, '2024-10-07', NULL, '2024-10-07 10:34:00', '2024-10-07 12:04:00', '2024-10-07 17:04:00', 103, 105, 'Tốt', '2024-10-07 02:03:59', '2024-10-07 02:04:44', 1, 3230, NULL, 87, 5, 3, 'Admin', NULL, 'Cát, lá cây, dăm cạo', '0.8', 'đồng đều', 1, 'Nhiệt ổn định', 10, NULL, NULL, NULL),
(8524, 5, '1728266639_320', 0, '20', 0, '2024-10-07', NULL, '2024-10-07 10:44:00', '2024-10-07 12:14:00', '2024-10-07 17:14:00', 103, 105, 'Tốt', '2024-10-07 02:03:59', '2024-10-07 02:04:44', 1, 3231, NULL, 87, 5, 3, 'Admin', NULL, 'Cát, lá cây, dăm cạo', '0.8', 'đồng đều', 1, 'Nhiệt ổn định', 10, NULL, NULL, NULL),
(8525, 5, '1728267086_611', 9, '11', 0, '2024-10-07', NULL, '2024-10-07 08:01:00', '2024-10-07 09:11:00', '2024-10-07 14:31:00', 103, 105, 'Tốt', '2024-10-07 02:11:26', '2024-10-07 02:12:57', 1, 3242, NULL, 87, 5, 6, 'Admin', NULL, 'Cát, lá cây, dăm cạo', '0.8', 'đồng đều', 1, 'Nhiệt ổn định', 10, NULL, NULL, NULL),
(8526, 5, '1728267086_612', 0, '12', 0, '2024-10-07', NULL, '2024-10-07 08:11:00', '2024-10-07 09:21:00', '2024-10-07 14:41:00', 103, 105, 'Tốt', '2024-10-07 02:11:26', '2024-10-07 02:12:41', 1, 3243, NULL, 87, 5, 6, 'Admin', NULL, 'Cát, lá cây, dăm cạo', '0.8', 'đồng đều', 1, 'Nhiệt ổn định', 10, NULL, NULL, NULL),
(8527, 5, '1728267086_613', 0, '13', 0, '2024-10-07', NULL, '2024-10-07 08:21:00', '2024-10-07 09:31:00', '2024-10-07 14:51:00', 103, 105, 'Tốt', '2024-10-07 02:11:26', '2024-10-07 02:12:41', 1, 3244, NULL, 87, 5, 6, 'Admin', NULL, 'Cát, lá cây, dăm cạo', '0.8', 'đồng đều', 1, 'Nhiệt ổn định', 10, NULL, NULL, NULL),
(8528, 5, '1728267086_614', 0, '14', 0, '2024-10-07', NULL, '2024-10-07 08:31:00', '2024-10-07 09:41:00', '2024-10-07 15:01:00', 103, 105, 'Tốt', '2024-10-07 02:11:26', '2024-10-07 02:12:41', 1, 3245, NULL, 87, 5, 6, 'Admin', NULL, 'Cát, lá cây, dăm cạo', '0.8', 'đồng đều', 1, 'Nhiệt ổn định', 10, NULL, NULL, NULL),
(8529, 5, '1728267086_615', 0, '15', 0, '2024-10-07', NULL, '2024-10-07 08:41:00', '2024-10-07 09:51:00', '2024-10-07 15:11:00', 103, 105, 'Tốt', '2024-10-07 02:11:26', '2024-10-07 02:12:41', 1, 3246, NULL, 87, 5, 6, 'Admin', NULL, 'Cát, lá cây, dăm cạo', '0.8', 'đồng đều', 1, 'Nhiệt ổn định', 10, NULL, NULL, NULL),
(8530, 5, '1728267086_616', 0, '16', 0, '2024-10-07', NULL, '2024-10-07 08:51:00', '2024-10-07 10:01:00', '2024-10-07 15:21:00', 103, 105, 'Tốt', '2024-10-07 02:11:26', '2024-10-07 02:12:57', 1, 3247, NULL, 87, 5, 6, 'Admin', NULL, 'Cát, lá cây, dăm cạo', '0.8', 'đồng đều', 1, 'Nhiệt ổn định', 10, NULL, NULL, NULL),
(8531, 5, '1728267086_617', 0, '17', 0, '2024-10-07', NULL, '2024-10-07 09:01:00', '2024-10-07 10:11:00', '2024-10-07 15:31:00', 103, 105, 'Tốt', '2024-10-07 02:11:26', '2024-10-07 02:12:41', 1, 3248, NULL, 87, 5, 6, 'Admin', NULL, 'Cát, lá cây, dăm cạo', '0.8', 'đồng đều', 1, 'Nhiệt ổn định', 10, NULL, NULL, NULL),
(8532, 5, '1728267086_618', 0, '18', 0, '2024-10-07', NULL, '2024-10-07 09:11:00', '2024-10-07 10:21:00', '2024-10-07 15:41:00', 103, 105, 'Tốt', '2024-10-07 02:11:26', '2024-10-07 02:12:41', 1, 3249, NULL, 87, 5, 6, 'Admin', NULL, 'Cát, lá cây, dăm cạo', '0.8', 'đồng đều', 1, 'Nhiệt ổn định', 10, NULL, NULL, NULL),
(8533, 5, '1728267086_619', 0, '19', 0, '2024-10-07', NULL, '2024-10-07 09:21:00', '2024-10-07 10:31:00', '2024-10-07 15:51:00', 103, 105, 'Tốt', '2024-10-07 02:11:26', '2024-10-07 02:12:41', 1, 3250, NULL, 87, 5, 6, 'Admin', NULL, 'Cát, lá cây, dăm cạo', '0.8', 'đồng đều', 1, 'Nhiệt ổn định', 10, NULL, NULL, NULL),
(8534, 5, '1728267086_620', 0, '20', 0, '2024-10-07', NULL, '2024-10-07 09:31:00', '2024-10-07 10:41:00', '2024-10-07 16:01:00', 103, 105, 'Tốt', '2024-10-07 02:11:26', '2024-10-07 02:12:41', 1, 3251, NULL, 87, 5, 6, 'Admin', NULL, 'Cát, lá cây, dăm cạo', '0.8', 'đồng đều', 1, 'Nhiệt ổn định', 10, NULL, NULL, NULL),
(8535, 5, '1728267313_321', 0, '21', 0, '2024-10-07', NULL, '2024-10-07 07:45:00', '2024-10-07 09:15:00', '2024-10-07 14:15:00', 103, 105, 'Tốt', '2024-10-07 02:15:13', '2024-10-07 02:16:51', 1, 3252, NULL, 94, 1, 3, 'Admin', NULL, 'Cát, lá cây, dăm cạo', '0.8', 'đồng đều', 1, 'Nhiệt ổn định', 10, NULL, NULL, NULL),
(8536, 5, '1728267313_322', 0, '22', 0, '2024-10-07', NULL, '2024-10-07 07:55:00', '2024-10-07 09:25:00', '2024-10-07 14:25:00', 103, 105, 'Tốt', '2024-10-07 02:15:13', '2024-10-07 02:16:52', 1, 3253, NULL, 94, 1, 3, 'Admin', NULL, 'Cát, lá cây, dăm cạo', '0.8', 'đồng đều', 1, 'Nhiệt ổn định', 10, NULL, NULL, NULL),
(8537, 5, '1728267313_323', 0, '23', 0, '2024-10-07', NULL, '2024-10-07 08:05:00', '2024-10-07 09:35:00', '2024-10-07 14:35:00', 103, 105, 'Tốt', '2024-10-07 02:15:13', '2024-10-07 02:16:52', 1, 3254, NULL, 94, 1, 3, 'Admin', NULL, 'Cát, lá cây, dăm cạo', '0.8', 'đồng đều', 1, 'Nhiệt ổn định', 10, NULL, NULL, NULL),
(8538, 5, '1728267313_324', 0, '24', 0, '2024-10-07', NULL, '2024-10-07 08:15:00', '2024-10-07 09:45:00', '2024-10-07 14:45:00', 103, 105, 'Tốt', '2024-10-07 02:15:13', '2024-10-07 02:16:52', 1, 3255, NULL, 94, 1, 3, 'Admin', NULL, 'Cát, lá cây, dăm cạo', '0.8', 'đồng đều', 1, 'Nhiệt ổn định', 10, NULL, NULL, NULL),
(8539, 5, '1728267313_325', 0, '25', 0, '2024-10-07', NULL, '2024-10-07 08:25:00', '2024-10-07 09:55:00', '2024-10-07 14:55:00', 103, 105, 'Tốt', '2024-10-07 02:15:13', '2024-10-07 02:16:52', 1, 3256, NULL, 94, 1, 3, 'Admin', NULL, 'Cát, lá cây, dăm cạo', '0.8', 'đồng đều', 1, 'Nhiệt ổn định', 10, NULL, NULL, NULL),
(8540, 5, '1728267313_326', 18, '26', 0, '2024-10-07', NULL, '2024-10-07 08:35:00', '2024-10-07 10:05:00', '2024-10-07 15:05:00', 103, 105, 'Tốt', '2024-10-07 02:15:13', '2024-10-07 02:17:02', 1, 3257, NULL, 94, 1, 3, 'Admin', NULL, 'Cát, lá cây, dăm cạo', '0.8', 'đồng đều', 1, 'Nhiệt ổn định', 10, NULL, NULL, NULL),
(8541, 5, '1728267313_327', 0, '27', 0, '2024-10-07', NULL, '2024-10-07 08:45:00', '2024-10-07 10:15:00', '2024-10-07 15:15:00', 103, 105, 'Tốt', '2024-10-07 02:15:13', '2024-10-07 02:16:52', 1, 3258, NULL, 94, 1, 3, 'Admin', NULL, 'Cát, lá cây, dăm cạo', '0.8', 'đồng đều', 1, 'Nhiệt ổn định', 10, NULL, NULL, NULL),
(8542, 5, '1728267313_328', 0, '28', 0, '2024-10-07', NULL, '2024-10-07 08:55:00', '2024-10-07 10:25:00', '2024-10-07 15:25:00', 103, 105, 'Tốt', '2024-10-07 02:15:13', '2024-10-07 02:16:52', 1, 3259, NULL, 94, 1, 3, 'Admin', NULL, 'Cát, lá cây, dăm cạo', '0.8', 'đồng đều', 1, 'Nhiệt ổn định', 10, NULL, NULL, NULL),
(8543, 5, '1728267313_329', 0, '29', 0, '2024-10-07', NULL, '2024-10-07 09:05:00', '2024-10-07 10:35:00', '2024-10-07 15:35:00', 103, 105, 'Tốt', '2024-10-07 02:15:13', '2024-10-07 02:16:52', 1, 3260, NULL, 94, 1, 3, 'Admin', NULL, 'Cát, lá cây, dăm cạo', '0.8', 'đồng đều', 1, 'Nhiệt ổn định', 10, NULL, NULL, NULL),
(8544, 5, '1728267313_330', 0, '30', 0, '2024-10-07', NULL, '2024-10-07 09:15:00', '2024-10-07 10:45:00', '2024-10-07 15:45:00', 103, 105, 'Tốt', '2024-10-07 02:15:13', '2024-10-07 02:16:52', 1, 3261, NULL, 94, 1, 3, 'Admin', NULL, 'Cát, lá cây, dăm cạo', '0.8', 'đồng đều', 1, 'Nhiệt ổn định', 10, NULL, NULL, NULL);

-- --------------------------------------------------------

--
-- Cấu trúc bảng cho bảng `drums_per_day`
--

CREATE TABLE `drums_per_day` (
  `id` bigint(20) UNSIGNED NOT NULL,
  `date` date NOT NULL,
  `number` bigint(20) UNSIGNED NOT NULL,
  `created_at` timestamp NULL DEFAULT NULL,
  `updated_at` timestamp NULL DEFAULT NULL
) ENGINE=InnoDB DEFAULT CHARSET=utf8mb4 COLLATE=utf8mb4_unicode_ci;

-- --------------------------------------------------------

--
-- Cấu trúc bảng cho bảng `failed_jobs`
--

CREATE TABLE `failed_jobs` (
  `id` bigint(20) UNSIGNED NOT NULL,
  `uuid` varchar(255) NOT NULL,
  `connection` text NOT NULL,
  `queue` text NOT NULL,
  `payload` longtext NOT NULL,
  `exception` longtext NOT NULL,
  `failed_at` timestamp NOT NULL DEFAULT current_timestamp()
) ENGINE=InnoDB DEFAULT CHARSET=utf8mb4 COLLATE=utf8mb4_unicode_ci;

-- --------------------------------------------------------

--
-- Cấu trúc bảng cho bảng `farms`
--

CREATE TABLE `farms` (
  `id` bigint(20) UNSIGNED NOT NULL,
  `code` varchar(255) NOT NULL,
  `name` varchar(255) NOT NULL,
  `created_at` timestamp NULL DEFAULT NULL,
  `updated_at` timestamp NULL DEFAULT NULL,
  `company_id` bigint(20) UNSIGNED DEFAULT NULL
) ENGINE=InnoDB DEFAULT CHARSET=utf8mb4 COLLATE=utf8mb4_unicode_ci;

--
-- Đang đổ dữ liệu cho bảng `farms`
--

INSERT INTO `farms` (`id`, `code`, `name`, `created_at`, `updated_at`, `company_id`) VALUES
(1, 'NT1', 'NÔNG TRƯỜNG 1', '2024-08-30 03:25:18', '2024-09-24 14:19:56', 2),
(2, 'NT2', 'NÔNG TRƯỜNG 2', '2024-08-30 03:25:25', '2024-09-24 14:20:13', 2),
(3, 'NT3', 'NÔNG TRƯỜNG 3', '2024-09-04 08:36:35', '2024-09-24 14:20:27', 2),
(4, 'NT4', 'NÔNG TRƯỜNG 4', '2024-09-04 08:37:15', '2024-09-24 14:20:35', 1),
(5, 'NT5', 'NÔNG TRƯỜNG 5', '2024-09-04 08:39:13', '2024-09-24 14:20:44', 1),
(6, 'NT6', 'NÔNG TRƯỜNG 6', '2024-09-04 08:39:28', '2024-09-24 14:20:58', 2),
(7, 'NT7', 'NÔNG TRƯỜNG 7', '2024-09-04 08:39:38', '2024-09-24 14:21:09', 1),
(8, 'NT8', 'NÔNG TRƯỜNG 8', '2024-09-04 08:39:51', '2024-09-24 14:21:16', 1),
(9, 'TM', 'THU MUA', '2024-09-05 07:08:23', '2024-09-24 14:21:28', 2),
(10, 'TNSR', 'TÂY NINH SR', '2024-09-05 07:08:42', '2024-09-26 02:14:58', 8);

-- --------------------------------------------------------

--
-- Cấu trúc bảng cho bảng `jobs`
--

CREATE TABLE `jobs` (
  `id` bigint(20) UNSIGNED NOT NULL,
  `queue` varchar(255) NOT NULL,
  `payload` longtext NOT NULL,
  `attempts` tinyint(3) UNSIGNED NOT NULL,
  `reserved_at` int(10) UNSIGNED DEFAULT NULL,
  `available_at` int(10) UNSIGNED NOT NULL,
  `created_at` int(10) UNSIGNED NOT NULL
) ENGINE=InnoDB DEFAULT CHARSET=utf8mb4 COLLATE=utf8mb4_unicode_ci;

-- --------------------------------------------------------

--
-- Cấu trúc bảng cho bảng `job_batches`
--

CREATE TABLE `job_batches` (
  `id` varchar(255) NOT NULL,
  `name` varchar(255) NOT NULL,
  `total_jobs` int(11) NOT NULL,
  `pending_jobs` int(11) NOT NULL,
  `failed_jobs` int(11) NOT NULL,
  `failed_job_ids` longtext NOT NULL,
  `options` mediumtext DEFAULT NULL,
  `cancelled_at` int(11) DEFAULT NULL,
  `created_at` int(11) NOT NULL,
  `finished_at` int(11) DEFAULT NULL
) ENGINE=InnoDB DEFAULT CHARSET=utf8mb4 COLLATE=utf8mb4_unicode_ci;

-- --------------------------------------------------------

--
-- Cấu trúc bảng cho bảng `migrations`
--

CREATE TABLE `migrations` (
  `id` int(10) UNSIGNED NOT NULL,
  `migration` varchar(255) NOT NULL,
  `batch` int(11) NOT NULL
) ENGINE=InnoDB DEFAULT CHARSET=utf8mb4 COLLATE=utf8mb4_unicode_ci;

--
-- Đang đổ dữ liệu cho bảng `migrations`
--

INSERT INTO `migrations` (`id`, `migration`, `batch`) VALUES
(1, '0001_01_01_000000_create_users_table', 1),
(2, '0001_01_01_000001_create_cache_table', 1),
(3, '0001_01_01_000002_create_jobs_table', 1),
(4, '2024_08_10_091749_create_farms_table', 1),
(5, '2024_08_11_133627_create_trucks_table', 1),
(6, '2024_08_12_014147_create_curing_areas_table', 1),
(7, '2024_08_12_014712_create_curing_houses_table', 1),
(8, '2024_08_12_024918_create_rubber_table', 1),
(9, '2024_08_14_141446_create_rubber_warehouses_table', 1),
(10, '2024_08_15_142941_a', 1),
(11, '2024_08_15_155906_create_machinings_table', 2),
(12, '2024_08_16_090326_avc', 2),
(13, '2024_08_19_092313_create_bales_table', 2),
(14, '2024_08_19_104200_add_bale_id_to_drums_table', 2),
(15, '2024_08_20_093529_add_constrain_to_bales_table', 2),
(16, '2024_08_20_161719_abc', 3),
(17, '2024_08_21_141846_rename_batch_table_to_batches_table', 4),
(18, '2024_08_30_110157_create_warehosues_table', 5),
(19, '2024_08_30_110612_rename', 6),
(20, '2024_08_30_111237_set_fk', 7),
(21, '2024_08_30_112003_delete', 8),
(22, '2024_08_30_112052_xxya', 9),
(23, '2024_09_04_134318_afk', 10),
(24, '2024_09_04_140352_ba', 11),
(25, '2024_09_04_141546_c', 12),
(26, '2024_09_04_142649_m', 13),
(27, '2024_09_05_154412_gh', 14),
(28, '2024_09_06_124730_add_foreign_key_to_contracts_table', 15),
(29, '2024_09_06_132859_add_foreign_keyy_to_contracts_table', 16),
(30, '2024_09_06_140808_q', 17),
(31, '2024_09_06_215945_create_roles_table', 18),
(32, '2024_09_07_085041_create_companies_table', 19),
(33, '2024_09_07_091356_add_company_id_to_farms_table', 20),
(34, '2024_09_07_140757_update_negative_values_in_your_table', 21),
(35, '2024_09_10_140010_create_box_roll_pivot_table', 21),
(36, '2024_09_13_083916_create_personal_access_tokens_table', 22),
(37, '2024_09_17_124821_t', 23),
(38, '2024_09_18_083503_w', 24),
(39, '2024_09_29_013302_create_bhck_warehouse_table', 24),
(40, '2024_09_29_065915_x', 25);

-- --------------------------------------------------------

--
-- Cấu trúc bảng cho bảng `password_reset_tokens`
--

CREATE TABLE `password_reset_tokens` (
  `email` varchar(255) NOT NULL,
  `token` varchar(255) NOT NULL,
  `created_at` timestamp NULL DEFAULT NULL
) ENGINE=InnoDB DEFAULT CHARSET=utf8mb4 COLLATE=utf8mb4_unicode_ci;

-- --------------------------------------------------------

--
-- Cấu trúc bảng cho bảng `personal_access_tokens`
--

CREATE TABLE `personal_access_tokens` (
  `id` bigint(20) UNSIGNED NOT NULL,
  `tokenable_type` varchar(255) NOT NULL,
  `tokenable_id` bigint(20) UNSIGNED NOT NULL,
  `name` varchar(255) NOT NULL,
  `token` varchar(64) NOT NULL,
  `abilities` text DEFAULT NULL,
  `last_used_at` timestamp NULL DEFAULT NULL,
  `expires_at` timestamp NULL DEFAULT NULL,
  `created_at` timestamp NULL DEFAULT NULL,
  `updated_at` timestamp NULL DEFAULT NULL
) ENGINE=InnoDB DEFAULT CHARSET=utf8mb4 COLLATE=utf8mb4_unicode_ci;

--
-- Đang đổ dữ liệu cho bảng `personal_access_tokens`
--

INSERT INTO `personal_access_tokens` (`id`, `tokenable_type`, `tokenable_id`, `name`, `token`, `abilities`, `last_used_at`, `expires_at`, `created_at`, `updated_at`) VALUES
(1, 'App\\Models\\User', 1, 'Token Name', '4ee0d9cfc163de75f9ca44da75b5999c1bce93063efd08ed6eec59d138688194', '[\"*\"]', NULL, NULL, '2024-09-13 05:41:18', '2024-09-13 05:41:18'),
(2, 'App\\Models\\User', 1, 'Token Name', 'e843078f6387e8d8a87a98ea6299572c17a7ad43723209c78697167745d17568', '[\"*\"]', NULL, NULL, '2024-09-13 05:46:55', '2024-09-13 05:46:55'),
(3, 'App\\Models\\User', 1, 'Login', '16dacfb8f4b70a61ec6a9a0ed1e74156d80c2d5a288507a2b93e95811eae4146', '[\"*\"]', NULL, NULL, '2024-09-13 05:47:34', '2024-09-13 05:47:34'),
(4, 'App\\Models\\User', 1, 'Login', '92550dacbf59aa5d87229692a74607491d0d7444f627993d5e77b49bc540e69c', '[\"*\"]', NULL, NULL, '2024-09-13 05:49:41', '2024-09-13 05:49:41'),
(5, 'App\\Models\\User', 1, 'Login', 'ac9d40f9af3ff25268c47abd70acbd46a0386a4ccf39fb5582a09ee465f631c8', '[\"*\"]', NULL, NULL, '2024-09-13 08:33:20', '2024-09-13 08:33:20'),
(6, 'App\\Models\\User', 1, 'Login', '4408cafd993b210b530b2500fa7b3e468b621ac27cca27fa260c9813659e5a94', '[\"*\"]', NULL, NULL, '2024-09-13 14:08:12', '2024-09-13 14:08:12'),
(7, 'App\\Models\\User', 1, 'Login', '1d9af7692ac1814db3d4d3a7fc84855122e9a0177297817966f17df2b9b19122', '[\"*\"]', NULL, NULL, '2024-09-13 14:35:27', '2024-09-13 14:35:27'),
(8, 'App\\Models\\User', 1, 'Login', 'c10129941fbfad87a7406ac42958a3d8f58a8a2c1df5a1c0319c4d57cbce6c8a', '[\"*\"]', NULL, NULL, '2024-09-13 14:53:36', '2024-09-13 14:53:36'),
(9, 'App\\Models\\User', 1, 'Login', '483b58e24ad27c739c92cdcf172ec4b046aa81e21c15642dd4de9850c24f097f', '[\"*\"]', NULL, NULL, '2024-09-14 15:31:00', '2024-09-14 15:31:00'),
(10, 'App\\Models\\User', 1, 'Login', '447ca416dc7fb06d7c946b9008e3c911984f1ec068a18c119580643e2cc0a8f3', '[\"*\"]', NULL, NULL, '2024-09-14 16:05:28', '2024-09-14 16:05:28'),
(11, 'App\\Models\\User', 1, 'Login', '34d682be1682af22c9dc88b9beb3afe6b34d34051021fd07c7662489637a4af0', '[\"*\"]', NULL, NULL, '2024-09-14 17:22:14', '2024-09-14 17:22:14'),
(12, 'App\\Models\\User', 1, 'Login', 'd1eb22db75b6b9b0f18c886d1ed333d6fe2e3bc24fe939ddd148a1f4bf9123a8', '[\"*\"]', '2024-10-06 09:20:15', NULL, '2024-09-14 17:27:36', '2024-10-06 09:20:15'),
(13, 'App\\Models\\User', 1, 'Login', 'd3a83aacf550eff7d34470e3e2193f33909644141bcc1b6a56f20e1d821b2d6f', '[\"*\"]', NULL, NULL, '2024-09-14 17:32:27', '2024-09-14 17:32:27'),
(14, 'App\\Models\\User', 1, 'Login', '49935791a6465d8dcdc7410086d218183d9dd3ad04e761171670c24013dbb075', '[\"*\"]', NULL, NULL, '2024-09-15 03:27:40', '2024-09-15 03:27:40'),
(15, 'App\\Models\\User', 1, 'Login', '4ec0d62f8f0e08c75fa13d57cbc07216c2c263326d0153d95378ca10b07b4e74', '[\"*\"]', NULL, NULL, '2024-09-24 06:07:16', '2024-09-24 06:07:16');

-- --------------------------------------------------------

--
-- Cấu trúc bảng cho bảng `plots`
--

CREATE TABLE `plots` (
  `id` int(10) UNSIGNED NOT NULL,
  `tenlo` varchar(10) NOT NULL,
  `namtrong` int(10) UNSIGNED NOT NULL,
  `dientich` varchar(191) NOT NULL,
  `giong` varchar(191) NOT NULL,
  `tongsocay` int(10) UNSIGNED NOT NULL,
  `cayhuuhieu` int(10) UNSIGNED NOT NULL,
  `khonghuuhieu` int(10) UNSIGNED NOT NULL,
  `hotrong` varchar(191) NOT NULL,
  `toado` varchar(191) NOT NULL,
  `polygons` text DEFAULT NULL,
  `image` text NOT NULL,
  `hienthi` tinyint(1) NOT NULL DEFAULT 1,
  `trangthai` tinyint(1) NOT NULL DEFAULT 1,
  `dtdathuchien` varchar(191) NOT NULL,
  `ghichu` varchar(191) DEFAULT NULL,
  `farm_id` int(11) DEFAULT NULL,
  `nongtruong` varchar(3) NOT NULL,
  `created_at` timestamp NULL DEFAULT NULL,
  `updated_at` timestamp NULL DEFAULT NULL
) ENGINE=InnoDB DEFAULT CHARSET=utf8mb4 COLLATE=utf8mb4_unicode_ci;

--
-- Đang đổ dữ liệu cho bảng `plots`
--

INSERT INTO `plots` (`id`, `tenlo`, `namtrong`, `dientich`, `giong`, `tongsocay`, `cayhuuhieu`, `khonghuuhieu`, `hotrong`, `toado`, `polygons`, `image`, `hienthi`, `trangthai`, `dtdathuchien`, `ghichu`, `farm_id`, `nongtruong`, `created_at`, `updated_at`) VALUES
(1, 'Lô 1', 2010, '18.92', 'PB 260', 10550, 9951, 31, '568', '13.184611, 104.581639', NULL, '0', 1, 0, '0', '0', 1, 'NT1', NULL, NULL),
(6, 'Lô 113', 2013, '25.00', 'RRIV 124', 14026, 13619, 60, '347', '13.188417, 104.628028', NULL, '0', 1, 0, '0', '168', 2, 'NT2', NULL, NULL),
(7, 'Lô 114', 2013, '25.00', 'RRIV 124', 14026, 13033, 85, '908', '13.188389, 104.632944', NULL, '0', 1, 0, '0', '169', 2, 'NT2', NULL, NULL),
(8, 'Lô 115', 2012, '22.87', 'RRIV 124', 12371, 11863, 78, '430', '13.188306, 104.636944', NULL, '0', 1, 0, '0', '135', 2, 'NT2', NULL, NULL),
(9, 'Lô 116', 2012, '24.30', 'RRIV 124', 13436, 12864, 75, '497', '13.188694, 104.642056', NULL, '0', 1, 0, '0', '136', 2, 'NT2', NULL, NULL),
(10, 'Lô 117', 2012, '22.51', 'RRIV 124', 12371, 11863, 78, '430', '13.188611, 104.646806', NULL, '0', 1, 0, '0', '137', 2, 'NT2', NULL, NULL),
(11, 'Lô 118', 2012, '25.00', 'RRIV 124', 14022, 13268, 83, '650', '13.188583, 104.651306', NULL, '0', 1, 0, '0', '221', 3, 'NT3', NULL, NULL),
(12, 'Lô 119', 2012, '20.40', 'RRIV 124', 9636, 8988, 231, '417', '13.188528, 104.654889', NULL, '0', 1, 0, '0', '222', 3, 'NT3', NULL, NULL),
(13, 'Lô 12', 2010, '22.01', 'PB 260', 11992, 11447, 94, '451', '13.188889, 104.594833', NULL, '0', 1, 0, '0', '11', 1, 'NT1', NULL, NULL),
(14, 'Lô 12', 2013, '10.70', 'RRIV 124', 6060, 5858, 50, '152', '13.176028, 104.633167', NULL, '0', 1, 0, '0', '155', 2, 'NT2', NULL, NULL),
(15, 'Lô 120', 2012, '24.40', 'RRIV 124', 13722, 13088, 82, '552', '13.188667, 104.660694', NULL, '0', 1, 0, '0', '223', 3, 'NT3', NULL, NULL),
(16, 'Lô 121', 2013, '25.00', 'RRIV 124', 14026, 13748, 120, '158', '13.188500, 104.665417', NULL, '0', 1, 0, '0', '261', 3, 'NT3', NULL, NULL),
(17, 'Lô 122', 2013, '11.90', 'RRIV 124', 6160, 5984, 64, '112', '13.188611, 104.669389', NULL, '0', 1, 0, '0', '262', 3, 'NT3', NULL, NULL),
(18, 'Lô 123', 2013, '11.14', 'RRIV 124', 6126, 5991, 17, '118', '13.188583, 104.676111', NULL, '0', 1, 0, '0', '344', 4, 'NT4', NULL, NULL),
(19, 'Lô 124', 2012, '25.00', 'RRIV 124', 14010, 13216, 124, '670', '13.188889, 104.679528', NULL, '0', 1, 0, '0', '298', 4, 'NT4', NULL, NULL),
(20, 'Lô 125', 2012, '25.00', 'RRIV 124', 14026, 13380, 101, '545', '13.188806, 104.684139', NULL, '0', 1, 0, '0', '299', 4, 'NT4', NULL, NULL),
(21, 'Lô 126', 2012, '25.00', 'RRIV 124', 14022, 13484, 127, '411', '13.188889, 104.688556', NULL, '0', 1, 0, '0', '300', 4, 'NT4', NULL, NULL),
(22, 'Lô 127', 2012, '25.00', 'RRIV 124', 14108, 13598, 82, '428', '13.188889, 104.693278', NULL, '0', 1, 0, '0', '301', 4, 'NT4', NULL, NULL),
(23, 'Lô 128', 2013, '25.00', 'RRIV 124', 14026, 13555, 323, '148', '13.188944, 104.697944', NULL, '0', 1, 0, '0', '345', 4, 'NT4', NULL, NULL),
(24, 'Lô 129', 2013, '25.56', 'RRIV 124', 14455, 13962, 310, '183', '13.189000, 104.702806', NULL, '0', 1, 0, '0', '346', 4, 'NT4', NULL, NULL),
(25, 'Lô 13', 2010, '25.28', 'PB 260', 14162, 13579, 80, '503', '13.189000, 104.599722', NULL, '0', 1, 0, '0', '12', 1, 'NT1', NULL, NULL),
(26, 'Lô 13', 2013, '13.30', 'RRIV 124', 7503, 7255, 85, '163', '13.175278, 104.636806', NULL, '0', 1, 0, '0', '156', 2, 'NT2', NULL, NULL),
(27, 'Lô 130', 2012, '26.89', 'RRIV 124', 15796, 14384, 189, '1223', '13.189778, 104.708111', NULL, '0', 1, 0, '0', '371', 5, 'NT5', NULL, NULL),
(28, 'Lô 132', 2013, '31.82', 'RRIV 124', 17946, 17421, 121, '404', '13.188944, 104.716833', NULL, '0', 1, 0, '0', '432', 5, 'NT5', NULL, NULL),
(29, 'Lô 133', 2012, '23.74', 'RRIV 124', 12951, 11886, 58, '1007', '13.188944, 104.721444', NULL, '0', 1, 0, '0', '372', 5, 'NT5', NULL, NULL),
(30, 'Lô 134', 2013, '25.00', 'RRIV 124', 14291, 14002, 75, '214', '13.188750, 104.725889', NULL, '0', 1, 0, '0', '433', 5, 'NT5', NULL, NULL),
(31, 'Lô 135', 2013, '25.00', 'RRIV 124', 14197, 13998, 33, '166', '13.188806, 104.730667', NULL, '0', 1, 0, '0', '434', 5, 'NT5', NULL, NULL),
(32, 'Lô 136', 2013, '23.94', 'RRIV 124', 13426, 13100, 103, '223', '13.188500, 104.735500', NULL, '0', 1, 0, '0', '435', 5, 'NT5', NULL, NULL),
(33, 'Lô 14', 2010, '19.55', 'PB 260', 10907, 10516, 52, '339', '13.189139, 104.604694', NULL, '0', 1, 0, '0', '13', 1, 'NT1', NULL, NULL),
(34, 'Lô 14', 2013, '24.12', 'RRIV 124', 12428, 11997, 89, '342', '13.175056, 104.642250', NULL, '0', 1, 0, '0', '157', 2, 'NT2', NULL, NULL),
(35, 'Lô 146', 2013, '24.60', 'RRIV 124', 13887, 13270, 51, '566', '13.193417, 104.623333', NULL, '0', 1, 0, '0', '170', 2, 'NT2', NULL, NULL),
(36, 'Lô 147', 2013, '24.80', 'RRIV 124', 13906, 13213, 73, '620', '13.193167, 104.628056', NULL, '0', 1, 0, '0', '171', 2, 'NT2', NULL, NULL),
(37, 'Lô 148', 2013, '25.00', 'RRIV 124', 14028, 12868, 125, '1035', '13.193111, 104.632667', NULL, '0', 1, 0, '0', '172', 2, 'NT2', NULL, NULL),
(38, 'Lô 149', 2012, '22.97', 'RRIV 124', 12969, 12292, 52, '625', '13.193056, 104.637833', NULL, '0', 1, 0, '0', '138', 2, 'NT2', NULL, NULL),
(39, 'Lô 15', 2010, '25.24', 'PB 255', 14028, 13639, 19, '370', '13.188889, 104.609306', NULL, '0', 1, 0, '0', '14', 1, 'NT1', NULL, NULL),
(40, 'Lô 15', 2013, '21.88', 'RRIV 124', 12178, 11977, 16, '185', '13.174917, 104.646861', NULL, '0', 1, 0, '0', '158', 2, 'NT2', NULL, NULL),
(41, 'Lô 150', 2012, '25.00', 'RRIV 124', 14025, 13103, 71, '851', '13.193417, 104.641722', NULL, '0', 1, 0, '0', '139', 2, 'NT2', NULL, NULL),
(42, 'Lô 151', 2012, '25.00', 'RRIV 124', 13517, 12913, 106, '498', '13.193361, 104.646417', NULL, '0', 1, 0, '0', '140', 2, 'NT2', NULL, NULL),
(43, 'Lô 152', 2012, '23.00', 'RRIV 124', 12966, 12211, 103, '652', '13.193528, 104.651250', NULL, '0', 1, 0, '0', '224', 3, 'NT3', NULL, NULL),
(44, 'Lô 153', 2012, '25.00', 'RRIV 115', 14026, 13520, 99, '407', '13.193639, 104.655917', NULL, '0', 1, 0, '0', '225', 3, 'NT3', NULL, NULL),
(45, 'Lô 154', 2012, '25.00', 'RRIV 124', 14042, 13329, 192, '521', '13.193583, 104.660611', NULL, '0', 1, 0, '0', '226', 3, 'NT3', NULL, NULL),
(46, 'Lô 155', 2012, '25.00', 'RRIV 124', 14026, 13637, 82, '307', '13.193472, 104.665500', NULL, '0', 1, 0, '0', '227', 3, 'NT3', NULL, NULL),
(47, 'Lô 156', 2012, '18.80', 'RRIV 124', 11251, 10681, 87, '483', '13.193528, 104.670056', NULL, '0', 1, 0, '0', '228', 3, 'NT3', NULL, NULL),
(48, 'Lô 157', 2012, '17.80', 'RRIV 124', 10251, 10016, 50, '185', '13.193583, 104.674889', NULL, '0', 1, 0, '0', '229', 3, 'NT3', NULL, NULL),
(49, 'Lô 158', 2012, '23.87', 'RRIV 124', 12970, 12049, 85, '836', '13.193611, 104.679139', NULL, '0', 1, 0, '0', '302', 4, 'NT4', NULL, NULL),
(50, 'Lô 159', 2012, '25.00', 'RRIV 124', 14026, 13100, 199, '727', '13.193361, 104.684250', NULL, '0', 1, 0, '0', '303', 4, 'NT4', NULL, NULL),
(51, 'Lô 16', 2010, '30.02', 'PB 260', 16627, 15936, 130, '561', '13.188750, 104.614472', NULL, '0', 1, 0, '0', '15', 1, 'NT1', NULL, NULL),
(52, 'Lô 16', 2012, '21.70', 'RRIV 104', 12161, 11350, 236, '575', '13.174972, 104.651444', NULL, '0', 1, 0, '0', '217', 3, 'NT3', NULL, NULL),
(53, 'Lô 160', 2012, '25.00', 'RRIV 114', 14026, 13567, 86, '373', '13.193444, 104.688833', NULL, '0', 1, 0, '0', '304', 4, 'NT4', NULL, NULL),
(54, 'Lô 161', 2012, '22.77', 'RRIV 114', 12588, 12144, 35, '409', '13.194361, 104.692667', NULL, '0', 1, 0, '0', '305', 4, 'NT4', NULL, NULL),
(55, 'Lô 162', 2013, '43.30', 'RRIV 124', 23443, 22738, 101, '604', '13.193694, 104.698139', NULL, '0', 1, 0, '0', '347', 4, 'NT4', NULL, NULL),
(56, 'Lô 164', 2012, '33.01', 'RRIV 124', 18619, 17083, 149, '1387', '13.193778, 104.707833', NULL, '0', 1, 0, '0', '373', 5, 'NT5', NULL, NULL),
(57, 'Lô 165', 2012, '12.12', 'RRIV 124', 7033, 6397, 32, '604', '13.193556, 104.711306', NULL, '0', 1, 0, '0', '374', 5, 'NT5', NULL, NULL),
(58, 'Lô 166', 2013, '32.98', 'RRIV 124', 18387, 17450, 116, '821', '13.193639, 104.717361', NULL, '0', 1, 0, '0', '436', 5, 'NT5', NULL, NULL),
(59, 'Lô 167', 2012, '24.30', 'RRIV 124', 13471, 12846, 80, '545', '13.193583, 104.721639', NULL, '0', 1, 0, '0', '375', 5, 'NT5', NULL, NULL),
(60, 'Lô 168', 2012, '25.00', 'RRIV 124', 14026, 13495, 52, '479', '13.193500, 104.726361', NULL, '0', 1, 0, '0', '376', 5, 'NT5', NULL, NULL),
(61, 'Lô 169', 2012, '25.00', 'RRIC 121', 14020, 13664, 33, '323', '13.193639, 104.730250', NULL, '0', 1, 0, '0', '377', 5, 'NT5', NULL, NULL),
(62, 'Lô 17', 2010, '16.72', 'PB 260', 9361, 8889, 36, '436', '13.193472, 104.582194', NULL, '0', 1, 0, '0', '16', 1, 'NT1', NULL, NULL),
(63, 'Lô 17', 2013, '19.00', 'RRIV 124', 11287, 10894, 222, '171', '13.174889, 104.656722', NULL, '0', 1, 0, '0', '255', 3, 'NT3', NULL, NULL),
(64, 'Lô 170', 2012, '23.70', 'RRIC 121', 13320, 12707, 27, '586', '13.193833, 104.735917', NULL, '0', 1, 0, '0', '378', 5, 'NT5', NULL, NULL),
(65, 'Lô 18', 2010, '25.28', 'PB 260', 14027, 13432, 58, '537', '13.193528, 104.585694', NULL, '0', 1, 0, '0', '17', 1, 'NT1', NULL, NULL),
(66, 'Lô 18', 2013, '24.20', 'RRIV 124', 14118, 13690, 205, '223', '13.175000, 104.661222', NULL, '0', 1, 0, '0', '256', 3, 'NT3', NULL, NULL),
(67, 'Lô 180', 2013, '20.23', 'RRIV 124', 12105, 11623, 70, '412', '13.197750, 104.623639', NULL, '0', 1, 0, '0', '173', 2, 'NT2', NULL, NULL),
(68, 'Lô 181', 2013, '24.10', 'RRIV 124', 13565, 12859, 114, '592', '13.198000, 104.627861', NULL, '0', 1, 0, '0', '174', 2, 'NT2', NULL, NULL),
(69, 'Lô 182', 2012, '25.00', 'RRIV 107', 14027, 13177, 83, '767', '13.197889, 104.632694', NULL, '0', 1, 0, '0', '141', 2, 'NT2', NULL, NULL),
(70, 'Lô 183', 2012, '23.05', 'RRIV 124', 12892, 11928, 89, '875', '13.197750, 104.637750', NULL, '0', 1, 0, '0', '142', 2, 'NT2', NULL, NULL),
(71, 'Lô 184', 2012, '25.00', 'RRIV 124', 14033, 13268, 269, '496', '13.197889, 104.642028', NULL, '0', 1, 0, '0', '143', 2, 'NT2', NULL, NULL),
(72, 'Lô 185', 2012, '25.00', 'RRIV 124', 14029, 12970, 435, '624', '13.197833, 104.646833', NULL, '0', 1, 0, '0', '144', 2, 'NT2', NULL, NULL),
(73, 'Lô 186', 2012, '21.00', 'RRIV 124', 11600, 10963, 90, '547', '13.198000, 104.651500', NULL, '0', 1, 0, '0', '230', 3, 'NT3', NULL, NULL),
(74, 'Lô 187', 2012, '25.00', 'RRIV 115', 13168, 12416, 221, '531', '13.197944, 104.656083', NULL, '0', 1, 0, '0', '231', 3, 'NT3', NULL, NULL),
(75, 'Lô 188', 2012, '25.00', 'RRIV 124', 14026, 13380, 102, '544', '13.198000, 104.660833', NULL, '0', 1, 0, '0', '232', 3, 'NT3', NULL, NULL),
(76, 'Lô 189', 2012, '33.80', 'RRIV 124', 18635, 17432, 155, '1048', '13.198056, 104.665389', NULL, '0', 1, 0, '0', '233', 3, 'NT3', NULL, NULL),
(77, 'Lô 19', 2010, '25.04', 'PB 260', 14025, 13592, 42, '391', '13.193361, 104.590111', NULL, '0', 1, 0, '0', '18', 1, 'NT1', NULL, NULL),
(78, 'Lô 191', 2012, '31.00', 'RRIV 124', 18050, 17044, 170, '836', '13.197750, 104.675028', NULL, '0', 1, 0, '0', '234', 3, 'NT3', NULL, NULL),
(79, 'Lô 192', 2012, '25.00', 'RRIV 124', 14028, 13707, 55, '266', '13.198028, 104.679722', NULL, '0', 1, 0, '0', '306', 4, 'NT4', NULL, NULL),
(80, 'Lô 193', 2012, '25.00', 'RRIV 124', 14027, 13313, 232, '482', '13.197944, 104.684083', NULL, '0', 1, 0, '0', '307', 4, 'NT4', NULL, NULL),
(81, 'Lô 194', 2012, '25.00', 'RRIV 107', 14026, 13501, 159, '366', '13.198167, 104.689000', NULL, '0', 1, 0, '0', '308', 4, 'NT4', NULL, NULL),
(82, 'Lô 195', 2012, '27.82', 'RRIC 121', 15867, 15248, 93, '526', '13.198139, 104.693500', NULL, '0', 1, 0, '0', '309', 4, 'NT4', NULL, NULL),
(83, 'Lô 197', 2012, '27.85', 'RRIC 121', 16198, 15180, 93, '925', '13.198417, 104.702833', NULL, '0', 1, 0, '0', '310', 4, 'NT4', NULL, NULL),
(84, 'Lô 198', 2012, '25.00', 'RRIV 124', 14023, 12460, 93, '1470', '13.198417, 104.707139', NULL, '0', 1, 0, '0', '379', 5, 'NT5', NULL, NULL),
(85, 'Lô 199', 2012, '17.39', 'RRIV 124', 9813, 8759, 107, '947', '13.198111, 104.712111', NULL, '0', 1, 0, '0', '380', 5, 'NT5', NULL, NULL),
(86, 'Lô 2', 2010, '20.25', 'PB 260', 11328, 10917, 13, '398', '13.184472, 104.586111', NULL, '0', 1, 0, '0', '1', 1, 'NT1', NULL, NULL),
(87, 'Lô 20', 2010, '24.58', 'PB 260', 13367, 12888, 32, '447', '13.193278, 104.594750', NULL, '0', 1, 0, '0', '19', 1, 'NT1', NULL, NULL),
(88, 'Lô 200', 2012, '27.49', 'RRIV 124', 15114, 14192, 111, '811', '13.198056, 104.716444', NULL, '0', 1, 0, '0', '381', 5, 'NT5', NULL, NULL),
(89, 'Lô 201', 2012, '25.00', 'RRIV 124', 14029, 13167, 49, '813', '13.198028, 104.721528', NULL, '0', 1, 0, '0', '382', 5, 'NT5', NULL, NULL),
(90, 'Lô 202', 2012, '25.00', 'RRIV 124', 14026, 13172, 110, '744', '13.198278, 104.726222', NULL, '0', 1, 0, '0', '383', 5, 'NT5', NULL, NULL),
(91, 'Lô 203', 2012, '24.98', 'RRIV 124', 14017, 13385, 53, '579', '13.198028, 104.730667', NULL, '0', 1, 0, '0', '384', 5, 'NT5', NULL, NULL),
(92, 'Lô 204', 2012, '22.47', 'RRIV 124', 12766, 11731, 59, '976', '13.197972, 104.735250', NULL, '0', 1, 0, '0', '385', 5, 'NT5', NULL, NULL),
(93, 'Lô 21', 2010, '25.18', 'PB 260', 14131, 13421, 31, '679', '13.193250, 104.599583', NULL, '0', 1, 0, '0', '20', 1, 'NT1', NULL, NULL),
(94, 'Lô 213', 2011, '29.48', 'PB 260', 15087, 14739, 32, '316', '13.202556, 104.618500', NULL, '0', 1, 0, '0', '84', 1, 'NT1', NULL, NULL),
(95, 'Lô 215', 2013, '22.00', 'RRIV 124', 12476, 11949, 118, '409', '13.202861, 104.627694', NULL, '0', 1, 0, '0', '175', 2, 'NT2', NULL, NULL),
(96, 'Lô 216', 2012, '25.00', 'RRIV 115', 13968, 13361, 94, '513', '13.202583, 104.632639', NULL, '0', 1, 0, '0', '145', 2, 'NT2', NULL, NULL),
(97, 'Lô 217', 2012, '23.45', 'RRIV 124', 13063, 12485, 92, '486', '13.202722, 104.637306', NULL, '0', 1, 0, '0', '146', 2, 'NT2', NULL, NULL),
(98, 'Lô 218', 2012, '24.87', 'RRIV 124', 13853, 13141, 79, '633', '13.202667, 104.642111', NULL, '0', 1, 0, '0', '147', 2, 'NT2', NULL, NULL),
(99, 'Lô 219', 2012, '24.97', 'RRIV 124', 13964, 13574, 113, '277', '13.202778, 104.646417', NULL, '0', 1, 0, '0', '148', 2, 'NT2', NULL, NULL),
(100, 'Lô 22', 2010, '25.58', 'PB 260', 14188, 13814, 60, '314', '13.193361, 104.604306', NULL, '0', 1, 0, '0', '21', 1, 'NT1', NULL, NULL),
(101, 'Lô 220', 2012, '25.00', 'T.NGHIỆM', 13798, 13059, 285, '454', '13.202611, 104.651528', NULL, '0', 1, 0, '0', '235', 3, 'NT3', NULL, NULL),
(102, 'Lô 221', 2012, '25.00', 'RRIV 124', 14026, 13498, 120, '408', '13.202750, 104.655917', NULL, '0', 1, 0, '0', '236', 3, 'NT3', NULL, NULL),
(103, 'Lô 222', 2012, '24.58', 'RRIV 124', 13470, 12528, 219, '723', '13.202583, 104.661000', NULL, '0', 1, 0, '0', '237', 3, 'NT3', NULL, NULL),
(104, 'Lô 223', 2012, '18.71', 'RRIV 124', 11045, 10360, 73, '612', '13.202611, 104.665167', NULL, '0', 1, 0, '0', '238', 3, 'NT3', NULL, NULL),
(105, 'Lô 224', 2012, '23.74', 'RRIV 107', 9824, 9265, 98, '461', '13.202611, 104.670722', NULL, '0', 1, 0, '0', '239', 3, 'NT3', NULL, NULL),
(106, 'Lô 225', 2012, '24.50', 'RRIV 107', 13382, 12788, 112, '482', '13.202750, 104.674194', NULL, '0', 1, 0, '0', '240', 3, 'NT3', NULL, NULL),
(107, 'Lô 226', 2012, '24.96', 'RRIV 124', 13938, 13456, 73, '409', '13.202750, 104.679028', NULL, '0', 1, 0, '0', '311', 4, 'NT4', NULL, NULL),
(108, 'Lô 227', 2012, '25.00', 'RRIV 124', 14030, 13450, 120, '460', '13.202750, 104.684167', NULL, '0', 1, 0, '0', '312', 4, 'NT4', NULL, NULL),
(109, 'Lô 228', 2012, '24.91', 'RRIC 121', 13796, 13200, 0, '596', '13.202778, 104.688750', NULL, '0', 1, 0, '0', '313', 4, 'NT4', NULL, NULL),
(110, 'Lô 229', 2012, '24.30', 'RRIV 114', 13929, 13242, 150, '537', '13.202833, 104.693417', NULL, '0', 1, 0, '0', '314', 4, 'NT4', NULL, NULL),
(111, 'Lô 23', 2010, '25.28', 'PB 260', 13950, 13434, 63, '453', '13.193250, 104.609167', NULL, '0', 1, 0, '0', '22', 1, 'NT1', NULL, NULL),
(112, 'Lô 230', 2012, '19.97', 'RRIC 121', 11342, 10694, 149, '499', '13.202667, 104.698639', NULL, '0', 1, 0, '0', '315', 4, 'NT4', NULL, NULL),
(113, 'Lô 231', 2012, '25.00', 'RRIC 121', 14026, 13497, 85, '444', '13.202778, 104.702806', NULL, '0', 1, 0, '0', '316', 4, 'NT4', NULL, NULL),
(114, 'Lô 232', 2012, '25.00', 'RRIV 124', 14026, 13166, 55, '805', '13.202722, 104.707194', NULL, '0', 1, 0, '0', '386', 5, 'NT5', NULL, NULL),
(115, 'Lô 233', 2012, '24.40', 'RRIV 124', 13832, 13194, 30, '608', '13.202889, 104.712167', NULL, '0', 1, 0, '0', '387', 5, 'NT5', NULL, NULL),
(116, 'Lô 234', 2012, '17.51', 'RRIV 124', 10286, 9590, 32, '664', '13.202833, 104.717083', NULL, '0', 1, 0, '0', '388', 5, 'NT5', NULL, NULL),
(117, 'Lô 235', 2012, '25.00', 'RRIV 124', 14026, 13019, 47, '960', '13.202750, 104.721528', NULL, '0', 1, 0, '0', '389', 5, 'NT5', NULL, NULL),
(118, 'Lô 236', 2012, '25.00', 'RRIV 124', 14026, 12783, 102, '1141', '13.203000, 104.726222', NULL, '0', 1, 0, '0', '390', 5, 'NT5', NULL, NULL),
(119, 'Lô 237', 2012, '24.56', 'RRIV 124', 13765, 12840, 107, '818', '13.203000, 104.731083', NULL, '0', 1, 0, '0', '391', 5, 'NT5', NULL, NULL),
(120, 'Lô 238', 2012, '24.85', 'RRIV 124', 14182, 13296, 41, '845', '13.203000, 104.735500', NULL, '0', 1, 0, '0', '392', 5, 'NT5', NULL, NULL),
(121, 'Lô 24', 2010, '25.28', 'PB 260', 14026, 13153, 181, '692', '13.193528, 104.613694', NULL, '0', 1, 0, '0', '23', 1, 'NT1', NULL, NULL),
(122, 'Lô 247', 2011, '29.84', 'PB 260', 15221, 14041, 21, '1159', '13.207306, 104.618333', NULL, '0', 1, 0, '0', '85', 1, 'NT1', NULL, NULL),
(123, 'Lô 25', 2010, '14.30', 'PB 260', 8010, 7077, 417, '516', '13.193444, 104.617778', NULL, '0', 1, 0, '0', '24', 1, 'NT1', NULL, NULL),
(124, 'Lô 250', 2012, '25.00', 'RRIV 115', 14029, 13157, 175, '697', '13.207194, 104.632722', NULL, '0', 1, 0, '0', '149', 2, 'NT2', NULL, NULL),
(125, 'Lô 251', 2012, '25.00', 'RRIV 115', 14020, 12989, 145, '886', '13.207389, 104.637361', NULL, '0', 1, 0, '0', '150', 2, 'NT2', NULL, NULL),
(126, 'Lô 252', 2012, '22.13', 'RRIV 124', 12129, 11717, 71, '341', '13.207306, 104.642111', NULL, '0', 1, 0, '0', '151', 2, 'NT2', NULL, NULL),
(127, 'Lô 253', 2012, '25.00', 'RRIV 124', 14019, 13583, 129, '307', '13.207194, 104.646806', NULL, '0', 1, 0, '0', '152', 2, 'NT2', NULL, NULL),
(128, 'Lô 254', 2012, '25.00', 'RRIV 124', 14023, 13616, 78, '329', '13.207583, 104.651361', NULL, '0', 1, 0, '0', '241', 3, 'NT3', NULL, NULL),
(129, 'Lô 255', 2012, '25.00', 'RRIV 124', 14027, 13438, 112, '477', '13.207306, 104.655778', NULL, '0', 1, 0, '0', '242', 3, 'NT3', NULL, NULL),
(130, 'Lô 256', 2012, '27.52', 'RRIV 124', 16128, 15416, 134, '578', '13.207444, 104.660750', NULL, '0', 1, 0, '0', '243', 3, 'NT3', NULL, NULL),
(131, 'Lô 258', 2012, '29.81', 'RRIV 124', 15852, 14766, 245, '841', '13.207444, 104.669944', NULL, '0', 1, 0, '0', '244', 3, 'NT3', NULL, NULL),
(132, 'Lô 259', 2012, '24.91', 'RRIV 124', 14027, 13631, 90, '306', '13.207278, 104.674833', NULL, '0', 1, 0, '0', '245', 3, 'NT3', NULL, NULL),
(133, 'Lô 26', 2010, '13.02', 'PB 260', 7220, 6836, 20, '364', '13.197694, 104.582306', NULL, '0', 1, 0, '0', '25', 1, 'NT1', NULL, NULL),
(134, 'Lô 260', 2012, '24.47', 'RRIV 124', 13765, 12633, 90, '1042', '13.207500, 104.679306', NULL, '0', 1, 0, '0', '317', 4, 'NT4', NULL, NULL),
(135, 'Lô 261', 2012, '25.00', 'RRIV 124', 14028, 13215, 142, '671', '13.207444, 104.684222', NULL, '0', 1, 0, '0', '318', 4, 'NT4', NULL, NULL),
(136, 'Lô 262', 2012, '36.51', 'RRIV 124', 20763, 19962, 65, '736', '13.207472, 104.688583', NULL, '0', 1, 0, '0', '319', 4, 'NT4', NULL, NULL),
(137, 'Lô 263', 2012, '16.64', 'RRIV 124', 9125, 8654, 25, '446', '13.207889, 104.694444', NULL, '0', 1, 0, '0', '320', 4, 'NT4', NULL, NULL),
(138, 'Lô 265', 2012, '36.25', 'RRIC 121', 19780, 18497, 165, '1118', '13.207417, 104.702778', NULL, '0', 1, 0, '0', '321', 4, 'NT4', NULL, NULL),
(139, 'Lô 266', 2012, '25.00', 'RRIV 124', 14026, 13527, 100, '399', '13.207528, 104.707389', NULL, '0', 1, 0, '0', '393', 5, 'NT5', NULL, NULL),
(140, 'Lô 267', 2012, '19.49', 'RRIV 124', 11177, 10324, 124, '729', '13.207500, 104.711833', NULL, '0', 1, 0, '0', '394', 5, 'NT5', NULL, NULL),
(141, 'Lô 268', 2012, '21.02', 'RRIV 124', 12171, 11578, 64, '529', '13.207417, 104.717028', NULL, '0', 1, 0, '0', '395', 5, 'NT5', NULL, NULL),
(142, 'Lô 269', 2012, '25.00', 'RRIV 124', 14027, 12820, 59, '1148', '13.207389, 104.721556', NULL, '0', 1, 0, '0', '396', 5, 'NT5', NULL, NULL),
(143, 'Lô 27', 2010, '25.28', 'PB 260', 14033, 13630, 15, '388', '13.197833, 104.585472', NULL, '0', 1, 0, '0', '26', 1, 'NT1', NULL, NULL),
(144, 'Lô 270', 2012, '25.00', 'RRIV 124', 14026, 13403, 129, '494', '13.207583, 104.726083', NULL, '0', 1, 0, '0', '397', 5, 'NT5', NULL, NULL),
(145, 'Lô 271', 2012, '19.11', 'RRIV 124', 10861, 9723, 56, '1082', '13.206778, 104.730722', NULL, '0', 1, 0, '0', '398', 5, 'NT5', NULL, NULL),
(146, 'Lô 272', 2012, '5.63', 'RRIV 124', 3524, 3401, 11, '112', '13.207583, 104.736889', NULL, '0', 1, 0, '0', '399', 5, 'NT5', NULL, NULL),
(147, 'Lô 28', 2010, '25.28', 'PB 260', 14047, 13491, 29, '527', '13.197639, 104.590444', NULL, '0', 1, 0, '0', '27', 1, 'NT1', NULL, NULL),
(148, 'Lô 281', 2011, '33.58', 'PB 260', 18633, 16818, 64, '1751', '13.211611, 104.618722', NULL, '0', 1, 0, '0', '86', 1, 'NT1', NULL, NULL),
(149, 'Lô 283', 2011, '25.00', 'PB 260', 14016, 12793, 162, '1061', '13.211667, 104.627694', NULL, '0', 1, 0, '0', '90', 2, 'NT2', NULL, NULL),
(150, 'Lô 284', 2011, '25.00', 'PB 260', 14026, 13572, 69, '385', '13.211722, 104.632528', NULL, '0', 1, 0, '0', '91', 2, 'NT2', NULL, NULL),
(151, 'Lô 285', 2011, '25.00', 'PB 260', 14005, 13494, 66, '445', '13.211500, 104.637250', NULL, '0', 1, 0, '0', '92', 2, 'NT2', NULL, NULL),
(152, 'Lô 286', 2011, '25.00', 'PB 260', 13436, 12309, 46, '1081', '13.211611, 104.641889', NULL, '0', 1, 0, '0', '93', 2, 'NT2', NULL, NULL),
(153, 'Lô 287', 2011, '25.00', 'PB 260', 14028, 13467, 48, '513', '13.211722, 104.646417', NULL, '0', 1, 0, '0', '94', 2, 'NT2', NULL, NULL),
(154, 'Lô 288', 2011, '23.80', 'PB 260', 12210, 11614, 142, '454', '13.211889, 104.651194', NULL, '0', 1, 0, '0', '182', 3, 'NT3', NULL, NULL),
(155, 'Lô 289', 2011, '25.00', 'PB 260', 13834, 13414, 56, '364', '13.211667, 104.656000', NULL, '0', 1, 0, '0', '183', 3, 'NT3', NULL, NULL),
(156, 'Lô 29', 2010, '24.80', 'PB 260', 13857, 13101, 108, '648', '13.197917, 104.594917', NULL, '0', 1, 0, '0', '28', 1, 'NT1', NULL, NULL),
(157, 'Lô 290', 2011, '22.33', 'PB 260', 13086, 12412, 57, '617', '13.212028, 104.660472', NULL, '0', 1, 0, '0', '184', 3, 'NT3', NULL, NULL),
(158, 'Lô 291', 2011, '25.00', 'PB 260', 13643, 12946, 100, '597', '13.211778, 104.665361', NULL, '0', 1, 0, '0', '185', 3, 'NT3', NULL, NULL),
(159, 'Lô 292', 2011, '25.00', 'PB 260', 14028, 13607, 56, '365', '13.211639, 104.669917', NULL, '0', 1, 0, '0', '186', 3, 'NT3', NULL, NULL),
(160, 'Lô 293', 2011, '25.00', 'PB 260', 14026, 13696, 83, '247', '13.211722, 104.674500', NULL, '0', 1, 0, '0', '187', 3, 'NT3', NULL, NULL),
(161, 'Lô 294', 2011, '24.00', 'PB 260', 13310, 12282, 38, '990', '13.211833, 104.679611', NULL, '0', 1, 0, '0', '271', 4, 'NT4', NULL, NULL),
(162, 'Lô 295', 2012, '24.27', 'RRIV 124', 13571, 13092, 103, '376', '13.211778, 104.684028', NULL, '0', 1, 0, '0', '322', 4, 'NT4', NULL, NULL),
(163, 'Lô 296', 2012, '23.13', 'RRIV 124', 13067, 12221, 141, '705', '13.211972, 104.688667', NULL, '0', 1, 0, '0', '323', 4, 'NT4', NULL, NULL),
(164, 'Lô 297', 2012, '24.81', 'RRIV 124', 13910, 12594, 83, '1233', '13.211944, 104.693139', NULL, '0', 1, 0, '0', '324', 4, 'NT4', NULL, NULL),
(165, 'Lô 298', 2012, '17.18', 'RRIV 124', 10842, 10425, 58, '359', '13.211917, 104.697417', NULL, '0', 1, 0, '0', '325', 4, 'NT4', NULL, NULL),
(166, 'Lô 299', 2012, '25.00', 'RRIV 124', 14026, 13142, 98, '786', '13.211944, 104.702750', NULL, '0', 1, 0, '0', '326', 4, 'NT4', NULL, NULL),
(167, 'Lô 3', 2010, '20.52', 'PB 260', 11465, 10785, 101, '579', '13.184667, 104.590833', NULL, '0', 1, 0, '0', '2', 1, 'NT1', NULL, NULL),
(168, 'Lô 30', 2010, '25.17', 'PB 260', 14134, 13617, 30, '487', '13.197917, 104.599667', NULL, '0', 1, 0, '0', '29', 1, 'NT1', NULL, NULL),
(169, 'Lô 300', 2012, '25.00', 'RRIV 124', 14010, 13122, 61, '827', '13.211778, 104.707306', NULL, '0', 1, 0, '0', '400', 5, 'NT5', NULL, NULL),
(170, 'Lô 301', 2012, '20.01', 'RRIV 124', 10905, 10161, 37, '707', '13.212639, 104.712833', NULL, '0', 1, 0, '0', '401', 5, 'NT5', NULL, NULL),
(171, 'Lô 302', 2012, '23.74', 'RRIV 124', 13583, 12914, 48, '621', '13.212000, 104.716944', NULL, '0', 1, 0, '0', '402', 5, 'NT5', NULL, NULL),
(172, 'Lô 303', 2012, '24.71', 'RRIV 124', 13557, 12841, 38, '678', '13.211944, 104.721667', NULL, '0', 1, 0, '0', '403', 5, 'NT5', NULL, NULL),
(173, 'Lô 304', 2012, '24.56', 'RRIV 124', 13774, 12834, 191, '749', '13.211944, 104.726167', NULL, '0', 1, 0, '0', '404', 5, 'NT5', NULL, NULL),
(174, 'Lô 305', 2012, '39.86', 'RRIV 124', 22437, 20731, 126, '1580', '13.211639, 104.731417', NULL, '0', 1, 0, '0', '405', 5, 'NT5', NULL, NULL),
(175, 'Lô 306', 2012, '11.91', 'RRIV 124', 6337, 6050, 25, '262', '13.211556, 104.736528', NULL, '0', 1, 0, '0', '406', 5, 'NT5', NULL, NULL),
(176, 'Lô 31', 2010, '25.58', 'PB 260', 13414, 13067, 25, '322', '13.197806, 104.604500', NULL, '0', 1, 0, '0', '30', 1, 'NT1', NULL, NULL),
(177, 'Lô 314', 2011, '25.56', 'PB 260', 16422, 14840, 117, '1465', '13.216250, 104.618750', NULL, '0', 1, 0, '0', '87', 1, 'NT1', NULL, NULL),
(178, 'Lô 316', 2011, '25.00', 'PB 260', 14033, 13162, 127, '744', '13.216361, 104.628222', NULL, '0', 1, 0, '0', '95', 2, 'NT2', NULL, NULL),
(179, 'Lô 317', 2011, '25.00', 'PB 260', 14030, 13537, 147, '346', '13.216528, 104.632806', NULL, '0', 1, 0, '0', '96', 2, 'NT2', NULL, NULL),
(180, 'Lô 318', 2011, '25.00', 'RRIV 124', 14028, 13422, 98, '508', '13.216528, 104.637417', NULL, '0', 1, 0, '0', '97', 2, 'NT2', NULL, NULL),
(181, 'Lô 319', 2011, '25.00', 'PB 260', 13905, 13440, 86, '379', '13.216472, 104.642083', NULL, '0', 1, 0, '0', '98', 2, 'NT2', NULL, NULL),
(182, 'Lô 32', 2010, '24.92', 'PB 260', 12427, 11984, 48, '395', '13.197806, 104.609194', NULL, '0', 1, 0, '0', '31', 1, 'NT1', NULL, NULL),
(183, 'Lô 320', 2011, '25.00', 'PB 260', 14026, 13640, 72, '314', '13.216333, 104.646639', NULL, '0', 1, 0, '0', '99', 2, 'NT2', NULL, NULL),
(184, 'Lô 321', 2011, '25.00', 'PB 260', 14027, 13334, 124, '569', '13.216306, 104.651194', NULL, '0', 1, 0, '0', '188', 3, 'NT3', NULL, NULL),
(185, 'Lô 322', 2011, '25.00', 'PB 260', 14027, 13578, 77, '372', '13.216361, 104.656139', NULL, '0', 1, 0, '0', '189', 3, 'NT3', NULL, NULL),
(186, 'Lô 323', 2011, '22.36', 'PB 260', 13305, 12371, 126, '808', '13.216194, 104.660167', NULL, '0', 1, 0, '0', '190', 3, 'NT3', NULL, NULL),
(187, 'Lô 324', 2011, '25.00', 'PB 260', 14026, 13144, 99, '783', '13.216444, 104.665778', NULL, '0', 1, 0, '0', '191', 3, 'NT3', NULL, NULL),
(188, 'Lô 325', 2011, '25.00', 'PB 260', 14026, 13569, 144, '313', '13.216250, 104.670250', NULL, '0', 1, 0, '0', '192', 3, 'NT3', NULL, NULL),
(189, 'Lô 326', 2011, '24.95', 'PB 260', 13988, 13603, 82, '303', '13.216472, 104.674972', NULL, '0', 1, 0, '0', '193', 3, 'NT3', NULL, NULL),
(190, 'Lô 327', 2011, '25.00', 'RRIM 600', 13996, 13463, 96, '437', '13.216194, 104.679194', NULL, '0', 1, 0, '0', '272', 4, 'NT4', NULL, NULL),
(191, 'Lô 328', 2011, '25.00', 'PB 260', 14026, 13694, 70, '262', '13.216389, 104.683972', NULL, '0', 1, 0, '0', '273', 4, 'NT4', NULL, NULL),
(192, 'Lô 329', 2012, '24.13', 'RRIV 124', 14017, 13302, 133, '582', '13.216528, 104.687917', NULL, '0', 1, 0, '0', '327', 4, 'NT4', NULL, NULL),
(193, 'Lô 33', 2010, '25.06', 'PB 260', 13772, 13343, 76, '353', '13.197806, 104.613778', NULL, '0', 1, 0, '0', '32', 1, 'NT1', NULL, NULL),
(194, 'Lô 330', 2012, '23.15', 'RRIV 124', 13261, 12480, 74, '707', '13.216472, 104.693222', NULL, '0', 1, 0, '0', '328', 4, 'NT4', NULL, NULL),
(195, 'Lô 331', 2011, '23.00', 'PB 260', 12978, 12156, 48, '774', '13.216528, 104.697861', NULL, '0', 1, 0, '0', '274', 4, 'NT4', NULL, NULL),
(196, 'Lô 332', 2011, '25.00', 'PB 260', 14025, 13573, 22, '430', '13.216417, 104.702694', NULL, '0', 1, 0, '0', '275', 4, 'NT4', NULL, NULL),
(197, 'Lô 334', 2011, '25.00', 'PB 260', 14029, 13387, 65, '577', '13.216389, 104.707139', NULL, '0', 1, 0, '0', '276', 4, 'NT4', NULL, NULL),
(198, 'Lô 335', 2012, '23.95', 'RRIV 124', 12718, 11631, 99, '988', '13.216500, 104.712639', NULL, '0', 1, 0, '0', '407', 5, 'NT5', NULL, NULL),
(199, 'Lô 336', 2012, '23.70', 'RRIV 124', 13652, 13107, 123, '422', '13.216361, 104.716750', NULL, '0', 1, 0, '0', '408', 5, 'NT5', NULL, NULL),
(200, 'Lô 337', 2012, '23.58', 'RRIV 124', 13225, 12267, 80, '878', '13.216417, 104.721444', NULL, '0', 1, 0, '0', '410', 5, 'NT5', NULL, NULL),
(201, 'Lô 338', 2012, '23.51', 'RRIV 124', 12795, 11476, 154, '1165', '13.216472, 104.726278', NULL, '0', 1, 0, '0', '409', 5, 'NT5', NULL, NULL),
(202, 'Lô 339', 2012, '22.53', 'RRIV 124', 12479, 11506, 104, '869', '13.216806, 104.730222', NULL, '0', 1, 0, '0', '411', 5, 'NT5', NULL, NULL),
(203, 'Lô 34', 2010, '19.88', 'PB 260', 11345, 10689, 57, '599', '13.197917, 104.618389', NULL, '0', 1, 0, '0', '33', 1, 'NT1', NULL, NULL),
(204, 'Lô 340', 2012, '21.61', 'RRIV 107', 12167, 11160, 127, '880', '13.216667, 104.735278', NULL, '0', 1, 0, '0', '412', 5, 'NT5', NULL, NULL),
(205, 'Lô 349', 2011, '26.48', 'PB 260', 15041, 13605, 81, '1355', '13.220889, 104.618389', NULL, '0', 1, 0, '0', '88', 1, 'NT1', NULL, NULL),
(206, 'Lô 35', 2010, '33.10', 'PB 260', 19796, 17952, 49, '1795', '13.202639, 104.585333', NULL, '0', 1, 0, '0', '34', 1, 'NT1', NULL, NULL),
(207, 'Lô 350', 2011, '10.60', 'PB 260', 5669, 5513, 20, '136', '13.220917, 104.624444', NULL, '0', 1, 0, '0', '100', 2, 'NT2', NULL, NULL),
(208, 'Lô 351', 2011, '19.00', 'PB 260', 10466, 9953, 50, '463', '13.221111, 104.626583', NULL, '0', 1, 0, '0', '101', 2, 'NT2', NULL, NULL),
(209, 'Lô 352', 2011, '24.00', 'PB 260', 13408, 12613, 111, '684', '13.220722, 104.632528', NULL, '0', 1, 0, '0', '102', 2, 'NT2', NULL, NULL),
(210, 'Lô 353', 2011, '25.00', 'RRIM 600', 14010, 13211, 53, '746', '13.220972, 104.637306', NULL, '0', 1, 0, '0', '103', 2, 'NT2', NULL, NULL),
(211, 'Lô 354', 2011, '25.00', 'THÍ NGHIỆM', 12405, 11511, 97, '797', '13.221917, 104.641333', NULL, '0', 1, 0, '0', '104', 2, 'NT2', NULL, NULL),
(212, 'Lô 355', 2011, '25.00', 'PB 260', 14026, 13434, 80, '512', '13.220944, 104.646556', NULL, '0', 1, 0, '0', '105', 2, 'NT2', NULL, NULL),
(213, 'Lô 356', 2011, '24.00', 'PB 260', 13416, 12728, 170, '518', '13.220778, 104.651083', NULL, '0', 1, 0, '0', '194', 3, 'NT3', NULL, NULL),
(214, 'Lô 357', 2011, '24.00', 'PB 260', 13428, 12733, 80, '615', '13.220472, 104.655694', NULL, '0', 1, 0, '0', '195', 3, 'NT3', NULL, NULL),
(215, 'Lô 358', 2011, '23.47', 'PB 260', 13076, 12366, 42, '668', '13.220944, 104.659722', NULL, '0', 1, 0, '0', '196', 3, 'NT3', NULL, NULL),
(216, 'Lô 359', 2011, '21.24', 'PB 260', 13861, 13270, 65, '526', '13.220722, 104.665361', NULL, '0', 1, 0, '0', '197', 3, 'NT3', NULL, NULL),
(217, 'Lô 36', 2010, '25.28', 'PB 260', 14026, 13294, 95, '637', '13.202417, 104.590389', NULL, '0', 1, 0, '0', '35', 1, 'NT1', NULL, NULL),
(218, 'Lô 360', 2011, '25.00', 'PB 260', 14026, 13679, 72, '275', '13.220833, 104.669750', NULL, '0', 1, 0, '0', '198', 3, 'NT3', NULL, NULL),
(219, 'Lô 361', 2011, '25.00', 'PB 260', 14026, 13665, 75, '286', '13.220917, 104.674306', NULL, '0', 1, 0, '0', '199', 3, 'NT3', NULL, NULL),
(220, 'Lô 362', 2011, '24.75', 'PB 260', 12974, 12514, 21, '439', '13.221139, 104.678556', NULL, '0', 1, 0, '0', '277', 4, 'NT4', NULL, NULL),
(221, 'Lô 363', 2011, '24.86', 'PB 260', 13495, 12597, 34, '864', '13.221083, 104.684083', NULL, '0', 1, 0, '0', '278', 4, 'NT4', NULL, NULL),
(222, 'Lô 364', 2011, '25.00', 'PB 260', 14026, 13358, 209, '459', '13.221083, 104.688528', NULL, '0', 1, 0, '0', '279', 4, 'NT4', NULL, NULL),
(223, 'Lô 365', 2011, '23.66', 'PB 260', 13628, 12884, 56, '688', '13.221028, 104.692222', NULL, '0', 1, 0, '0', '280', 4, 'NT4', NULL, NULL),
(224, 'Lô 366', 2011, '25.00', 'PB 260', 14027, 13529, 59, '439', '13.220944, 104.697917', NULL, '0', 1, 0, '0', '281', 4, 'NT4', NULL, NULL),
(225, 'Lô 367', 2011, '25.00', 'PB 260', 14026, 13381, 61, '584', '13.221028, 104.701444', NULL, '0', 1, 0, '0', '282', 4, 'NT4', NULL, NULL),
(226, 'Lô 368', 2011, '25.00', 'PB 260', 14026, 13203, 114, '709', '13.220917, 104.706611', NULL, '0', 1, 0, '0', '283', 4, 'NT4', NULL, NULL),
(227, 'Lô 369', 2011, '23.00', 'PB 260', 12689, 12151, 18, '520', '13.220806, 104.711028', NULL, '0', 1, 0, '0', '355', 5, 'NT5', NULL, NULL),
(228, 'Lô 37', 2010, '25.28', 'PB 260', 14035, 13015, 101, '919', '13.202333, 104.595111', NULL, '0', 1, 0, '0', '36', 1, 'NT1', NULL, NULL),
(229, 'Lô 370', 2011, '24.00', 'PB 260', 13640, 13099, 22, '519', '13.220889, 104.716722', NULL, '0', 1, 0, '0', '356', 5, 'NT5', NULL, NULL),
(230, 'Lô 371', 2011, '25.00', 'PB 260', 14106, 13466, 111, '529', '13.220889, 104.721556', NULL, '0', 1, 0, '0', '357', 5, 'NT5', NULL, NULL),
(231, 'Lô 372', 2011, '24.00', 'PB 260', 13652, 13073, 76, '503', '13.220833, 104.725806', NULL, '0', 1, 0, '0', '358', 5, 'NT5', NULL, NULL),
(232, 'Lô 373', 2012, '25.00', 'RRIV 124', 14019, 12961, 119, '939', '13.221056, 104.730556', NULL, '0', 1, 0, '0', '413', 5, 'NT5', NULL, NULL),
(233, 'Lô 374', 2012, '22.97', 'RRIV 107', 12738, 12158, 59, '521', '13.221111, 104.735139', NULL, '0', 1, 0, '0', '414', 5, 'NT5', NULL, NULL),
(234, 'Lô 38', 2010, '24.22', 'PB 260', 13396, 12752, 34, '610', '13.202389, 104.600028', NULL, '0', 1, 0, '0', '37', 1, 'NT1', NULL, NULL),
(235, 'Lô 384', 2011, '14.00', 'PB 260', 7812, 7515, 70, '227', '13.225750, 104.624139', NULL, '0', 1, 0, '0', '106', 2, 'NT2', NULL, NULL),
(236, 'Lô 385', 2011, '18.00', 'PB 260', 9922, 9430, 74, '418', '13.225833, 104.627056', NULL, '0', 1, 0, '0', '107', 2, 'NT2', NULL, NULL),
(237, 'Lô 386', 2011, '30.00', 'RRIV 107', 17143, 16310, 126, '707', '13.225361, 104.632750', NULL, '0', 1, 0, '0', '108', 2, 'NT2', NULL, NULL),
(238, 'Lô 387', 2011, '25.00', 'RRIV 124', 14025, 13362, 88, '575', '13.225472, 104.636944', NULL, '0', 1, 0, '0', '109', 2, 'NT2', NULL, NULL),
(239, 'Lô 388', 2011, '25.00', 'PB 260', 14026, 13538, 52, '436', '13.225444, 104.641861', NULL, '0', 1, 0, '0', '110', 2, 'NT2', NULL, NULL),
(240, 'Lô 389', 2011, '23.00', 'PB 260', 12856, 12116, 103, '637', '13.225333, 104.646528', NULL, '0', 1, 0, '0', '111', 2, 'NT2', NULL, NULL),
(241, 'Lô 39', 2010, '25.54', 'PB 260', 14125, 13409, 81, '635', '13.202167, 104.604472', NULL, '0', 1, 0, '0', '38', 1, 'NT1', NULL, NULL),
(242, 'Lô 390', 2011, '25.00', 'PB 260', 14026, 13059, 193, '774', '13.225389, 104.651111', NULL, '0', 1, 0, '0', '200', 3, 'NT3', NULL, NULL),
(243, 'Lô 391', 2011, '25.00', 'PB 260', 13849, 13280, 78, '491', '13.226028, 104.655528', NULL, '0', 1, 0, '0', '201', 3, 'NT3', NULL, NULL),
(244, 'Lô 392', 2011, '22.84', 'PB 260', 12904, 12425, 66, '413', '13.225333, 104.661528', NULL, '0', 1, 0, '0', '202', 3, 'NT3', NULL, NULL),
(245, 'Lô 393', 2011, '16.09', 'PB 260', 10910, 10250, 107, '553', '13.225250, 104.665722', NULL, '0', 1, 0, '0', '203', 3, 'NT3', NULL, NULL),
(246, 'Lô 394', 2011, '19.51', 'PB 260', 11221, 10921, 48, '252', '13.225250, 104.670139', NULL, '0', 1, 0, '0', '204', 3, 'NT3', NULL, NULL),
(247, 'Lô 395', 2011, '25.00', 'PB 260', 14026, 13632, 67, '327', '13.225194, 104.674722', NULL, '0', 1, 0, '0', '205', 3, 'NT3', NULL, NULL),
(248, 'Lô 396', 2011, '25.00', 'PB 260', 14027, 13665, 37, '325', '13.225306, 104.679500', NULL, '0', 1, 0, '0', '206', 3, 'NT3', NULL, NULL),
(249, 'Lô 397', 2011, '25.00', 'PB 260', 14039, 13661, 109, '269', '13.225500, 104.683917', NULL, '0', 1, 0, '0', '284', 4, 'NT4', NULL, NULL),
(250, 'Lô 398', 2011, '25.00', 'PB 260', 14028, 13560, 119, '349', '13.225500, 104.688528', NULL, '0', 1, 0, '0', '285', 4, 'NT4', NULL, NULL),
(251, 'Lô 399', 2011, '22.94', 'PB 260', 13148, 12505, 90, '553', '13.225694, 104.693361', NULL, '0', 1, 0, '0', '286', 4, 'NT4', NULL, NULL),
(252, 'Lô 4', 2010, '16.65', 'PB 260', 9407, 9054, 20, '333', '13.184667, 104.596306', NULL, '0', 1, 0, '0', '3', 1, 'NT1', NULL, NULL),
(253, 'Lô 40', 2010, '25.28', 'PB 260', 14025, 13514, 49, '462', '13.202444, 104.609111', NULL, '0', 1, 0, '0', '39', 1, 'NT1', NULL, NULL),
(254, 'Lô 400', 2011, '25.00', 'PB 260', 14030, 13803, 53, '174', '13.225500, 104.698083', NULL, '0', 1, 0, '0', '287', 4, 'NT4', NULL, NULL),
(255, 'Lô 401', 2011, '25.00', 'PB 260', 14026, 13642, 62, '322', '13.225444, 104.702722', NULL, '0', 1, 0, '0', '288', 4, 'NT4', NULL, NULL),
(256, 'Lô 402', 2011, '25.00', 'PB 260', 14026, 13448, 63, '515', '13.225500, 104.707306', NULL, '0', 1, 0, '0', '289', 4, 'NT4', NULL, NULL),
(257, 'Lô 403', 2011, '22.00', 'PB 260', 11915, 10804, 173, '938', '13.225639, 104.711472', NULL, '0', 1, 0, '0', '359', 5, 'NT5', NULL, NULL),
(258, 'Lô 404', 2011, '24.00', 'PB 260', 13528, 13086, 90, '352', '13.225500, 104.716639', NULL, '0', 1, 0, '0', '360', 5, 'NT5', NULL, NULL),
(259, 'Lô 405', 2011, '25.00', 'PB 260', 14027, 13463, 108, '456', '13.225361, 104.721250', NULL, '0', 1, 0, '0', '361', 5, 'NT5', NULL, NULL),
(260, 'Lô 406', 2011, '24.76', 'PB 260', 13928, 13463, 73, '392', '13.225250, 104.726056', NULL, '0', 1, 0, '0', '362', 5, 'NT5', NULL, NULL),
(261, 'Lô 407', 2012, '32.34', 'RRIV 124', 17869, 17239, 90, '540', '13.225306, 104.730889', NULL, '0', 1, 0, '0', '415', 5, 'NT5', NULL, NULL),
(262, 'Lô 408', 2012, '10.77', 'RRIV 124', 6165, 5940, 32, '193', '13.225667, 104.736111', NULL, '0', 1, 0, '0', '416', 5, 'NT5', NULL, NULL),
(263, 'Lô 41', 2010, '25.28', 'PB 260', 14028, 13378, 100, '550', '13.202528, 104.613917', NULL, '0', 1, 0, '0', '40', 1, 'NT1', NULL, NULL),
(264, 'Lô 417', 2011, '17.07', 'RRIV 104', 10120, 9587, 183, '350', '13.230139, 104.623750', NULL, '0', 1, 0, '0', '112', 2, 'NT2', NULL, NULL),
(265, 'Lô 418', 2011, '32.48', 'PB 260', 18388, 17523, 80, '785', '13.229944, 104.628083', NULL, '0', 1, 0, '0', '113', 2, 'NT2', NULL, NULL),
(266, 'Lô 419', 2011, '16.79', 'PB 260', 8384, 7700, 73, '611', '13.229917, 104.633000', NULL, '0', 1, 0, '0', '114', 2, 'NT2', NULL, NULL),
(267, 'Lô 42', 2010, '31.34', 'PB 260', 17308, 16020, 48, '1240', '13.206944, 104.584667', NULL, '0', 1, 0, '0', '41', 1, 'NT1', NULL, NULL),
(268, 'Lô 420', 2011, '11.90', 'RRIM 600', 7289, 6841, 40, '408', '13.230139, 104.636222', NULL, '0', 1, 0, '0', '115', 2, 'NT2', NULL, NULL),
(269, 'Lô 421', 2011, '23.39', 'PB 260', 13515, 13069, 84, '362', '13.229833, 104.642111', NULL, '0', 1, 0, '0', '116', 2, 'NT2', NULL, NULL),
(270, 'Lô 422', 2011, '25.00', 'PB 260', 14028, 13635, 103, '290', '13.229972, 104.646667', NULL, '0', 1, 0, '0', '117', 2, 'NT2', NULL, NULL),
(271, 'Lô 423', 2011, '25.00', 'PB 260', 14026, 13204, 301, '521', '13.229972, 104.651472', NULL, '0', 1, 0, '0', '207', 3, 'NT3', NULL, NULL),
(272, 'Lô 424', 2011, '24.75', 'PB 260', 13236, 12285, 121, '830', '13.230056, 104.655417', NULL, '0', 1, 0, '0', '208', 3, 'NT3', NULL, NULL),
(273, 'Lô 425A', 2011, '12.07', 'PB 260', 6765, 6584, 30, '151', '13.229889, 104.659028', NULL, '0', 1, 0, '0', '215', 3, 'NT3', NULL, NULL),
(274, 'Lô 425B', 2011, '7.83', 'PB 260', 5212, 5000, 45, '167', '13.229889, 104.661722', NULL, '0', 1, 0, '0', '216', 3, 'NT3', NULL, NULL),
(275, 'Lô 427', 2011, '23.00', 'PB 260', 11645, 11139, 121, '385', '13.230083, 104.670361', NULL, '0', 1, 0, '0', '209', 3, 'NT3', NULL, NULL),
(276, 'Lô 428', 2011, '25.00', 'PB 260', 13891, 13588, 32, '271', '13.229944, 104.674750', NULL, '0', 1, 0, '0', '210', 3, 'NT3', NULL, NULL),
(277, 'Lô 429', 2011, '24.50', 'PB 260', 12271, 11824, 33, '414', '13.229917, 104.679556', NULL, '0', 1, 0, '0', '211', 3, 'NT3', NULL, NULL),
(278, 'Lô 43', 2010, '25.28', 'PB 260', 14021, 13287, 30, '704', '13.207111, 104.590028', NULL, '0', 1, 0, '0', '42', 1, 'NT1', NULL, NULL),
(279, 'Lô 43', 2014, '10.40', 'RRIV 124', 6094, 6072, 0, '22', '13.180389, 104.619472', NULL, '0', 1, 0, '0', '176', 2, 'NT2', NULL, NULL),
(280, 'Lô 430', 2011, '25.00', 'PB 260', 14025, 13649, 115, '261', '13.229944, 104.683083', NULL, '0', 1, 0, '0', '290', 4, 'NT4', NULL, NULL),
(281, 'Lô 431', 2011, '30.20', 'PB 260', 17253, 16431, 131, '691', '13.230194, 104.688139', NULL, '0', 1, 0, '0', '291', 4, 'NT4', NULL, NULL),
(282, 'Lô 432', 2011, '9.70', 'PB 260', 6457, 6224, 41, '192', '13.230028, 104.694083', NULL, '0', 1, 0, '0', '292', 4, 'NT4', NULL, NULL),
(283, 'Lô 433', 2011, '25.00', 'PB 260', 14027, 13654, 135, '238', '13.230056, 104.698056', NULL, '0', 1, 0, '0', '293', 4, 'NT4', NULL, NULL),
(284, 'Lô 434', 2011, '24.76', 'RRIC 121', 14026, 13751, 67, '208', '13.230056, 104.702944', NULL, '0', 1, 0, '0', '294', 4, 'NT4', NULL, NULL),
(285, 'Lô 435', 2011, '25.00', 'PB 260', 14026, 13585, 89, '352', '13.230056, 104.707389', NULL, '0', 1, 0, '0', '295', 4, 'NT4', NULL, NULL),
(286, 'Lô 436', 2011, '25.00', 'PB 260', 14027, 13150, 110, '767', '13.230167, 104.711889', NULL, '0', 1, 0, '0', '363', 5, 'NT5', NULL, NULL),
(287, 'Lô 437', 2011, '25.00', 'PB 260', 14186, 13607, 193, '386', '13.230139, 104.716722', NULL, '0', 1, 0, '0', '364', 5, 'NT5', NULL, NULL),
(288, 'Lô 438', 2011, '23.24', 'PB 260', 13199, 12494, 159, '546', '13.230056, 104.721000', NULL, '0', 1, 0, '0', '365', 5, 'NT5', NULL, NULL),
(289, 'Lô 439', 2011, '19.77', 'PB 260', 10264, 9998, 94, '172', '13.230333, 104.724972', NULL, '0', 1, 0, '0', '366', 5, 'NT5', NULL, NULL),
(290, 'Lô 44', 2010, '25.28', 'PB 260', 14026, 13280, 43, '703', '13.206722, 104.594722', NULL, '0', 1, 0, '0', '43', 1, 'NT1', NULL, NULL),
(291, 'Lô 44', 2014, '13.70', 'RRIV 124', 8645, 8545, 0, '100', '13.180250, 104.622611', NULL, '0', 1, 0, '0', '177', 2, 'NT2', NULL, NULL),
(292, 'Lô 440', 2012, '14.52', 'RRIV 124', 9746, 9371, 45, '330', '13.229417, 104.730139', NULL, '0', 1, 0, '0', '417', 5, 'NT5', NULL, NULL),
(293, 'Lô 441', 2012, '20.95', 'RRIV 124', 12059, 11489, 49, '521', '13.230528, 104.735611', NULL, '0', 1, 0, '0', '418', 5, 'NT5', NULL, NULL),
(294, 'Lô 442', 2011, '19.79', 'PB 260', 11154, 10833, 74, '247', '13.234250, 104.586639', NULL, '0', 1, 0, '0', '438', 6, 'NT6', NULL, NULL),
(295, 'Lô 443', 2011, '30.10', 'PB 260', 18334, 17418, 455, '461', '13.234389, 104.590083', NULL, '0', 1, 0, '0', '439', 6, 'NT6', NULL, NULL),
(296, 'Lô 444', 2011, '19.73', 'PB 260', 11394, 10684, 335, '375', '13.234806, 104.594944', NULL, '0', 1, 0, '0', '440', 6, 'NT6', NULL, NULL),
(297, 'Lô 445', 2011, '24.07', 'PB 260', 13272, 12678, 283, '311', '13.234444, 104.599583', NULL, '0', 1, 0, '0', '441', 6, 'NT6', NULL, NULL),
(298, 'Lô 446', 2011, '25.00', 'PB 260', 14045, 13493, 171, '381', '13.234417, 104.604417', NULL, '0', 1, 0, '0', '442', 6, 'NT6', NULL, NULL),
(299, 'Lô 447', 2011, '25.00', 'PB 260', 14028, 13606, 65, '357', '13.234500, 104.609194', NULL, '0', 1, 0, '0', '443', 6, 'NT6', NULL, NULL),
(300, 'Lô 448', 2011, '31.43', 'PB 260', 17615, 16807, 122, '686', '13.234611, 104.613917', NULL, '0', 1, 0, '0', '444', 6, 'NT6', NULL, NULL),
(301, 'Lô 45', 2010, '24.44', 'PB 260', 13760, 13005, 85, '670', '13.207111, 104.600111', NULL, '0', 1, 0, '0', '44', 1, 'NT1', NULL, NULL),
(302, 'Lô 45', 2014, '28.00', 'RRIV 124', 15782, 15469, 0, '313', '13.179389, 104.628194', NULL, '0', 1, 0, '0', '178', 2, 'NT2', NULL, NULL),
(303, 'Lô 450', 2011, '32.72', 'RRIM 600', 18478, 17533, 183, '762', '13.234694, 104.622250', NULL, '0', 1, 0, '0', '118', 2, 'NT2', NULL, NULL),
(304, 'Lô 451', 2011, '25.00', 'PB 260', 14026, 13309, 69, '648', '13.234583, 104.627806', NULL, '0', 1, 0, '0', '119', 2, 'NT2', NULL, NULL),
(305, 'Lô 452', 2011, '21.65', 'PB 260', 13543, 12659, 120, '764', '13.234722, 104.632139', NULL, '0', 1, 0, '0', '120', 2, 'NT2', NULL, NULL),
(306, 'Lô 453', 2011, '23.50', 'PB 260', 13389, 12433, 93, '863', '13.234500, 104.637250', NULL, '0', 1, 0, '0', '121', 2, 'NT2', NULL, NULL),
(307, 'Lô 454', 2011, '25.00', 'PB 260', 13920, 13205, 52, '663', '13.234694, 104.641306', NULL, '0', 1, 0, '0', '122', 2, 'NT2', NULL, NULL),
(308, 'Lô 455', 2011, '25.00', 'PB 260', 14026, 13566, 47, '413', '13.234583, 104.646417', NULL, '0', 1, 0, '0', '123', 2, 'NT2', NULL, NULL),
(309, 'Lô 456', 2011, '25.00', 'PB 260', 14027, 13558, 64, '405', '13.234556, 104.651000', NULL, '0', 1, 0, '0', '212', 3, 'NT3', NULL, NULL),
(310, 'Lô 457', 2011, '24.50', 'PB 260', 13680, 12975, 31, '674', '13.234583, 104.655667', NULL, '0', 1, 0, '0', '213', 3, 'NT3', NULL, NULL),
(311, 'Lô 458', 2011, '18.34', 'PB 260', 9255, 8932, 31, '292', '13.234694, 104.659917', NULL, '0', 1, 0, '0', '214', 3, 'NT3', NULL, NULL),
(312, 'Lô 459', 2012, '13.75', 'RRIV 124', 8081, 7303, 233, '545', '13.234972, 104.666472', NULL, '0', 1, 0, '0', '246', 3, 'NT3', NULL, NULL),
(313, 'Lô 46', 2010, '25.51', 'PB 260', 13952, 13455, 37, '460', '13.207167, 104.604333', NULL, '0', 1, 0, '0', '45', 1, 'NT1', NULL, NULL),
(314, 'Lô 46', 2013, '25.00', 'RRIV 124', 13281, 12181, 555, '545', '13.179306, 104.633667', NULL, '0', 1, 0, '0', '159', 2, 'NT2', NULL, NULL),
(315, 'Lô 460', 2012, '25.00', 'RRIV 124', 14026, 13309, 119, '598', '13.234750, 104.670278', NULL, '0', 1, 0, '0', '247', 3, 'NT3', NULL, NULL),
(316, 'Lô 461', 2012, '25.00', 'RRIV 124', 14026, 13331, 137, '558', '13.234944, 104.674556', NULL, '0', 1, 0, '0', '248', 3, 'NT3', NULL, NULL),
(317, 'Lô 462', 2012, '25.00', 'RRIV 124', 12962, 12184, 124, '654', '13.234778, 104.679500', NULL, '0', 1, 0, '0', '249', 3, 'NT3', NULL, NULL),
(318, 'Lô 463', 2013, '25.00', 'RRIV 124', 14026, 13803, 79, '144', '13.234750, 104.684028', NULL, '0', 1, 0, '0', '348', 4, 'NT4', NULL, NULL),
(319, 'Lô 464', 2013, '33.20', 'RRIV 124', 18850, 18529, 66, '255', '13.234722, 104.689222', NULL, '0', 1, 0, '0', '349', 4, 'NT4', NULL, NULL),
(320, 'Lô 466', 2013, '25.00', 'RRIV 124', 14574, 14309, 57, '208', '13.234667, 104.698222', NULL, '0', 1, 0, '0', '350', 4, 'NT4', NULL, NULL),
(321, 'Lô 467', 2011, '25.00', 'PB 260', 14102, 13638, 89, '375', '13.234806, 104.702667', NULL, '0', 1, 0, '0', '296', 4, 'NT4', NULL, NULL),
(322, 'Lô 468', 2011, '25.00', 'PB 260', 14030, 13481, 92, '457', '13.234778, 104.707389', NULL, '0', 1, 0, '0', '297', 4, 'NT4', NULL, NULL),
(323, 'Lô 469', 2011, '25.00', 'PB 260', 14027, 13444, 79, '504', '13.234583, 104.712056', NULL, '0', 1, 0, '0', '367', 5, 'NT5', NULL, NULL),
(324, 'Lô 47', 2010, '25.24', 'PB 260', 14018, 13073, 82, '863', '13.207278, 104.609056', NULL, '0', 1, 0, '0', '46', 1, 'NT1', NULL, NULL),
(325, 'Lô 47', 2013, '23.80', 'RRIV 124', 12739, 12105, 166, '468', '13.179333, 104.637694', NULL, '0', 1, 0, '0', '160', 2, 'NT2', NULL, NULL),
(326, 'Lô 470', 2011, '25.00', 'PB 260', 14026, 13735, 69, '222', '13.234806, 104.716639', NULL, '0', 1, 0, '0', '368', 5, 'NT5', NULL, NULL),
(327, 'Lô 471', 2011, '25.00', 'RRIV 124', 14013, 13710, 32, '271', '13.234750, 104.721500', NULL, '0', 1, 0, '0', '369', 5, 'NT5', NULL, NULL),
(328, 'Lô 472', 2011, '25.00', 'RRIV 124', 14026, 13761, 115, '150', '13.234944, 104.726083', NULL, '0', 1, 0, '0', '370', 5, 'NT5', NULL, NULL),
(329, 'Lô 473', 2012, '27.33', 'RRIV 107', 14900, 14134, 74, '692', '13.235056, 104.730528', NULL, '0', 1, 0, '0', '419', 5, 'NT5', NULL, NULL),
(330, 'Lô 474', 2012, '17.53', 'RRIV 124', 10336, 9405, 36, '895', '13.234778, 104.735389', NULL, '0', 1, 0, '0', '420', 5, 'NT5', NULL, NULL),
(331, 'Lô 475', 2011, '14.58', 'PB 260', 8338, 8027, 48, '263', '13.239111, 104.586750', NULL, '0', 1, 0, '0', '445', 6, 'NT6', NULL, NULL),
(332, 'Lô 476', 2011, '25.00', 'PB 260', 14022, 13683, 65, '274', '13.238917, 104.590694', NULL, '0', 1, 0, '0', '446', 6, 'NT6', NULL, NULL),
(333, 'Lô 477', 2011, '25.00', 'PB 260', 14025, 13404, 140, '481', '13.239222, 104.595028', NULL, '0', 1, 0, '0', '447', 6, 'NT6', NULL, NULL),
(334, 'Lô 478', 2011, '24.32', 'PB 260', 13147, 12578, 128, '441', '13.239417, 104.599556', NULL, '0', 1, 0, '0', '448', 6, 'NT6', NULL, NULL),
(335, 'Lô 479', 2011, '24.33', 'PB 260', 13686, 13007, 89, '590', '13.239389, 104.604722', NULL, '0', 1, 0, '0', '449', 6, 'NT6', NULL, NULL),
(336, 'Lô 48', 2010, '25.24', 'PB 260', 14029, 13068, 197, '764', '13.207250, 104.614028', NULL, '0', 1, 0, '0', '47', 1, 'NT1', NULL, NULL),
(337, 'Lô 48', 2013, '20.85', 'RRIV 124', 11734, 11395, 156, '183', '13.179444, 104.642250', NULL, '0', 1, 0, '0', '161', 2, 'NT2', NULL, NULL),
(338, 'Lô 480', 2011, '25.00', 'PB 260', 14029, 13618, 50, '361', '13.239278, 104.609028', NULL, '0', 1, 0, '0', '450', 6, 'NT6', NULL, NULL),
(339, 'Lô 481', 2011, '33.78', 'PB 260', 19022, 18019, 127, '876', '13.239472, 104.614139', NULL, '0', 1, 0, '0', '451', 6, 'NT6', NULL, NULL),
(340, 'Lô 483', 2011, '31.05', 'PB 260', 17383, 16359, 367, '657', '13.239194, 104.622361', NULL, '0', 1, 0, '0', '124', 2, 'NT2', NULL, NULL),
(341, 'Lô 484', 2011, '25.00', 'PB 260', 14028, 12969, 50, '1009', '13.239167, 104.627639', NULL, '0', 1, 0, '0', '125', 2, 'NT2', NULL, NULL),
(342, 'Lô 485', 2011, '25.00', 'PB 260', 14026, 13074, 111, '841', '13.239278, 104.632639', NULL, '0', 1, 0, '0', '126', 2, 'NT2', NULL, NULL),
(343, 'Lô 486', 2011, '24.50', 'PB 260', 13391, 12571, 38, '782', '13.239389, 104.637361', NULL, '0', 1, 0, '0', '127', 2, 'NT2', NULL, NULL),
(344, 'Lô 487', 2012, '25.00', 'PB 260', 14026, 13514, 82, '430', '13.239222, 104.641694', NULL, '0', 1, 0, '0', '153', 2, 'NT2', NULL, NULL),
(345, 'Lô 488', 2012, '25.00', 'PB 260', 14026, 13506, 115, '405', '13.239417, 104.646722', NULL, '0', 1, 0, '0', '154', 2, 'NT2', NULL, NULL),
(346, 'Lô 489', 2013, '21.10', 'RRIV 124', 11790, 11208, 307, '275', '13.240194, 104.651917', NULL, '0', 1, 0, '0', '263', 3, 'NT3', NULL, NULL),
(347, 'Lô 49', 2010, '27.63', 'PB 260', 15184, 14703, 23, '458', '13.211611, 104.585500', NULL, '0', 1, 0, '0', '48', 1, 'NT1', NULL, NULL),
(348, 'Lô 49', 2012, '25.00', 'RRIV 115', 13553, 12869, 96, '588', '13.179444, 104.646806', NULL, '0', 1, 0, '0', '133', 2, 'NT2', NULL, NULL),
(349, 'Lô 490', 2013, '30.98', 'RRIV 124', 17332, 16310, 484, '538', '13.239528, 104.655917', NULL, '0', 1, 0, '0', '264', 3, 'NT3', NULL, NULL),
(350, 'Lô 492', 2013, '19.70', 'RRIV 124', 10444, 9906, 160, '378', '13.239444, 104.662139', NULL, '0', 1, 0, '0', '265', 3, 'NT3', NULL, NULL),
(351, 'Lô 493', 2013, '32.60', 'RRIV 124', 17616, 16775, 182, '659', '13.239333, 104.669917', NULL, '0', 1, 0, '0', '266', 3, 'NT3', NULL, NULL),
(352, 'Lô 494', 2012, '25.00', 'RRIV 124', 14025, 13477, 98, '450', '13.239139, 104.674667', NULL, '0', 1, 0, '0', '250', 3, 'NT3', NULL, NULL),
(353, 'Lô 495', 2013, '25.00', 'RRIV 124', 14026, 13309, 276, '441', '13.239278, 104.679361', NULL, '0', 1, 0, '0', '267', 3, 'NT3', NULL, NULL),
(354, 'Lô 496', 2013, '25.00', 'RRIV 124', 13982, 13594, 207, '181', '13.239250, 104.684000', NULL, '0', 1, 0, '0', '351', 4, 'NT4', NULL, NULL),
(355, 'Lô 497', 2012, '24.99', 'RRIV 124', 14026, 13551, 69, '406', '13.239278, 104.688639', NULL, '0', 1, 0, '0', '329', 4, 'NT4', NULL, NULL);
INSERT INTO `plots` (`id`, `tenlo`, `namtrong`, `dientich`, `giong`, `tongsocay`, `cayhuuhieu`, `khonghuuhieu`, `hotrong`, `toado`, `polygons`, `image`, `hienthi`, `trangthai`, `dtdathuchien`, `ghichu`, `farm_id`, `nongtruong`, `created_at`, `updated_at`) VALUES
(356, 'Lô 498', 2012, '17.66', 'RRIV 124', 10472, 9772, 161, '539', '13.239639, 104.692667', NULL, '0', 1, 0, '0', '330', 4, 'NT4', NULL, NULL),
(357, 'Lô 499', 2012, '17.32', 'RRIV 124', 9347, 8693, 88, '566', '13.239417, 104.698556', NULL, '0', 1, 0, '0', '331', 4, 'NT4', NULL, NULL),
(358, 'Lô 5', 2010, '25.27', 'PB 260', 14185, 13554, 175, '456', '13.184361, 104.600111', NULL, '0', 1, 0, '0', '4', 1, 'NT1', NULL, NULL),
(359, 'Lô 50', 2010, '25.28', 'PB 260', 14027, 13258, 17, '752', '13.211583, 104.590500', NULL, '0', 1, 0, '0', '49', 1, 'NT1', NULL, NULL),
(360, 'Lô 50', 2012, '25.00', 'RRIV 104', 14027, 13429, 218, '380', '13.179472, 104.651361', NULL, '0', 1, 0, '0', '218', 3, 'NT3', NULL, NULL),
(361, 'Lô 500', 2012, '25.00', 'RRIV 124', 14026, 12712, 164, '1150', '13.239278, 104.702694', NULL, '0', 1, 0, '0', '332', 4, 'NT4', NULL, NULL),
(362, 'Lô 501', 2012, '25.00', 'RRIV 124', 14026, 12818, 233, '8', '13.239444, 104.707306', NULL, '0', 1, 0, '0', '333', 4, 'NT4', NULL, NULL),
(363, 'Lô 502', 2012, '25.00', 'RRIV 124', 14028, 13259, 125, '644', '13.239472, 104.712306', NULL, '0', 1, 0, '0', '421', 5, 'NT5', NULL, NULL),
(364, 'Lô 503', 2012, '24.59', 'RRIV 124', 13576, 12964, 83, '529', '13.239056, 104.716750', NULL, '0', 1, 0, '0', '422', 5, 'NT5', NULL, NULL),
(365, 'Lô 504', 2012, '28.64', 'RRIV 124', 15845, 15098, 74, '673', '13.239472, 104.721556', NULL, '0', 1, 0, '0', '423', 5, 'NT5', NULL, NULL),
(366, 'Lô 505', 2012, '27.98', 'RRIV 124', 14486, 13297, 69, '1120', '13.239583, 104.726056', NULL, '0', 1, 0, '0', '424', 5, 'NT5', NULL, NULL),
(367, 'Lô 506', 2012, '28.35', 'RRIV 124', 15872, 14804, 90, '978', '13.238361, 104.730806', NULL, '0', 1, 0, '0', '425', 5, 'NT5', NULL, NULL),
(368, 'Lô 507', 2012, '15.95', 'RRIV 124', 8869, 8179, 56, '634', '13.238889, 104.734806', NULL, '0', 1, 0, '0', '426', 5, 'NT5', NULL, NULL),
(369, 'Lô 508', 2011, '12.62', 'PB 260', 7418, 7240, 17, '161', '13.243361, 104.586833', NULL, '0', 1, 0, '0', '452', 6, 'NT6', NULL, NULL),
(370, 'Lô 509', 2011, '21.73', 'PB 260', 12207, 11743, 69, '395', '13.243500, 104.590444', NULL, '0', 1, 0, '0', '453', 6, 'NT6', NULL, NULL),
(371, 'Lô 51', 2010, '25.28', 'PB 260', 14027, 13224, 100, '703', '13.211611, 104.594861', NULL, '0', 1, 0, '0', '50', 1, 'NT1', NULL, NULL),
(372, 'Lô 51', 2013, '25.00', 'RRIV 124', 14025, 13578, 143, '304', '13.179417, 104.656222', NULL, '0', 1, 0, '0', '257', 3, 'NT3', NULL, NULL),
(373, 'Lô 510', 2011, '21.43', 'PB 260', 12189, 11713, 89, '387', '13.243389, 104.595111', NULL, '0', 1, 0, '0', '454', 6, 'NT6', NULL, NULL),
(374, 'Lô 511', 2011, '21.43', 'PB 260', 12179, 11338, 64, '777', '13.243444, 104.599750', NULL, '0', 1, 0, '0', '455', 6, 'NT6', NULL, NULL),
(375, 'Lô 512', 2011, '17.26', 'PB 260', 9656, 8883, 57, '716', '13.243278, 104.604444', NULL, '0', 1, 0, '0', '456', 6, 'NT6', NULL, NULL),
(376, 'Lô 513', 2011, '22.22', 'PB 260', 12430, 11961, 55, '414', '13.243389, 104.609167', NULL, '0', 1, 0, '0', '457', 6, 'NT6', NULL, NULL),
(377, 'Lô 514', 2011, '21.71', 'PB 260', 12295, 11816, 53, '426', '13.243361, 104.614139', NULL, '0', 1, 0, '0', '458', 6, 'NT6', NULL, NULL),
(378, 'Lô 515', 2011, '20.39', 'PB 260', 11305, 10793, 64, '448', '13.243361, 104.618417', NULL, '0', 1, 0, '0', '459', 6, 'NT6', NULL, NULL),
(379, 'Lô 517', 2011, '23.75', 'PB 260', 14570, 13447, 194, '929', '13.243306, 104.626694', NULL, '0', 1, 0, '0', '128', 2, 'NT2', NULL, NULL),
(380, 'Lô 518', 2011, '22.16', 'PB 260', 12411, 11677, 58, '676', '13.243472, 104.632528', NULL, '0', 1, 0, '0', '129', 2, 'NT2', NULL, NULL),
(381, 'Lô 519', 2011, '14.97', 'PB 260', 8918, 8523, 49, '346', '13.243611, 104.637056', NULL, '0', 1, 0, '0', '130', 2, 'NT2', NULL, NULL),
(382, 'Lô 52', 2010, '24.46', 'PB 260', 13654, 12844, 93, '717', '13.211694, 104.599444', NULL, '0', 1, 0, '0', '51', 1, 'NT1', NULL, NULL),
(383, 'Lô 52', 2013, '23.43', 'RRIV 124', 13286, 12752, 199, '335', '13.179528, 104.660806', NULL, '0', 1, 0, '0', '258', 3, 'NT3', NULL, NULL),
(384, 'Lô 520', 2011, '21.71', 'PB 260', 12285, 11526, 158, '601', '13.243528, 104.641917', NULL, '0', 1, 0, '0', '131', 2, 'NT2', NULL, NULL),
(385, 'Lô 521', 2011, '22.01', 'PB 260', 12427, 11588, 153, '686', '13.243417, 104.646639', NULL, '0', 1, 0, '0', '132', 2, 'NT2', NULL, NULL),
(386, 'Lô 522', 2012, '22.75', 'RRIV 124', 12607, 11712, 206, '689', '13.243611, 104.651278', NULL, '0', 1, 0, '0', '251', 3, 'NT3', NULL, NULL),
(387, 'Lô 523', 2013, '21.11', 'RRIV 124', 13087, 12561, 196, '330', '13.243667, 104.655833', NULL, '0', 1, 0, '0', '268', 3, 'NT3', NULL, NULL),
(388, 'Lô 524', 2013, '32.39', 'RRIV 124', 16844, 15898, 182, '764', '13.243722, 104.661472', NULL, '0', 1, 0, '0', '269', 3, 'NT3', NULL, NULL),
(389, 'Lô 526', 2012, '17.44', 'RRIV 115', 9394, 8728, 48, '618', '13.243500, 104.669889', NULL, '0', 1, 0, '0', '252', 3, 'NT3', NULL, NULL),
(390, 'Lô 527', 2012, '22.60', 'RRIV 124', 12594, 11915, 76, '603', '13.243528, 104.674972', NULL, '0', 1, 0, '0', '253', 3, 'NT3', NULL, NULL),
(391, 'Lô 528', 2012, '22.60', 'RRIV 124', 12660, 11937, 53, '670', '13.243861, 104.679472', NULL, '0', 1, 0, '0', '254', 3, 'NT3', NULL, NULL),
(392, 'Lô 529', 2012, '22.57', 'RRIV 124', 12600, 12094, 121, '384.5', '13.243722, 104.683944', NULL, '0', 1, 0, '0', '334', 4, 'NT4', NULL, NULL),
(393, 'Lô 53', 2010, '25.26', 'PB 260', 14049, 13026, 58, '965', '13.211444, 104.604389', NULL, '0', 1, 0, '0', '52', 1, 'NT1', NULL, NULL),
(394, 'Lô 530', 2012, '22.60', 'RRIC 121', 12512, 12052, 86, '374', '13.243694, 104.688528', NULL, '0', 1, 0, '0', '335', 4, 'NT4', NULL, NULL),
(395, 'Lô 531', 2012, '17.81', 'RRIC 121', 10430, 9815, 81, '534', '13.243861, 104.692667', NULL, '0', 1, 0, '0', '336', 4, 'NT4', NULL, NULL),
(396, 'Lô 532', 2012, '15.72', 'RRIV 115', 9600, 8990, 64, '546', '13.243806, 104.698528', NULL, '0', 1, 0, '0', '337', 4, 'NT4', NULL, NULL),
(397, 'Lô 533', 2013, '21.40', 'RRIV 124', 12431, 12121, 120, '190', '13.243639, 104.702806', NULL, '0', 1, 0, '0', '352', 4, 'NT4', NULL, NULL),
(398, 'Lô 534', 2013, '21.40', 'RRIV 124', 12482, 12106, 156, '220', '13.243944, 104.707139', NULL, '0', 1, 0, '0', '353', 4, 'NT4', NULL, NULL),
(399, 'Lô 535', 2012, '19.85', 'RRIV 124', 11214, 10562, 36, '616', '13.243500, 104.711417', NULL, '0', 1, 0, '0', '427', 5, 'NT5', NULL, NULL),
(400, 'Lô 536', 2012, '23.46', 'RRIV 124', 14475, 13753, 59, '663', '13.243306, 104.715861', NULL, '0', 1, 0, '0', '428', 5, 'NT5', NULL, NULL),
(401, 'Lô 538', 2012, '29.31', 'RRIV 124', 15790, 13791, 84, '1915', '13.243500, 104.725139', NULL, '0', 1, 0, '0', '429', 5, 'NT5', NULL, NULL),
(402, 'Lô 539', 2012, '22.07', 'RRIV 124', 12616, 11219, 66, '1331', '13.244889, 104.729139', NULL, '0', 1, 0, '0', '430', 5, 'NT5', NULL, NULL),
(403, 'Lô 54', 2010, '25.28', 'PB 260', 13839, 12910, 52, '877', '13.211639, 104.609194', NULL, '0', 1, 0, '0', '53', 1, 'NT1', NULL, NULL),
(404, 'Lô 540', 2012, '9.55', 'RRIV 124', 4944, 4470, 41, '433', '13.244250, 104.735972', NULL, '0', 1, 0, '0', '431', 5, 'NT5', NULL, NULL),
(405, 'Lô 55', 2010, '25.28', 'PB 260', 14042, 13201, 37, '804', '13.211611, 104.613806', NULL, '0', 1, 0, '0', '54', 1, 'NT1', NULL, NULL),
(406, 'Lô 56', 2010, '15.46', 'PB 260', 11256, 10650, 85, '521', '13.215806, 104.586722', NULL, '0', 1, 0, '0', '55', 1, 'NT1', NULL, NULL),
(407, 'Lô 561', 2014, '21.30', 'RRIV 104', 11617, 11447, 0, '170', '13.225722, 104.562750', NULL, '0', 1, 0, '0', '460', 6, 'NT6', NULL, NULL),
(408, 'Lô 57', 2010, '25.28', 'PB 260', 14026, 13474, 104, '448', '13.215972, 104.590556', NULL, '0', 1, 0, '0', '56', 1, 'NT1', NULL, NULL),
(409, 'Lô 574', 2014, '13.40', 'RRIC 121', 7509, 7418, 0, '91', '13.230694, 104.548944', NULL, '0', 1, 0, '0', '476', 6, 'NT6', NULL, NULL),
(410, 'Lô 575', 2014, '14.20', 'RRIC 121', 7838, 7638, 0, '200', '13.230639, 104.553722', NULL, '0', 1, 0, '0', '477', 6, 'NT6', NULL, NULL),
(411, 'Lô 576', 2014, '24.80', 'RRIV 124', 14027, 13593, 0, '434', '13.230278, 104.557917', NULL, '0', 1, 0, '0', '478', 6, 'NT6', NULL, NULL),
(412, 'Lô 577', 2014, '25.00', 'RRIV 124', 14188, 13883, 0, '305', '13.230194, 104.562361', NULL, '0', 1, 0, '0', '461', 6, 'NT6', NULL, NULL),
(413, 'Lô 578', 2014, '25.00', 'RRIV 124', 14034, 13841, 0, '193', '13.230250, 104.567250', NULL, '0', 1, 0, '0', '462', 6, 'NT6', NULL, NULL),
(414, 'Lô 579', 2014, '13.10', 'RRIC 121', 7127, 7044, 0, '83', '13.230333, 104.571056', NULL, '0', 1, 0, '0', '463', 6, 'NT6', NULL, NULL),
(415, 'Lô 58', 2010, '25.28', 'PB 260', 14026, 13543, 63, '420', '13.216028, 104.595389', NULL, '0', 1, 0, '0', '57', 1, 'NT1', NULL, NULL),
(416, 'Lô 584', 2014, '14.30', 'RRIV 115', 7761, 7655, 0, '106', '13.235667, 104.521722', NULL, '0', 1, 0, '0', '509', 6, 'NT6', NULL, NULL),
(417, 'Lô 585', 2014, '28.20', 'RRIC 121', 15321, 15152, 0, '169', '13.234667, 104.525444', NULL, '0', 1, 0, '0', '510', 6, 'NT6', NULL, NULL),
(418, 'Lô 586', 2014, '31.50', 'RRIC 121', 17034, 16830, 0, '204', '13.234556, 104.530139', NULL, '0', 1, 0, '0', '511', 6, 'NT6', NULL, NULL),
(419, 'Lô 587', 2014, '12.30', 'RRIV 115', 6846, 6808, 0, '38', '13.234583, 104.533444', NULL, '0', 1, 0, '0', '512', 6, 'NT6', NULL, NULL),
(420, 'Lô 59', 2010, '25.43', 'PB 260', 14105, 13346, 71, '688', '13.216028, 104.599889', NULL, '0', 1, 0, '0', '58', 1, 'NT1', NULL, NULL),
(421, 'Lô 590', 2014, '24.40', 'RRIV 124', 13351, 12904, 0, '447', '13.234833, 104.548972', NULL, '0', 1, 0, '0', '479', 6, 'NT6', NULL, NULL),
(422, 'Lô 591', 2014, '25.00', 'RRIV 124', 14026, 13749, 0, '277', '13.234861, 104.553111', NULL, '0', 1, 0, '0', '480', 6, 'NT6', NULL, NULL),
(423, 'Lô 592', 2014, '25.00', 'RRIV 124', 14025, 13766, 0, '259', '13.234917, 104.557972', NULL, '0', 1, 0, '0', '481', 6, 'NT6', NULL, NULL),
(424, 'Lô 593', 2014, '25.00', 'RRIV 104', 14025, 13671, 0, '354', '13.234861, 104.562667', NULL, '0', 1, 0, '0', '482', 6, 'NT6', NULL, NULL),
(425, 'Lô 594', 2014, '25.00', 'RRIV 124', 13785, 13562, 0, '223', '13.234972, 104.567417', NULL, '0', 1, 0, '0', '464', 6, 'NT6', NULL, NULL),
(426, 'Lô 595', 2014, '12.80', 'RRIC 121', 6845, 6843, 0, '2', '13.235056, 104.570861', NULL, '0', 1, 0, '0', '465', 6, 'NT6', NULL, NULL),
(427, 'Lô 6', 2010, '14.81', 'PB 260', 9472, 9175, 14, '283', '13.184667, 104.604694', NULL, '0', 1, 0, '0', '5', 1, 'NT1', NULL, NULL),
(428, 'Lô 60', 2010, '25.08', 'PB 260', 13995, 13155, 89, '751', '13.216083, 104.604639', NULL, '0', 1, 0, '0', '59', 1, 'NT1', NULL, NULL),
(429, 'Lô 600', 2014, '25.00', 'RRIV 124', 13333, 13030, 0, '303', '13.239639, 104.520639', NULL, '0', 1, 0, '0', '513', 6, 'NT6', NULL, NULL),
(430, 'Lô 601', 2014, '24.40', 'RRIC 121', 13577, 13084, 0, '493', '13.239222, 104.525250', NULL, '0', 1, 0, '0', '514', 6, 'NT6', NULL, NULL),
(431, 'Lô 602', 2014, '25.00', 'RRIV 104', 14013, 13567, 0, '446', '13.239250, 104.529750', NULL, '0', 1, 0, '0', '515', 6, 'NT6', NULL, NULL),
(432, 'Lô 603', 2014, '15.10', 'RRIV 104', 8168, 7990, 0, '178', '13.239306, 104.533639', NULL, '0', 1, 0, '0', '516', 6, 'NT6', NULL, NULL),
(433, 'Lô 607', 2014, '29.30', 'RRIC 121', 16726, 16478, 0, '248', '13.239389, 104.553222', NULL, '0', 1, 0, '0', '483', 6, 'NT6', NULL, NULL),
(434, 'Lô 608', 2014, '25.00', 'RRIV 124', 14026, 13704, 0, '322', '13.239333, 104.557889', NULL, '0', 1, 0, '0', '484', 6, 'NT6', NULL, NULL),
(435, 'Lô 609', 2014, '25.00', 'RRIV 104', 14026, 13683, 0, '343', '13.239167, 104.562556', NULL, '0', 1, 0, '0', '485', 6, 'NT6', NULL, NULL),
(436, 'Lô 61', 2010, '25.28', 'PB 260', 14028, 13303, 74, '651', '13.216167, 104.609111', NULL, '0', 1, 0, '0', '60', 1, 'NT1', NULL, NULL),
(437, 'Lô 610', 2014, '25.00', 'RRIV 104', 14012, 13688, 0, '324', '13.239222, 104.567194', NULL, '0', 1, 0, '0', '466', 6, 'NT6', NULL, NULL),
(438, 'Lô 611', 2014, '31.80', 'RRIC 121', 17567, 17179, 0, '388', '13.239194, 104.572278', NULL, '0', 1, 0, '0', '467', 6, 'NT6', NULL, NULL),
(439, 'Lô 613', 2014, '8.10', 'RRIC 121', 4308, 4278, 0, '30', '13.240500, 104.583250', NULL, '0', 1, 0, '0', '468', 6, 'NT6', NULL, NULL),
(440, 'Lô 616', 2014, '28.60', 'RRIV 124', 15731, 15458, 0, '273', '13.244222, 104.520833', NULL, '0', 1, 0, '0', '517', 6, 'NT6', NULL, NULL),
(441, 'Lô 617', 2014, '25.00', 'RRIC 121', 14026, 13663, 0, '363', '13.243972, 104.524778', NULL, '0', 1, 0, '0', '518', 6, 'NT6', NULL, NULL),
(442, 'Lô 618', 2014, '25.00', 'RRIV 104', 14026, 13811, 0, '215', '13.243861, 104.529250', NULL, '0', 1, 0, '0', '494', 6, 'NT6', NULL, NULL),
(443, 'Lô 619', 2014, '19.50', 'RRIC 121', 10625, 10252, 0, '373', '13.244222, 104.534222', NULL, '0', 1, 0, '0', '495', 6, 'NT6', NULL, NULL),
(444, 'Lô 62', 2010, '25.28', 'PB 260', 14018, 13217, 131, '670', '13.216250, 104.613722', NULL, '0', 1, 0, '0', '61', 1, 'NT1', NULL, NULL),
(445, 'Lô 620', 2014, '16.00', 'RRIV 124', 8193, 8112, 0, '81', '13.244056, 104.539306', NULL, '0', 1, 0, '0', '496', 6, 'NT6', NULL, NULL),
(446, 'Lô 622', 2014, '12.10', 'RRIV 124', 6561, 6481, 0, '80', '13.244222, 104.549583', NULL, '0', 1, 0, '0', '486', 6, 'NT6', NULL, NULL),
(447, 'Lô 623', 2014, '15.90', 'RRIC 121', 9256, 9080, 0, '176', '13.243556, 104.554250', NULL, '0', 1, 0, '0', '487', 6, 'NT6', NULL, NULL),
(448, 'Lô 624', 2014, '24.60', 'RRIC 121', 13891, 13679, 0, '212', '13.243722, 104.557972', NULL, '0', 1, 0, '0', '488', 6, 'NT6', NULL, NULL),
(449, 'Lô 625', 2014, '25.00', 'RRIV 104', 14026, 13629, 0, '397', '13.243722, 104.562639', NULL, '0', 1, 0, '0', '489', 6, 'NT6', NULL, NULL),
(450, 'Lô 626', 2014, '25.00', 'RRIV 104', 13877, 13577, 0, '300', '13.243861, 104.567222', NULL, '0', 1, 0, '0', '469', 6, 'NT6', NULL, NULL),
(451, 'Lô 627', 2014, '31.30', 'RRIC 121', 17307, 16697, 0, '610', '13.243917, 104.571944', NULL, '0', 1, 0, '0', '470', 6, 'NT6', NULL, NULL),
(452, 'Lô 629', 2014, '30.50', 'RRIC 121', 16301, 15891, 0, '410', '13.244028, 104.582194', NULL, '0', 1, 0, '0', '471', 6, 'NT6', NULL, NULL),
(453, 'Lô 63', 2010, '16.37', 'PB 260', 8946, 7611, 219, '1116', '13.220639, 104.586611', NULL, '0', 1, 0, '0', '62', 1, 'NT1', NULL, NULL),
(454, 'Lô 632', 2014, '24.80', 'RRIV 124', 14126, 13789, 0, '337', '13.248250, 104.520306', NULL, '0', 1, 0, '0', '519', 6, 'NT6', NULL, NULL),
(455, 'Lô 633', 2014, '25.00', 'RRIC 121', 14028, 13611, 0, '417', '13.248306, 104.525417', NULL, '0', 1, 0, '0', '520', 6, 'NT6', NULL, NULL),
(456, 'Lô 634', 2014, '25.00', 'RRIV 104', 14020, 13812, 0, '208', '13.248333, 104.530194', NULL, '0', 1, 0, '0', '497', 6, 'NT6', NULL, NULL),
(457, 'Lô 635', 2014, '25.00', 'RRIV 124', 13920, 13501, 0, '419', '13.248389, 104.534889', NULL, '0', 1, 0, '0', '498', 6, 'NT6', NULL, NULL),
(458, 'Lô 636', 2014, '25.00', 'RRIC 121', 13919, 13468, 0, '451', '13.249222, 104.539389', NULL, '0', 1, 0, '0', '499', 6, 'NT6', NULL, NULL),
(459, 'Lô 637A', 2014, '18.00', 'RRIV 124', 9603, 9462, 0, '141', '13.249444, 104.543806', NULL, '0', 1, 0, '0', '500', 6, 'NT6', NULL, NULL),
(460, 'Lô 637B', 2014, '19.20', 'RRIV 124', 10581, 10498, 0, '83', '13.247556, 104.543528', NULL, '0', 1, 0, '0', '501', 6, 'NT6', NULL, NULL),
(461, 'Lô 639', 2014, '22.80', 'RRIV 124', 13078, 12798, 0, '280', '13.249417, 104.552472', NULL, '0', 1, 0, '0', '502', 6, 'NT6', NULL, NULL),
(462, 'Lô 64', 2010, '25.28', 'PB 260', 14024, 13379, 157, '488', '13.220722, 104.590528', NULL, '0', 1, 0, '0', '63', 1, 'NT1', NULL, NULL),
(463, 'Lô 640', 2014, '19.30', 'RRIC 121', 10464, 10296, 0, '168', '13.249417, 104.558111', NULL, '0', 1, 0, '0', '490', 6, 'NT6', NULL, NULL),
(464, 'Lô 641', 2014, '25.00', 'RRIC 121', 13769, 13299, 0, '470', '13.249528, 104.562500', NULL, '0', 1, 0, '0', '491', 6, 'NT6', NULL, NULL),
(465, 'Lô 642', 2014, '25.00', 'RRIC 121', 14026, 13890, 0, '136', '13.249528, 104.566889', NULL, '0', 1, 0, '0', '472', 6, 'NT6', NULL, NULL),
(466, 'Lô 643', 2014, '33.00', 'RRIV 124', 18481, 18140, 0, '341', '13.249194, 104.571167', NULL, '0', 1, 0, '0', '473', 6, 'NT6', NULL, NULL),
(467, 'Lô 645', 2014, '15.40', 'RRIC 121', 8475, 8406, 0, '69', '13.248167, 104.583250', NULL, '0', 1, 0, '0', '474', 6, 'NT6', NULL, NULL),
(468, 'Lô 648', 2014, '18.45', 'RRIV 124', 9876, 9734, 0, '142', '13.253250, 104.521417', NULL, '0', 1, 0, '0', '521', 6, 'NT6', NULL, NULL),
(469, 'Lô 649', 2014, '25.00', 'RRIC 121', 14026, 13830, 0, '196', '13.252972, 104.525417', NULL, '0', 1, 0, '0', '522', 6, 'NT6', NULL, NULL),
(470, 'Lô 65', 2010, '25.28', 'PB 260', 14026, 13558, 33, '435', '13.220694, 104.595056', NULL, '0', 1, 0, '0', '64', 1, 'NT1', NULL, NULL),
(471, 'Lô 650', 2014, '25.00', 'RRIC 121', 14026, 13695, 0, '331', '13.253000, 104.529806', NULL, '0', 1, 0, '0', '503', 6, 'NT6', NULL, NULL),
(472, 'Lô 651', 2014, '25.00', 'RRIC 121', 14026, 13691, 0, '335', '13.253000, 104.534528', NULL, '0', 1, 0, '0', '504', 6, 'NT6', NULL, NULL),
(473, 'Lô 652', 2014, '25.00', 'RRIV 124', 14026, 13786, 0, '240', '13.253083, 104.539083', NULL, '0', 1, 0, '0', '505', 6, 'NT6', NULL, NULL),
(474, 'Lô 653', 2014, '14.50', 'RRIV 124', 8715, 8652, 0, '63', '13.252750, 104.543278', NULL, '0', 1, 0, '0', '506', 6, 'NT6', NULL, NULL),
(475, 'Lô 654', 2014, '23.30', 'RRIV 124', 11312, 11219, 0, '93', '13.253194, 104.549750', NULL, '0', 1, 0, '0', '507', 6, 'NT6', NULL, NULL),
(476, 'Lô 655', 2014, '13.30', 'RRIV 124', 7605, 7570, 0, '35', '13.253222, 104.553667', NULL, '0', 1, 0, '0', '508', 6, 'NT6', NULL, NULL),
(477, 'Lô 656', 2014, '19.90', 'RRIC 121', 10935, 10634, 0, '301', '13.253222, 104.558000', NULL, '0', 1, 0, '0', '492', 6, 'NT6', NULL, NULL),
(478, 'Lô 657', 2014, '25.00', 'RRIC 121', 14026, 13762, 0, '264', '13.253222, 104.562444', NULL, '0', 1, 0, '0', '493', 6, 'NT6', NULL, NULL),
(479, 'Lô 658', 2014, '25.00', 'RRIC 121', 14023, 13635, 0, '388', '13.253028, 104.567000', NULL, '0', 1, 0, '0', '475', 6, 'NT6', NULL, NULL),
(480, 'Lô 659', 2013, '25.00', 'RRIV 124', 14026, 13608, 108, '310', '13.253083, 104.572083', NULL, '0', 1, 0, '0', '612', 8, 'NT8', NULL, NULL),
(481, 'Lô 66', 2010, '25.43', 'PB 260', 14058, 13553, 37, '468', '13.220944, 104.599639', NULL, '0', 1, 0, '0', '65', 1, 'NT1', NULL, NULL),
(482, 'Lô 664', 2013, '28.40', 'RRIV 124', 14662, 13992, 309, '361', '13.257583, 104.520833', NULL, '0', 1, 0, '0', '613', 8, 'NT8', NULL, NULL),
(483, 'Lô 665', 2013, '25.00', 'RRIV 124', 14026, 13603, 135, '288', '13.257639, 104.525250', NULL, '0', 1, 0, '0', '614', 8, 'NT8', NULL, NULL),
(484, 'Lô 666', 2014, '25.00', 'RRIM 600', 14028, 13920, 0, '208', '13.257833, 104.529806', NULL, '0', 1, 0, '0', '689', 8, 'NT8', NULL, NULL),
(485, 'Lô 667', 2014, '25.00', 'RRIV 124', 14025, 13925, 0, '200', '13.257750, 104.534556', NULL, '0', 1, 0, '0', '690', 8, 'NT8', NULL, NULL),
(486, 'Lô 668', 2014, '25.00', 'RRIC 121', 14025, 13813, 0, '312', '13.257722, 104.539111', NULL, '0', 1, 0, '0', '691', 8, 'NT8', NULL, NULL),
(487, 'Lô 669', 2014, '7.00', 'RRIV 124', 3949, 3970, 0, '79', '13.258306, 104.542472', NULL, '0', 1, 0, '0', '692', 8, 'NT8', NULL, NULL),
(488, 'Lô 67', 2010, '25.57', 'PB 260', 14111, 13271, 76, '764', '13.220722, 104.604278', NULL, '0', 1, 0, '0', '66', 1, 'NT1', NULL, NULL),
(489, 'Lô 670', 2014, '17.20', 'RRIV 114', 7667, 7618, 0, '149', '13.257667, 104.547306', NULL, '0', 1, 0, '0', '693', 8, 'NT8', NULL, NULL),
(490, 'Lô 671A', 2014, '17.50', 'RRIV 124', 8999, 8899, 0, '200', '13.257111, 104.551167', NULL, '0', 1, 0, '0', '694', 8, 'NT8', NULL, NULL),
(491, 'Lô 671B', 2014, '13.00', 'RRIV 124', 6991, 7041, 0, '50', '13.257833, 104.554250', NULL, '0', 1, 0, '0', '695', 8, 'NT8', NULL, NULL),
(492, 'Lô 672', 2014, '12.40', 'RRIV 124', 7103, 7050, 0, '153', '13.257333, 104.558111', NULL, '0', 1, 0, '0', '696', 8, 'NT8', NULL, NULL),
(493, 'Lô 673', 2013, '25.00', 'RRIV 124', 14026, 13802, 60, '164', '13.257944, 104.562444', NULL, '0', 1, 0, '0', '615', 8, 'NT8', NULL, NULL),
(494, 'Lô 674', 2013, '25.00', 'RRIV 124', 14026, 13665, 111, '250', '13.257944, 104.567472', NULL, '0', 1, 0, '0', '616', 8, 'NT8', NULL, NULL),
(495, 'Lô 675', 2013, '25.00', 'RRIV 124', 14026, 13627, 147, '252', '13.257972, 104.571806', NULL, '0', 1, 0, '0', '617', 8, 'NT8', NULL, NULL),
(496, 'Lô 676', 2014, '19.40', 'RRIV 124', 10874, 10724, 0, '250', '13.258250, 104.575444', NULL, '0', 1, 0, '0', '697', 8, 'NT8', NULL, NULL),
(497, 'Lô 68', 2010, '25.28', 'PB 260', 14038, 13046, 35, '957', '13.220778, 104.608917', NULL, '0', 1, 0, '0', '67', 1, 'NT1', NULL, NULL),
(498, 'Lô 680', 2013, '33.30', 'RRIV 124', 18423, 17614, 315, '494', '13.262333, 104.520000', NULL, '0', 1, 0, '0', '618', 8, 'NT8', NULL, NULL),
(499, 'Lô 681', 2013, '25.00', 'RRIV 124', 14026, 13319, 378, '329', '13.262111, 104.525028', NULL, '0', 1, 0, '0', '619', 8, 'NT8', NULL, NULL),
(500, 'Lô 682', 2013, '25.00', 'RRIV 124', 14026, 13478, 208, '340', '13.262083, 104.529861', NULL, '0', 1, 0, '0', '620', 8, 'NT8', NULL, NULL),
(501, 'Lô 683', 2013, '25.00', 'RRIV 115', 14010, 13229, 289, '492', '13.262111, 104.534556', NULL, '0', 1, 0, '0', '621', 8, 'NT8', NULL, NULL),
(502, 'Lô 684', 2013, '25.00', 'RRIV 124', 14026, 13270, 384, '372', '13.262472, 104.539000', NULL, '0', 1, 0, '0', '622', 8, 'NT8', NULL, NULL),
(503, 'Lô 685', 2013, '12.50', 'RRIV 124', 7039, 6600, 176, '263', '13.262333, 104.542806', NULL, '0', 1, 0, '0', '623', 8, 'NT8', NULL, NULL),
(504, 'Lô 686', 2014, '25.20', 'RRIV 124', 12063, 11787, 0, '376', '13.262472, 104.548222', NULL, '0', 1, 0, '0', '698', 8, 'NT8', NULL, NULL),
(505, 'Lô 687', 2014, '21.30', 'RRIV 124', 11802, 11509, 0, '393', '13.261917, 104.553806', NULL, '0', 1, 0, '0', '699', 8, 'NT8', NULL, NULL),
(506, 'Lô 688', 2013, '25.00', 'RRIC 121', 13952, 13363, 81, '508', '13.262222, 104.557944', NULL, '0', 1, 0, '0', '624', 8, 'NT8', NULL, NULL),
(507, 'Lô 689', 2013, '25.00', 'RRIV 124', 14026, 13759, 51, '216', '13.262139, 104.562861', NULL, '0', 1, 0, '0', '625', 8, 'NT8', NULL, NULL),
(508, 'Lô 69', 2010, '25.28', 'PB 260', 14010, 13157, 198, '655', '13.220750, 104.613722', NULL, '0', 1, 0, '0', '68', 1, 'NT1', NULL, NULL),
(509, 'Lô 690', 2013, '25.00', 'RRIV 124', 14026, 13741, 122, '163', '13.262361, 104.567333', NULL, '0', 1, 0, '0', '626', 8, 'NT8', NULL, NULL),
(510, 'Lô 691', 2013, '25.00', 'RRIV 124', 14026, 13784, 73, '169', '13.262472, 104.571750', NULL, '0', 1, 0, '0', '627', 8, 'NT8', NULL, NULL),
(511, 'Lô 692', 2014, '25.00', 'RRIV 124', 14018, 13804, 0, '314', '13.262472, 104.576694', NULL, '0', 1, 0, '0', '700', 8, 'NT8', NULL, NULL),
(512, 'Lô 693', 2014, '19.80', 'RRIV 124', 11333, 11205, 0, '228', '13.262500, 104.581333', NULL, '0', 1, 0, '0', '701', 8, 'NT8', NULL, NULL),
(513, 'Lô 695', 2013, '14.30', 'RRIV 124', 7533, 6991, 165, '377', '13.266667, 104.516750', NULL, '0', 1, 0, '0', '628', 8, 'NT8', NULL, NULL),
(514, 'Lô 696', 2013, '25.00', 'RRIV 124', 14027, 13200, 242, '585', '13.266611, 104.520389', NULL, '0', 1, 0, '0', '629', 8, 'NT8', NULL, NULL),
(515, 'Lô 697', 2013, '25.00', 'RRIV 124', 13903, 13612, 0, '291', '13.266556, 104.524778', NULL, '0', 1, 0, '0', '630', 8, 'NT8', NULL, NULL),
(516, 'Lô 698', 2013, '25.00', 'RRIV 124', 14026, 13276, 134, '616', '13.266694, 104.529750', NULL, '0', 1, 0, '0', '631', 8, 'NT8', NULL, NULL),
(517, 'Lô 699', 2013, '25.00', 'RRIC 121', 14028, 13349, 340, '339', '13.266806, 104.535083', NULL, '0', 1, 0, '0', '632', 8, 'NT8', NULL, NULL),
(518, 'Lô 7', 2010, '29.20', 'PB 260', 16345, 15957, 17, '371', '13.183583, 104.609361', NULL, '0', 1, 0, '0', '6', 1, 'NT1', NULL, NULL),
(519, 'Lô 70', 2010, '16.52', 'PB 260', 9326, 8960, 24, '342', '13.225306, 104.586361', NULL, '0', 1, 0, '0', '69', 1, 'NT1', NULL, NULL),
(520, 'Lô 700', 2013, '25.00', 'RRIV 124', 14029, 13536, 218, '275', '13.266861, 104.539444', NULL, '0', 1, 0, '0', '633', 8, 'NT8', NULL, NULL),
(521, 'Lô 701', 2013, '24.85', 'RRIV 124', 13739, 13227, 112, '400', '13.267167, 104.544361', NULL, '0', 1, 0, '0', '634', 8, 'NT8', NULL, NULL),
(522, 'Lô 702', 2013, '15.20', 'RRIV 124', 8115, 7822, 86, '207', '13.265444, 104.548167', NULL, '0', 1, 0, '0', '635', 8, 'NT8', NULL, NULL),
(523, 'Lô 703', 2013, '12.90', 'RRIV 124', 6933, 6630, 68, '235', '13.265444, 104.553556', NULL, '0', 1, 0, '0', '636', 8, 'NT8', NULL, NULL),
(524, 'Lô 704', 2013, '17.00', 'RRIV 124', 8759, 8184, 122, '453', '13.266139, 104.557417', NULL, '0', 1, 0, '0', '637', 8, 'NT8', NULL, NULL),
(525, 'Lô 705', 2013, '24.60', 'RRIV 124', 13767, 13354, 72, '341', '13.266528, 104.562750', NULL, '0', 1, 0, '0', '638', 8, 'NT8', NULL, NULL),
(526, 'Lô 706', 2013, '25.00', 'RRIV 124', 14026, 13792, 87, '147', '13.266694, 104.566972', NULL, '0', 1, 0, '0', '639', 8, 'NT8', NULL, NULL),
(527, 'Lô 707', 2013, '25.00', 'RRIV 124', 14031, 13702, 73, '256', '13.266722, 104.572111', NULL, '0', 1, 0, '0', '640', 8, 'NT8', NULL, NULL),
(528, 'Lô 708', 2013, '25.00', 'RRIV 124', 14026, 13798, 38, '190', '13.266806, 104.576083', NULL, '0', 1, 0, '0', '641', 8, 'NT8', NULL, NULL),
(529, 'Lô 709', 2013, '25.00', 'RRIV 124', 14183, 13759, 100, '324', '13.266806, 104.580528', NULL, '0', 1, 0, '0', '642', 8, 'NT8', NULL, NULL),
(530, 'Lô 71', 2010, '25.28', 'PB 260', 14025, 13454, 30, '541', '13.225361, 104.590194', NULL, '0', 1, 0, '0', '70', 1, 'NT1', NULL, NULL),
(531, 'Lô 711', 2013, '19.40', 'RRIV 124', 10674, 10169, 104, '401', '13.271194, 104.516694', NULL, '0', 1, 0, '0', '643', 8, 'NT8', NULL, NULL),
(532, 'Lô 712', 2013, '25.00', 'RRIV 124', 14026, 13837, 57, '132', '13.271389, 104.520611', NULL, '0', 1, 0, '0', '644', 8, 'NT8', NULL, NULL),
(533, 'Lô 713', 2013, '23.56', 'RRIV 104', 13270, 12934, 74, '262', '13.271333, 104.524972', NULL, '0', 1, 0, '0', '645', 8, 'NT8', NULL, NULL),
(534, 'Lô 714', 2013, '25.00', 'RRIV 104', 14027, 13536, 127, '364', '13.271389, 104.530250', NULL, '0', 1, 0, '0', '646', 8, 'NT8', NULL, NULL),
(535, 'Lô 715', 2013, '23.50', 'RRIV 124', 12474, 12099, 115, '260', '13.271417, 104.534944', NULL, '0', 1, 0, '0', '647', 8, 'NT8', NULL, NULL),
(536, 'Lô 716', 2013, '23.00', 'RRIV 115', 13723, 12949, 283, '491', '13.271278, 104.539583', NULL, '0', 1, 0, '0', '648', 8, 'NT8', NULL, NULL),
(537, 'Lô 717', 2013, '23.80', 'RRIC 121', 12639, 11978, 0, '661', '13.271222, 104.543444', NULL, '0', 1, 0, '0', '649', 8, 'NT8', NULL, NULL),
(538, 'Lô 718', 2013, '15.70', 'RRIV 124', 8978, 8449, 221, '308', '13.271333, 104.547861', NULL, '0', 1, 0, '0', '650', 8, 'NT8', NULL, NULL),
(539, 'Lô 719A', 2013, '24.40', 'RRIV 124', 11925, 11362, 76, '487', '13.271222, 104.551833', NULL, '0', 1, 0, '0', '683', 8, 'NT8', NULL, NULL),
(540, 'Lô 719B', 2013, '15.00', 'RRIV 124', 7808, 7320, 74, '414', '13.271139, 104.554194', NULL, '0', 1, 0, '0', '684', 8, 'NT8', NULL, NULL),
(541, 'Lô 72', 2010, '25.28', 'PB 260', 14024, 13598, 31, '395', '13.225500, 104.594972', NULL, '0', 1, 0, '0', '71', 1, 'NT1', NULL, NULL),
(542, 'Lô 720', 2013, '27.80', 'RRIV 115', 13763, 13224, 63, '476', '13.271250, 104.558528', NULL, '0', 1, 0, '0', '651', 8, 'NT8', NULL, NULL),
(543, 'Lô 721', 2013, '17.50', 'RRIV 115', 9979, 9687, 51, '241', '13.271278, 104.561889', NULL, '0', 1, 0, '0', '652', 8, 'NT8', NULL, NULL),
(544, 'Lô 722', 2013, '21.80', 'RRIV 115', 12385, 12081, 90, '214', '13.271139, 104.567500', NULL, '0', 1, 0, '0', '653', 8, 'NT8', NULL, NULL),
(545, 'Lô 723', 2013, '25.00', 'RRIV 124', 14026, 13644, 216, '166', '13.271278, 104.572417', NULL, '0', 1, 0, '0', '654', 8, 'NT8', NULL, NULL),
(546, 'Lô 724', 2013, '25.00', 'RRIV 124', 14025, 13732, 170, '123', '13.271556, 104.576778', NULL, '0', 1, 0, '0', '655', 8, 'NT8', NULL, NULL),
(547, 'Lô 725', 2013, '13.80', 'RRIV 124', 7666, 7535, 28, '103', '13.271139, 104.580333', NULL, '0', 1, 0, '0', '656', 8, 'NT8', NULL, NULL),
(548, 'Lô 727', 2013, '27.00', 'RRIV 124', 14334, 13991, 48, '295', '13.275861, 104.515861', NULL, '0', 1, 0, '0', '524', 7, 'NT7', NULL, NULL),
(549, 'Lô 728', 2013, '25.00', 'RRIV 124', 14026, 13809, 0, '132', '13.275583, 104.520861', NULL, '0', 1, 0, '0', '525', 7, 'NT7', NULL, NULL),
(550, 'Lô 729', 2013, '25.00', 'RRIV 124', 14026, 13850, 58, '118', '13.275583, 104.525639', NULL, '0', 1, 0, '0', '526', 7, 'NT7', NULL, NULL),
(551, 'Lô 73', 2010, '25.43', 'PB 260', 14203, 13559, 132, '512', '13.225444, 104.599583', NULL, '0', 1, 0, '0', '72', 1, 'NT1', NULL, NULL),
(552, 'Lô 730', 2013, '25.00', 'RRIV 124', 14026, 13840, 62, '124', '13.275833, 104.529972', NULL, '0', 1, 0, '0', '527', 7, 'NT7', NULL, NULL),
(553, 'Lô 731', 2013, '23.56', 'RRIV 115', 13291, 12982, 47, '262', '13.275944, 104.534472', NULL, '0', 1, 0, '0', '528', 7, 'NT7', NULL, NULL),
(554, 'Lô 732', 2013, '24.80', 'RRIV 124', 13951, 13803, 26, '122', '13.276028, 104.539389', NULL, '0', 1, 0, '0', '529', 7, 'NT7', NULL, NULL),
(555, 'Lô 733', 2013, '24.20', 'RRIV 124', 13538, 13104, 65, '369', '13.275833, 104.544167', NULL, '0', 1, 0, '0', '530', 7, 'NT7', NULL, NULL),
(556, 'Lô 734', 2013, '14.10', 'RRIV 124', 7696, 7448, 31, '217', '13.276139, 104.547417', NULL, '0', 1, 0, '0', '657', 8, 'NT8', NULL, NULL),
(557, 'Lô 735A', 2013, '16.85', 'RRIV 124', 8978, 8765, 13, '200', '13.276194, 104.550833', NULL, '0', 1, 0, '0', '685', 8, 'NT8', NULL, NULL),
(558, 'Lô 735B', 2013, '10.70', 'RRIV 124', 6313, 6175, 20, '118', '13.276194, 104.553750', NULL, '0', 1, 0, '0', '686', 8, 'NT8', NULL, NULL),
(559, 'Lô 736', 2013, '21.00', 'RRIV 124', 11005, 10557, 78, '370', '13.274917, 104.558306', NULL, '0', 1, 0, '0', '658', 8, 'NT8', NULL, NULL),
(560, 'Lô 737', 2013, '25.00', 'RRIV 124', 13918, 13578, 66, '274', '13.275944, 104.562944', NULL, '0', 1, 0, '0', '659', 8, 'NT8', NULL, NULL),
(561, 'Lô 738', 2013, '25.00', 'RRIV 124', 13961, 13704, 84, '173', '13.276056, 104.567500', NULL, '0', 1, 0, '0', '660', 8, 'NT8', NULL, NULL),
(562, 'Lô 739', 2013, '25.00', 'RRIV 124', 14026, 13769, 77, '180', '13.276000, 104.572000', NULL, '0', 1, 0, '0', '661', 8, 'NT8', NULL, NULL),
(563, 'Lô 74', 2010, '25.87', 'PB 260', 14101, 13408, 137, '556', '13.225500, 104.604333', NULL, '0', 1, 0, '0', '73', 1, 'NT1', NULL, NULL),
(564, 'Lô 740', 2013, '26.00', 'RRIC 121', 14673, 14206, 104, '363', '13.276139, 104.576639', NULL, '0', 1, 0, '0', '662', 8, 'NT8', NULL, NULL),
(565, 'Lô 743', 2013, '30.00', 'RRIV 124', 15836, 15449, 36, '351', '13.280139, 104.515417', NULL, '0', 1, 0, '0', '531', 7, 'NT7', NULL, NULL),
(566, 'Lô 744', 2013, '25.00', 'RRIV 124', 14026, 13560, 125, '341', '13.280167, 104.520722', NULL, '0', 1, 0, '0', '532', 7, 'NT7', NULL, NULL),
(567, 'Lô 745', 2013, '25.00', 'RRIV 124', 13975, 13769, 71, '135', '13.280167, 104.525139', NULL, '0', 1, 0, '0', '533', 7, 'NT7', NULL, NULL),
(568, 'Lô 746', 2013, '25.00', 'RRIV 124', 14024, 13845, 86, '93', '13.280361, 104.530028', NULL, '0', 1, 0, '0', '534', 7, 'NT7', NULL, NULL),
(569, 'Lô 747', 2013, '25.00', 'RRIC 121', 14026, 13760, 83, '183', '13.280222, 104.534833', NULL, '0', 1, 0, '0', '535', 7, 'NT7', NULL, NULL),
(570, 'Lô 748', 2013, '22.20', 'RRIV 104', 12914, 12329, 63, '522', '13.280361, 104.538972', NULL, '0', 1, 0, '0', '536', 7, 'NT7', NULL, NULL),
(571, 'Lô 749', 2013, '24.85', 'RRIV 104', 12885, 12250, 59, '576', '13.280944, 104.543694', NULL, '0', 1, 0, '0', '537', 7, 'NT7', NULL, NULL),
(572, 'Lô 75', 2010, '25.57', 'PB 260', 14020, 13352, 34, '634', '13.225472, 104.609194', NULL, '0', 1, 0, '0', '74', 1, 'NT1', NULL, NULL),
(573, 'Lô 750', 2013, '12.50', 'RRIV 115', 6656, 6295, 50, '311', '13.280306, 104.547194', NULL, '0', 1, 0, '0', '663', 8, 'NT8', NULL, NULL),
(574, 'Lô 751A', 2013, '20.43', 'RRIV 124', 11360, 11018, 61, '281', '13.280417, 104.551472', NULL, '0', 1, 0, '0', '687', 8, 'NT8', NULL, NULL),
(575, 'Lô 751B', 2013, '13.69', 'RRIV 124', 7690, 7395, 84, '211', '13.280528, 104.554389', NULL, '0', 1, 0, '0', '688', 8, 'NT8', NULL, NULL),
(576, 'Lô 752', 2013, '24.70', 'RRIV 124', 13585, 12556, 167, '862', '13.280444, 104.558083', NULL, '0', 1, 0, '0', '664', 8, 'NT8', NULL, NULL),
(577, 'Lô 753', 2013, '21.20', 'RRIV 124', 11209, 10628, 136, '445', '13.280861, 104.563556', NULL, '0', 1, 0, '0', '665', 8, 'NT8', NULL, NULL),
(578, 'Lô 754', 2013, '21.40', 'RRIV 124', 11973, 11480, 177, '316', '13.280944, 104.567917', NULL, '0', 1, 0, '0', '666', 8, 'NT8', NULL, NULL),
(579, 'Lô 755', 2013, '25.00', 'RRIV 124', 14025, 13811, 61, '153', '13.280417, 104.572361', NULL, '0', 1, 0, '0', '667', 8, 'NT8', NULL, NULL),
(580, 'Lô 756', 2013, '14.00', 'RRIV 124', 7557, 7347, 88, '122', '13.280444, 104.575556', NULL, '0', 1, 0, '0', '668', 8, 'NT8', NULL, NULL),
(581, 'Lô 759', 2013, '32.40', 'RRIV 124', 17353, 16795, 44, '514', '13.285361, 104.515722', NULL, '0', 1, 0, '0', '538', 7, 'NT7', NULL, NULL),
(582, 'Lô 76', 2010, '25.57', 'PB 260', 14110, 13151, 109, '850', '13.225528, 104.613389', NULL, '0', 1, 0, '0', '75', 1, 'NT1', NULL, NULL),
(583, 'Lô 760', 2013, '23.40', 'RRIV 124', 12755, 12415, 41, '299', '13.285028, 104.520694', NULL, '0', 1, 0, '0', '539', 7, 'NT7', NULL, NULL),
(584, 'Lô 761', 2013, '25.00', 'RRIV 124', 14024, 13723, 70, '231', '13.285083, 104.525306', NULL, '0', 1, 0, '0', '540', 7, 'NT7', NULL, NULL),
(585, 'Lô 762', 2013, '25.00', 'RRIV 124', 14026, 13760, 92, '174', '13.285000, 104.529778', NULL, '0', 1, 0, '0', '541', 7, 'NT7', NULL, NULL),
(586, 'Lô 763', 2013, '25.00', 'RRIV 124', 14031, 13702, 93, '236', '13.285111, 104.534639', NULL, '0', 1, 0, '0', '542', 7, 'NT7', NULL, NULL),
(587, 'Lô 764', 2013, '24.50', 'RRIV 124', 13635, 13239, 85, '311', '13.285056, 104.539361', NULL, '0', 1, 0, '0', '543', 7, 'NT7', NULL, NULL),
(588, 'Lô 765', 2013, '25.00', 'RRIV 124', 14026, 13550, 22, '454', '13.285278, 104.544139', NULL, '0', 1, 0, '0', '544', 7, 'NT7', NULL, NULL),
(589, 'Lô 766', 2013, '19.20', 'RRIV 124', 10636, 9543, 140, '953', '13.284361, 104.549667', NULL, '0', 1, 0, '0', '545', 7, 'NT7', NULL, NULL),
(590, 'Lô 767', 2013, '25.00', 'RRIV 124', 14026, 13710, 49, '267', '13.285139, 104.553417', NULL, '0', 1, 0, '0', '669', 8, 'NT8', NULL, NULL),
(591, 'Lô 768', 2013, '25.00', 'RRIV 124', 14027, 13072, 138, '817', '13.285250, 104.558028', NULL, '0', 1, 0, '0', '670', 8, 'NT8', NULL, NULL),
(592, 'Lô 769', 2013, '22.90', 'RRIV 124', 12949, 11960, 218, '771', '13.285444, 104.562917', NULL, '0', 1, 0, '0', '671', 8, 'NT8', NULL, NULL),
(593, 'Lô 77', 2010, '30.61', 'PB 260', 16852, 14924, 182, '1746', '13.225667, 104.618361', NULL, '0', 1, 0, '0', '76', 1, 'NT1', NULL, NULL),
(594, 'Lô 77', 2014, '14.80', 'RRIV 115', 8047, 7993, 0, '54', '13.184028, 104.619611', NULL, '0', 1, 0, '0', '179', 2, 'NT2', NULL, NULL),
(595, 'Lô 770', 2013, '17.20', 'RRIV 124', 9140, 8676, 59, '405', '13.284722, 104.568056', NULL, '0', 1, 0, '0', '672', 8, 'NT8', NULL, NULL),
(596, 'Lô 771', 2013, '17.50', 'RRIV 124', 10674, 10169, 104, '401', '13.283917, 104.570972', NULL, '0', 1, 0, '0', '673', 8, 'NT8', NULL, NULL),
(597, 'Lô 775', 2013, '36.50', 'RRIV 124', 19539, 18971, 127, '441', '13.289444, 104.515417', NULL, '0', 1, 0, '0', '546', 7, 'NT7', NULL, NULL),
(598, 'Lô 776', 2013, '23.65', 'RRIV 115', 13220, 12875, 53, '292', '13.289972, 104.519750', NULL, '0', 1, 0, '0', '547', 7, 'NT7', NULL, NULL),
(599, 'Lô 777', 2013, '25.00', 'RRIV 115', 14024, 13741, 60, '223', '13.289556, 104.525278', NULL, '0', 1, 0, '0', '548', 7, 'NT7', NULL, NULL),
(600, 'Lô 778', 2013, '25.00', 'RRIV 124', 14026, 13748, 61, '217', '13.289639, 104.530056', NULL, '0', 1, 0, '0', '549', 7, 'NT7', NULL, NULL),
(601, 'Lô 779', 2013, '25.00', 'RRIV 124', 14026, 13724, 86, '216', '13.289722, 104.534694', NULL, '0', 1, 0, '0', '550', 7, 'NT7', NULL, NULL),
(602, 'Lô 78', 2010, '20.60', 'PB 260', 11404, 10720, 81, '603', '13.229722, 104.595278', NULL, '0', 1, 0, '0', '77', 1, 'NT1', NULL, NULL),
(603, 'Lô 78', 2013, '25.00', 'RRIV 124', 13857, 13478, 202, '177', '13.184139, 104.623667', NULL, '0', 1, 0, '0', '162', 2, 'NT2', NULL, NULL),
(604, 'Lô 780', 2013, '19.60', 'RRIC 121', 11392, 11281, 20, '91', '13.289778, 104.539917', NULL, '0', 1, 0, '0', '551', 7, 'NT7', NULL, NULL),
(605, 'Lô 781', 2013, '24.60', 'RRIC 121', 13359, 12791, 138, '430', '13.289972, 104.543833', NULL, '0', 1, 0, '0', '552', 7, 'NT7', NULL, NULL),
(606, 'Lô 782', 2013, '22.60', 'RRIC 121', 12752, 12442, 80, '230', '13.289833, 104.548306', NULL, '0', 1, 0, '0', '553', 7, 'NT7', NULL, NULL),
(607, 'Lô 783', 2013, '24.30', 'RRIV 124', 13026, 12571, 43, '412', '13.289611, 104.553500', NULL, '0', 1, 0, '0', '674', 8, 'NT8', NULL, NULL),
(608, 'Lô 784', 2013, '25.00', 'RRIV 124', 14026, 13400, 269, '357', '13.289583, 104.557972', NULL, '0', 1, 0, '0', '675', 8, 'NT8', NULL, NULL),
(609, 'Lô 785', 2013, '25.00', 'RRIV 124', 14026, 13157, 261, '608', '13.289722, 104.562806', NULL, '0', 1, 0, '0', '676', 8, 'NT8', NULL, NULL),
(610, 'Lô 786', 2013, '22.30', 'RRIV 124', 12501, 11750, 108, '643', '13.289583, 104.566639', NULL, '0', 1, 0, '0', '677', 8, 'NT8', NULL, NULL),
(611, 'Lô 787', 2013, '12.20', 'RRIC 121', 6485, 6128, 45, '312', '13.289389, 104.571389', NULL, '0', 1, 0, '0', '678', 8, 'NT8', NULL, NULL),
(612, 'Lô 79', 2010, '25.43', 'PB 260', 14081, 13438, 49, '594', '13.229861, 104.599639', NULL, '0', 1, 0, '0', '78', 1, 'NT1', NULL, NULL),
(613, 'Lô 79', 2013, '24.10', 'RRIV 124', 13485, 12627, 192, '666', '13.184111, 104.628139', NULL, '0', 1, 0, '0', '163', 2, 'NT2', NULL, NULL),
(614, 'Lô 791', 2013, '37.95', 'RRIV 124', 21143, 20778, 97, '268', '13.293972, 104.515806', NULL, '0', 1, 0, '0', '554', 7, 'NT7', NULL, NULL),
(615, 'Lô 792', 2013, '23.50', 'RRIV 115', 13068, 12727, 37, '304', '13.294028, 104.520306', NULL, '0', 1, 0, '0', '555', 7, 'NT7', NULL, NULL),
(616, 'Lô 793', 2013, '23.30', 'RRIV 124', 12466, 12073, 63, '330', '13.294111, 104.524722', NULL, '0', 1, 0, '0', '556', 7, 'NT7', NULL, NULL),
(617, 'Lô 794', 2013, '18.00', 'RRIV 124', 9913, 9587, 49, '277', '13.293722, 104.529556', NULL, '0', 1, 0, '0', '557', 7, 'NT7', NULL, NULL),
(618, 'Lô 795', 2013, '25.00', 'RRIV 124', 14026, 13817, 28, '181', '13.293944, 104.534500', NULL, '0', 1, 0, '0', '558', 7, 'NT7', NULL, NULL),
(619, 'Lô 796', 2013, '24.60', 'RRIV 124', 12899, 12472, 83, '344', '13.294083, 104.539306', NULL, '0', 1, 0, '0', '559', 7, 'NT7', NULL, NULL),
(620, 'Lô 797', 2013, '24.50', 'RRIV 124', 13605, 13289, 66, '250', '13.294111, 104.543806', NULL, '0', 1, 0, '0', '560', 7, 'NT7', NULL, NULL),
(621, 'Lô 798', 2013, '25.00', 'RRIV 124', 13891, 13334, 143, '414', '13.294278, 104.548667', NULL, '0', 1, 0, '0', '561', 7, 'NT7', NULL, NULL),
(622, 'Lô 799', 2013, '24.00', 'RRIV 124', 12564, 12225, 26, '313', '13.295167, 104.552139', NULL, '0', 1, 0, '0', '679', 8, 'NT8', NULL, NULL),
(623, 'Lô 8', 2010, '28.30', 'PB 260', 15865, 15385, 30, '450', '13.183833, 104.613556', NULL, '0', 1, 0, '0', '7', 1, 'NT1', NULL, NULL),
(624, 'Lô 80', 2010, '25.87', 'PB 260', 14240, 13585, 56, '599', '13.229972, 104.604639', NULL, '0', 1, 0, '0', '79', 1, 'NT1', NULL, NULL),
(625, 'Lô 80', 2013, '24.40', 'RRIV 124', 13342, 12835, 133, '374', '13.183972, 104.632833', NULL, '0', 1, 0, '0', '164', 2, 'NT2', NULL, NULL),
(626, 'Lô 800', 2013, '25.00', 'RRIC 121', 14026, 13297, 88, '641', '13.294083, 104.558111', NULL, '0', 1, 0, '0', '680', 8, 'NT8', NULL, NULL),
(627, 'Lô 801', 2013, '25.00', 'RRIV 124', 14026, 13417, 128, '481', '13.294139, 104.562583', NULL, '0', 1, 0, '0', '681', 8, 'NT8', NULL, NULL),
(628, 'Lô 802', 2013, '26.00', 'RRIV 124', 14385, 13833, 130, '422', '13.294111, 104.567472', NULL, '0', 1, 0, '0', '682', 8, 'NT8', NULL, NULL),
(629, 'Lô 806', 2013, '15.00', 'RRIV 124', 9374, 9133, 51, '190', '13.298444, 104.512306', NULL, '0', 1, 0, '0', '562', 7, 'NT7', NULL, NULL),
(630, 'Lô 807', 2013, '25.00', 'RRIV 124', 14026, 13774, 67, '185', '13.298583, 104.515778', NULL, '0', 1, 0, '0', '563', 7, 'NT7', NULL, NULL),
(631, 'Lô 808', 2013, '23.60', 'RRIV 124', 12555, 12134, 132, '289', '13.298528, 104.520278', NULL, '0', 1, 0, '0', '564', 7, 'NT7', NULL, NULL),
(632, 'Lô 809', 2013, '25.00', 'RRIV 124', 14026, 13475, 60, '491', '13.298667, 104.525222', NULL, '0', 1, 0, '0', '565', 7, 'NT7', NULL, NULL),
(633, 'Lô 81', 2010, '25.57', 'PB 260', 13217, 12613, 45, '559', '13.229972, 104.609056', NULL, '0', 1, 0, '0', '80', 1, 'NT1', NULL, NULL),
(634, 'Lô 81', 2013, '27.80', 'RRIV 124', 15423, 14663, 411, '349', '13.183833, 104.637444', NULL, '0', 1, 0, '0', '165', 2, 'NT2', NULL, NULL),
(635, 'Lô 810', 2013, '25.00', 'RRIV 124', 14026, 13503, 48, '475', '13.298639, 104.530083', NULL, '0', 1, 0, '0', '566', 7, 'NT7', NULL, NULL),
(636, 'Lô 811', 2013, '25.00', 'RRIV 124', 14026, 13622, 67, '337', '13.298861, 104.534417', NULL, '0', 1, 0, '0', '567', 7, 'NT7', NULL, NULL),
(637, 'Lô 812', 2014, '16.90', 'RRIV 124', 10247, 10214, 0, '133', '13.299083, 104.539556', NULL, '0', 1, 0, '0', '583', 7, 'NT7', NULL, NULL),
(638, 'Lô 814', 2014, '22.50', 'RRIV 124', 12232, 11870, 0, '462', '13.298556, 104.548806', NULL, '0', 1, 0, '0', '584', 7, 'NT7', NULL, NULL),
(639, 'Lô 815', 2014, '7.50', 'RRIV 124', 4265, 4265, 0, '24', '13.298750, 104.553361', NULL, '0', 1, 0, '0', '585', 7, 'NT7', NULL, NULL),
(640, 'Lô 816', 2014, '10.30', 'RRIV  104', 5707, 5647, 0, '160', '13.298333, 104.559000', NULL, '0', 1, 0, '0', '702', 8, 'NT8', NULL, NULL),
(641, 'Lô 817', 2014, '34.00', 'RRIV 124', 18544, 18291, 0, '353', '13.298833, 104.562944', NULL, '0', 1, 0, '0', '703', 8, 'NT8', NULL, NULL),
(642, 'Lô 818', 2014, '12.40', 'RRIC 121', 7743, 7713, 0, '130', '13.298750, 104.566139', NULL, '0', 1, 0, '0', '704', 8, 'NT8', NULL, NULL),
(643, 'Lô 82', 2010, '25.57', 'PB 260', 14129, 13154, 32, '943', '13.229833, 104.613778', NULL, '0', 1, 0, '0', '81', 1, 'NT1', NULL, NULL),
(644, 'Lô 82', 2013, '11.50', 'RRIV 124', 5105, 4930, 85, '90', '13.183917, 104.642944', NULL, '0', 1, 0, '0', '166', 2, 'NT2', NULL, NULL),
(645, 'Lô 822', 2013, '16.50', 'RRIV 124', 7909, 7764, 7, '124', '13.303056, 104.512056', NULL, '0', 1, 0, '0', '568', 7, 'NT7', NULL, NULL),
(646, 'Lô 823', 2013, '25.00', 'RRIV 124', 14026, 13772, 65, '189', '13.303139, 104.515833', NULL, '0', 1, 0, '0', '569', 7, 'NT7', NULL, NULL),
(647, 'Lô 824', 2013, '24.60', 'RRIV 124', 13615, 13302, 30, '283', '13.303278, 104.520667', NULL, '0', 1, 0, '0', '570', 7, 'NT7', NULL, NULL),
(648, 'Lô 825', 2013, '25.00', 'RRIV 124', 14026, 13677, 45, '304', '13.303222, 104.524639', NULL, '0', 1, 0, '0', '571', 7, 'NT7', NULL, NULL),
(649, 'Lô 826', 2013, '25.00', 'RRIC 121', 14026, 13610, 44, '372', '13.303472, 104.529750', NULL, '0', 1, 0, '0', '572', 7, 'NT7', NULL, NULL),
(650, 'Lô 827', 2013, '25.00', 'RRIC 121', 14026, 13545, 94, '387', '13.303722, 104.534028', NULL, '0', 1, 0, '0', '573', 7, 'NT7', NULL, NULL),
(651, 'Lô 828', 2014, '21.20', 'RRIV 124', 11623, 11538, 0, '185', '13.303778, 104.538861', NULL, '0', 1, 0, '0', '586', 7, 'NT7', NULL, NULL),
(652, 'Lô 829', 2014, '21.90', 'RRIV 124', 11696, 11550, 0, '246', '13.303583, 104.543444', NULL, '0', 1, 0, '0', '587', 7, 'NT7', NULL, NULL),
(653, 'Lô 83', 2010, '22.59', 'PB 260', 12663, 11784, 99, '780', '13.229778, 104.618333', NULL, '0', 1, 0, '0', '82', 1, 'NT1', NULL, NULL),
(654, 'Lô 83', 2012, '24.98', 'RRIV 124', 13982, 13624, 61, '297', '13.184028, 104.646750', NULL, '0', 1, 0, '0', '134', 2, 'NT2', NULL, NULL),
(655, 'Lô 830', 2014, '26.80', 'RRIV 104', 15168, 15040, 0, '228', '13.303333, 104.547639', NULL, '0', 1, 0, '0', '588', 7, 'NT7', NULL, NULL),
(656, 'Lô 838', 2013, '17.00', 'RRIV 124', 10484, 10148, 22, '314', '13.308000, 104.511778', NULL, '0', 1, 0, '0', '574', 7, 'NT7', NULL, NULL),
(657, 'Lô 839', 2013, '24.50', 'RRIV 124', 13107, 12732, 30, '345', '13.307778, 104.515806', NULL, '0', 1, 0, '0', '575', 7, 'NT7', NULL, NULL),
(658, 'Lô 84', 2010, '19.53', 'PB 260', 10750, 9593, 306, '851', '13.229028, 104.589750', NULL, '0', 1, 0, '0', '83', 1, 'NT1', NULL, NULL),
(659, 'Lô 84', 2012, '25.00', 'RRIV 104', 14027, 13217, 139, '671', '13.184139, 104.651444', NULL, '0', 1, 0, '0', '219', 3, 'NT3', NULL, NULL),
(660, 'Lô 840', 2013, '25.00', 'RRIV 124', 14018, 13734, 40, '244', '13.307500, 104.520583', NULL, '0', 1, 0, '0', '576', 7, 'NT7', NULL, NULL),
(661, 'Lô 841', 2013, '25.00', 'RRIV 124', 14023, 13362, 41, '620', '13.307667, 104.524583', NULL, '0', 1, 0, '0', '577', 7, 'NT7', NULL, NULL),
(662, 'Lô 842', 2013, '25.00', 'RRIC 121', 14026, 13486, 40, '500', '13.307667, 104.529944', NULL, '0', 1, 0, '0', '578', 7, 'NT7', NULL, NULL),
(663, 'Lô 843', 2013, '25.00', 'RRIV 124', 14026, 13689, 59, '278', '13.307806, 104.533694', NULL, '0', 1, 0, '0', '579', 7, 'NT7', NULL, NULL),
(664, 'Lô 844', 2014, '20.40', 'RRIV 104', 11529, 11344, 0, '285', '13.307611, 104.538667', NULL, '0', 1, 0, '0', '589', 7, 'NT7', NULL, NULL),
(665, 'Lô 847', 2014, '25.20', 'RRIV 124', 13118, 12869, 0, '349', '13.306917, 104.553611', NULL, '0', 1, 0, '0', '590', 7, 'NT7', NULL, NULL),
(666, 'Lô 85', 2012, '30.00', 'RRIV 104', 16875, 15944, 139, '792', '13.184333, 104.656333', NULL, '0', 1, 0, '0', '220', 3, 'NT3', NULL, NULL),
(667, 'Lô 854', 2014, '22.60', 'RRIV 124', 12050, 11670, 0, '480', '13.312639, 104.511389', NULL, '0', 1, 0, '0', '598', 7, 'NT7', NULL, NULL),
(668, 'Lô 855', 2014, '16.00', 'RRIC 121', 8555, 8466, 0, '189', '13.312694, 104.514778', NULL, '0', 1, 0, '0', '599', 7, 'NT7', NULL, NULL),
(669, 'Lô 856', 2014, '22.13', 'RRIC 121', 12096, 11825, 0, '371', '13.312389, 104.520417', NULL, '0', 1, 0, '0', '600', 7, 'NT7', NULL, NULL),
(670, 'Lô 857', 2013, '25.00', 'RRIM 600', 13965, 13566, 57, '342', '13.312500, 104.525417', NULL, '0', 1, 0, '0', '580', 7, 'NT7', NULL, NULL),
(671, 'Lô 858', 2013, '25.00', 'RRIV 124', 14026, 13557, 70, '399', '13.312556, 104.529861', NULL, '0', 1, 0, '0', '581', 7, 'NT7', NULL, NULL),
(672, 'Lô 859', 2013, '25.00', 'RRIV 124', 14024, 13737, 109, '178', '13.312528, 104.534556', NULL, '0', 1, 0, '0', '582', 7, 'NT7', NULL, NULL),
(673, 'Lô 86', 2013, '15.00', 'RRIV 124', 8224, 7833, 124, '267', '13.184444, 104.661417', NULL, '0', 1, 0, '0', '259', 3, 'NT3', NULL, NULL),
(674, 'Lô 860', 2014, '25.00', 'RRIC 121', 14025, 13810, 0, '315', '13.312583, 104.539417', NULL, '0', 1, 0, '0', '591', 7, 'NT7', NULL, NULL),
(675, 'Lô 861', 2014, '10.00', 'RRIV 104', 6857, 6753, 0, '204', '13.312528, 104.542917', NULL, '0', 1, 0, '0', '592', 7, 'NT7', NULL, NULL),
(676, 'Lô 87', 2013, '14.50', 'RRIV 124', 8628, 8386, 90, '152', '13.184806, 104.665500', NULL, '0', 1, 0, '0', '260', 3, 'NT3', NULL, NULL),
(677, 'Lô 870', 2014, '23.50', 'RRIV 104', 13178, 12906, 0, '372', '13.317111, 104.510750', NULL, '0', 1, 0, '0', '601', 7, 'NT7', NULL, NULL),
(678, 'Lô 871', 2014, '25.70', 'RRIV 124', 15099, 14748, 0, '451', '13.317500, 104.516250', NULL, '0', 1, 0, '0', '602', 7, 'NT7', NULL, NULL),
(679, 'Lô 873', 2014, '22.70', 'RRIV 104', 12543, 12242, 0, '401', '13.316861, 104.524917', NULL, '0', 1, 0, '0', '603', 7, 'NT7', NULL, NULL),
(680, 'Lô 874', 2014, '25.00', 'RRIV 124', 14027, 13620, 0, '507', '13.316611, 104.529167', NULL, '0', 1, 0, '0', '604', 7, 'NT7', NULL, NULL),
(681, 'Lô 875', 2014, '25.00', 'RRIV 124', 14026, 13748, 0, '378', '13.316694, 104.534389', NULL, '0', 1, 0, '0', '605', 7, 'NT7', NULL, NULL),
(682, 'Lô 876', 2014, '25.00', 'RRIV 124', 14028, 13802, 0, '326', '13.317056, 104.538667', NULL, '0', 1, 0, '0', '593', 7, 'NT7', NULL, NULL),
(683, 'Lô 877', 2014, '17.80', 'RRIV 115', 10401, 10213, 0, '288', '13.316722, 104.543694', NULL, '0', 1, 0, '0', '594', 7, 'NT7', NULL, NULL),
(684, 'Lô 886', 2014, '22.10', 'RRIV 104', 11749, 11499, 0, '350', '13.321333, 104.511083', NULL, '0', 1, 0, '0', '606', 7, 'NT7', NULL, NULL),
(685, 'Lô 887', 2014, '27.00', 'RRIV 124', 15083, 14810, 0, '373', '13.321528, 104.515028', NULL, '0', 1, 0, '0', '607', 7, 'NT7', NULL, NULL),
(686, 'Lô 889', 2014, '19.00', 'RRIV 124', 10747, 10689, 0, '158', '13.320833, 104.524778', NULL, '0', 1, 0, '0', '608', 7, 'NT7', NULL, NULL),
(687, 'Lô 89', 2013, '13.79', 'RRIV 124', 7728, 7331, 116, '281', '13.182778, 104.676000', NULL, '0', 1, 0, '0', '338', 4, 'NT4', NULL, NULL),
(688, 'Lô 890', 2014, '19.50', 'RRIV 104', 11288, 11017, 0, '371', '13.321139, 104.529556', NULL, '0', 1, 0, '0', '609', 7, 'NT7', NULL, NULL),
(689, 'Lô 891', 2014, '19.00', 'RRIV 124', 11297, 11123, 0, '274', '13.321250, 104.534083', NULL, '0', 1, 0, '0', '610', 7, 'NT7', NULL, NULL),
(690, 'Lô 892', 2014, '18.10', 'RRIC 121', 9743, 9571, 0, '272', '13.321250, 104.539111', NULL, '0', 1, 0, '0', '595', 7, 'NT7', NULL, NULL),
(691, 'Lô 893', 2014, '18.00', 'RRIV 124', 10131, 9875, 0, '356', '13.321250, 104.543194', NULL, '0', 1, 0, '0', '596', 7, 'NT7', NULL, NULL),
(692, 'Lô 894', 2014, '21.60', 'RRIV 124', 11386, 11123, 0, '363', '13.321250, 104.548417', NULL, '0', 1, 0, '0', '597', 7, 'NT7', NULL, NULL),
(693, 'Lô 9', 2010, '20.36', 'PB 260', 11324, 10800, 51, '473', '13.188500, 104.581722', NULL, '0', 1, 0, '0', '8', 1, 'NT1', NULL, NULL),
(694, 'Lô 90', 2013, '34.50', 'RRIV 124', 19436, 18823, 303, '310', '13.182694, 104.679500', NULL, '0', 1, 0, '0', '339', 4, 'NT4', NULL, NULL),
(695, 'Lô 91', 2013, '24.78', 'RRIV 124', 13975, 12758, 511, '706', '13.182194, 104.684528', NULL, '0', 1, 0, '0', '340', 4, 'NT4', NULL, NULL),
(696, 'Lô 92', 2013, '24.83', 'RRIV 124', 13865, 13517, 56, '292', '13.180972, 104.688944', NULL, '0', 1, 0, '0', '341', 4, 'NT4', NULL, NULL),
(697, 'Lô 93', 2013, '34.88', 'RRIV 124', 19383, 18949, 150, '284', '13.183472, 104.693389', NULL, '0', 1, 0, '0', '342', 4, 'NT4', NULL, NULL),
(698, 'Lô 94', 2013, '36.12', 'RRIV 124', 20550, 20043, 244, '263', '13.183222, 104.698000', NULL, '0', 1, 0, '0', '343', 4, 'NT4', NULL, NULL);

-- --------------------------------------------------------

--
-- Cấu trúc bảng cho bảng `reset_time`
--

CREATE TABLE `reset_time` (
  `id` int(11) NOT NULL,
  `time` time DEFAULT NULL,
  `created_at` timestamp NOT NULL DEFAULT current_timestamp(),
  `updated_at` timestamp NOT NULL DEFAULT current_timestamp()
) ENGINE=InnoDB DEFAULT CHARSET=utf8mb4 COLLATE=utf8mb4_general_ci;

--
-- Đang đổ dữ liệu cho bảng `reset_time`
--

INSERT INTO `reset_time` (`id`, `time`, `created_at`, `updated_at`) VALUES
(1, '06:30:00', '2024-09-11 07:38:14', '2024-09-26 03:19:51');

-- --------------------------------------------------------

--
-- Cấu trúc bảng cho bảng `roles`
--

CREATE TABLE `roles` (
  `id` bigint(20) UNSIGNED NOT NULL,
  `name` varchar(255) NOT NULL,
  `created_at` timestamp NULL DEFAULT NULL,
  `updated_at` timestamp NULL DEFAULT NULL
) ENGINE=InnoDB DEFAULT CHARSET=utf8mb4 COLLATE=utf8mb4_unicode_ci;

--
-- Đang đổ dữ liệu cho bảng `roles`
--

INSERT INTO `roles` (`id`, `name`, `created_at`, `updated_at`) VALUES
(1, 'Admin', NULL, NULL),
(2, 'Nguyên liệu', NULL, NULL),
(3, 'Cán vắt', NULL, NULL),
(8, 'Kho BHCK', NULL, NULL),
(9, 'Kho CRCK2', NULL, NULL),
(10, 'Hợp đồng BHCK', NULL, NULL),
(11, 'Hợp đồng CRCK2', NULL, NULL),
(14, 'ca trưởng 3T', NULL, NULL),
(15, 'ca trưởng 6T', NULL, NULL),
(16, 'DRC', NULL, NULL);

-- --------------------------------------------------------

--
-- Cấu trúc bảng cho bảng `role_user`
--

CREATE TABLE `role_user` (
  `id` bigint(20) UNSIGNED NOT NULL,
  `user_id` bigint(20) UNSIGNED NOT NULL,
  `role_id` bigint(20) UNSIGNED NOT NULL,
  `created_at` timestamp NULL DEFAULT current_timestamp(),
  `updated_at` timestamp NULL DEFAULT current_timestamp()
) ENGINE=InnoDB DEFAULT CHARSET=utf8mb4 COLLATE=utf8mb4_unicode_ci;

--
-- Đang đổ dữ liệu cho bảng `role_user`
--

INSERT INTO `role_user` (`id`, `user_id`, `role_id`, `created_at`, `updated_at`) VALUES
(1, 1, 1, '2024-09-06 16:04:23', '2024-09-06 16:04:23'),
(31, 11, 16, '2024-10-02 18:07:45', '2024-10-02 18:07:45'),
(32, 12, 2, '2024-10-02 18:09:36', '2024-10-02 18:09:36'),
(33, 12, 8, '2024-10-02 18:09:36', '2024-10-02 18:09:36'),
(34, 13, 2, '2024-10-02 18:10:23', '2024-10-02 18:10:23'),
(35, 13, 9, '2024-10-02 18:10:23', '2024-10-02 18:10:23'),
(36, 14, 3, '2024-10-02 18:10:57', '2024-10-02 18:10:57'),
(37, 15, 15, '2024-10-02 18:11:53', '2024-10-02 18:11:53'),
(38, 16, 14, '2024-10-02 18:12:36', '2024-10-02 18:12:36'),
(39, 17, 10, '2024-10-02 18:13:31', '2024-10-02 18:13:31'),
(40, 18, 11, '2024-10-02 18:14:34', '2024-10-02 18:14:34'),
(41, 19, 15, '2024-10-05 02:00:27', '2024-10-05 02:00:27');

-- --------------------------------------------------------

--
-- Cấu trúc bảng cho bảng `rubber`
--

CREATE TABLE `rubber` (
  `id` bigint(20) UNSIGNED NOT NULL,
  `status` tinyint(3) UNSIGNED NOT NULL DEFAULT 0,
  `date` date DEFAULT NULL,
  `time` time DEFAULT NULL,
  `or_time` text DEFAULT NULL,
  `truck_id` bigint(20) UNSIGNED DEFAULT NULL,
  `truck_name` text NOT NULL,
  `farm_id` bigint(20) UNSIGNED DEFAULT NULL,
  `receiving_place_id` bigint(20) UNSIGNED DEFAULT NULL,
  `latex_type` varchar(255) NOT NULL,
  `material_age` varchar(255) DEFAULT NULL,
  `fresh_weight` bigint(20) DEFAULT NULL,
  `drc_percentage` float DEFAULT NULL,
  `dry_weight` float DEFAULT NULL,
  `material_condition` int(10) UNSIGNED DEFAULT NULL,
  `impurity_type` varchar(255) DEFAULT NULL,
  `grade` varchar(255) DEFAULT NULL,
  `supervisor` text DEFAULT NULL,
  `created_at` timestamp NULL DEFAULT NULL,
  `updated_at` timestamp NULL DEFAULT NULL,
  `name` text DEFAULT NULL,
  `input_status` int(11) NOT NULL DEFAULT 0,
  `farm_name` text DEFAULT NULL,
  `package_code` text DEFAULT NULL,
  `kho` text DEFAULT NULL,
  `trong_luong_vao` text DEFAULT NULL,
  `trong_luong_ra` text DEFAULT NULL,
  `khoi_luong_phieu` text DEFAULT NULL,
  `tai_xe` text DEFAULT NULL,
  `time_di` text DEFAULT NULL,
  `time_ve` text DEFAULT NULL
) ENGINE=InnoDB DEFAULT CHARSET=utf8mb4 COLLATE=utf8mb4_unicode_ci;

--
-- Đang đổ dữ liệu cho bảng `rubber`
--

INSERT INTO `rubber` (`id`, `status`, `date`, `time`, `or_time`, `truck_id`, `truck_name`, `farm_id`, `receiving_place_id`, `latex_type`, `material_age`, `fresh_weight`, `drc_percentage`, `dry_weight`, `material_condition`, `impurity_type`, `grade`, `supervisor`, `created_at`, `updated_at`, `name`, `input_status`, `farm_name`, `package_code`, `kho`, `trong_luong_vao`, `trong_luong_ra`, `khoi_luong_phieu`, `tai_xe`, `time_di`, `time_ve`) VALUES
(478, 0, '2024-10-05', '09:06:00', '05-10-2024 09:06', NULL, '3B-2694', 10, 9, 'MỦ ĐÔNG CHÉN', '10', 34650, 65.92, 22841.3, 4, 'dăm cạo', 'CSR10', 'TRUONG QUOC VU', NULL, '2024-10-06 07:14:52', NULL, 1, 'TÂY NINH SR', '222', 'CRCK2', '54860', '20210', '35000', 'TRUONG QUOC VU', '05-10-2024 07:21', NULL),
(480, 0, '2024-10-02', '16:57:00', '02-10-2024 16:57', NULL, '3A-4101', 9, 10, 'THU MUA MĐC', '10', 27650, 61.44, 16988.2, 4, 'lá cây, dăm cạo', 'CSR10', 'MOEURN SREYTOCH', NULL, '2024-10-05 02:32:38', NULL, 1, 'MOEURN SREY TOCH', '207', 'CRCK2', '41850', '14200', '28870', 'MOEURN SREYTOCH', '02-10-2024 15:51', '02-10-2024 16:57'),
(481, 0, '2024-10-02', '16:57:00', '02-10-2024 16:57', NULL, '3B-0034', 9, 10, 'THU MUA MĐC', '10', 30660, 63.35, 19423.1, 4, 'lá cây, dăm cạo', 'CSR10', 'MOEURN SREYTOCH', NULL, '2024-10-05 02:34:03', NULL, 1, 'MOEURN SREY TOCH', '208', 'CRCK2', '47730', '17070', '31320', 'MOEURN SREYTOCH', '02-10-2024 15:52', '02-10-2024 16:57'),
(482, 0, '2024-10-02', '17:04:00', '02-10-2024 17:04', NULL, '3A-5158', 9, 10, 'THU MUA MĐC', '10', 28850, 61.24, 17667.7, 4, 'lá cây, dăm cạo', 'CSR10', 'MOEURN SREYTOCH', NULL, '2024-10-05 02:34:22', NULL, 1, 'MOEURN SREY TOCH', '209', 'CRCK2', '45650', '16800', '29860', 'MOEURN SREYTOCH', '02-10-2024 15:56', '02-10-2024 17:04'),
(483, 0, '2024-10-02', '17:05:00', '02-10-2024 17:05', NULL, '3A-3909', 9, 10, 'THU MUA MĐC', '10', 28690, 64.05, 18375.9, 4, 'lá cây, dăm cạo', 'CSR10', 'MOEURN SREYTOCH', NULL, '2024-10-05 02:34:58', NULL, 1, 'MOEURN SREY TOCH', '210', 'CRCK2', '42980', '14290', '29350', 'MOEURN SREYTOCH', '02-10-2024 15:58', '02-10-2024 17:05'),
(484, 0, '2024-10-03', '07:40:00', '03-10-2024 07:40', NULL, '3A-3744', 9, 10, 'THU MUA MĐC', '5', 17000, 52.72, 8962.4, 4, 'lá cây, dăm cạo', 'CSR10', 'SOU PUYAN', NULL, '2024-10-05 02:35:23', NULL, 1, 'SOU PUYAN', '211', 'CRCK2', '31850', '14850', '17610', 'SOU PUYAN', '03-10-2024 07:11', '03-10-2024 07:40'),
(485, 0, '2024-10-03', '15:36:00', '03-10-2024 15:36', NULL, '3B-0034', 9, 10, 'THU MUA MĐC', '10', 26070, 63.54, 16564.9, 4, 'lá cây, dăm cạo', 'CSR10', 'MOEURN SREYTOCH', NULL, '2024-10-05 02:36:27', NULL, 1, 'MOEURN SREY TOCH', '212', 'CRCK2', '43120', '17050', '26700', 'MOEURN SREYTOCH', '03-10-2024 14:57', '03-10-2024 15:36'),
(486, 0, '2024-10-03', '15:36:00', '03-10-2024 15:36', NULL, '3A-5261', 9, 10, 'THU MUA MĐC', '8', 25320, 61.52, 15576.9, 4, 'lá cây, dăm cạo', 'CSR10', 'MOEURN SREYTOCH', NULL, '2024-10-05 02:36:53', NULL, 1, 'MOEURN SREY TOCH', '213', 'CRCK2', '41670', '16350', '25860', 'MOEURN SREYTOCH', '03-10-2024 15:00', '03-10-2024 15:36'),
(487, 0, '2024-10-03', '16:31:00', '03-10-2024 16:31', NULL, '3A-3909', 9, 10, 'THU MUA MĐC', '10', 40510, 62.45, 25298.5, 4, 'lá cây, dăm cạo', 'CSR10', 'SOU PUYAN', NULL, '2024-10-05 02:37:11', NULL, 1, 'SOU PUYAN', '214', 'CRCK2', '54780', '14270', '41480', 'SOU PUYAN', '03-10-2024 15:33', '03-10-2024 16:31'),
(488, 0, '2024-10-03', '16:35:00', '03-10-2024 16:35', NULL, '3A-1106', 9, 10, 'THU MUA MĐC', '10', 39400, 63.44, 24995.4, 4, 'lá cây, dăm cạo', 'CSR10', 'SOU PUYAN', NULL, '2024-10-05 02:37:33', NULL, 1, 'SOU PUYAN', '215', 'CRCK2', '56410', '17010', '39430', 'SOU PUYAN', '03-10-2024 15:35', '03-10-2024 16:35'),
(489, 0, '2024-10-03', '16:35:00', '03-10-2024 16:35', NULL, '3A-5158', 9, 10, 'THU MUA MĐC', '8', 38580, 61.31, 23653.4, 4, 'lá cây, dăm cạo', 'CSR10', 'SOU PUYAN', NULL, '2024-10-05 03:11:05', NULL, 1, 'SOU PUYAN', '216', 'CRCK2', '55430', '16850', '38650', 'SOU PUYAN', '03-10-2024 15:40', '03-10-2024 16:35'),
(490, 0, '2024-10-04', '16:26:00', '04-10-2024 16:26', NULL, '3A-6698', 9, 10, 'THU MUA MĐC', '12', 36450, 66.33, 24177.3, 4, 'lá cây, dăm cạo', 'CSR10', 'SOU PUYAN', NULL, '2024-10-05 03:34:21', NULL, 1, 'SOU PUYAN', '217', 'CRCK2', '53770', '17320', '36451', 'SOU PUYAN', '04-10-2024 15:44', '04-10-2024 16:26'),
(491, 0, '2024-10-04', '16:27:00', '04-10-2024 16:27', NULL, '3A-5261', 9, 10, 'THU MUA MĐC', '8', 39360, 62.63, 24651.2, 4, 'lá cây, dăm cạo', 'CSR10', 'SOU PUYAN', NULL, '2024-10-05 03:34:44', NULL, 1, 'SOU PUYAN', '218', 'CRCK2', '55780', '16420', '39360', 'SOU PUYAN', '04-10-2024 15:45', '04-10-2024 16:27'),
(492, 0, '2024-10-04', '16:29:00', '04-10-2024 16:29', NULL, '3A-5158', 9, 10, 'THU MUA MĐC', '10', 36770, 63.44, 23326.9, 4, 'lá cây, dăm cạo', 'CSR10', 'SOU PUYAN', NULL, '2024-10-05 03:35:02', NULL, 1, 'SOU PUYAN', '219', 'CRCK2', '53640', '16870', '36770', 'SOU PUYAN', '04-10-2024 15:47', '04-10-2024 16:29'),
(493, 0, '2024-10-04', '16:44:00', '04-10-2024 16:44', NULL, '3B-0034', 9, 10, 'THU MUA MĐC', '8', 41430, 63.58, 26341.2, 4, 'lá cây, dăm cạo', 'CSR10', 'SOU PUYAN', NULL, '2024-10-05 03:35:55', NULL, 1, 'SOU PUYAN', '221', 'CRCK2', '58520', '17090', '42520', 'SOU PUYAN', '04-10-2024 16:00', '04-10-2024 16:44'),
(494, 0, '2024-10-04', '16:44:00', '04-10-2024 16:44', NULL, '3A-3909', 9, 10, 'THU MUA MĐC', '10', 42070, 65.76, 27665.2, 4, 'lá cây, dăm cạo', 'CSR10', 'SOU PUYAN', NULL, '2024-10-05 03:36:22', NULL, 1, 'SOU PUYAN', '220', 'CRCK2', '56370', '14300', '43070', 'SOU PUYAN', '04-10-2024 15:59', '04-10-2024 16:44'),
(495, 0, '2024-10-05', '09:07:00', '05-10-2024 09:07', NULL, '3E-2691', 10, 9, 'MỦ ĐÔNG CHÉN', '10', 37130, 65.92, 24476.1, 4, 'dăm cạo', 'CSR10', 'TRUONG QUOC VU', NULL, '2024-10-06 07:15:34', NULL, 1, 'TÂY NINH SR', '223', 'CRCK2', '55660', '18530', '37560', 'TRUONG QUOC VU', '05-10-2024 07:22', NULL),
(496, 0, '2024-10-05', '16:10:00', '05-10-2024 16:10', NULL, '3A-1106', 9, 10, 'THU MUA MĐC', '10', 39350, 66.31, 26093, 4, 'lá cây, dăm cạo', 'CSR10', 'SOU PUYAN', NULL, '2024-10-06 07:16:00', NULL, 1, 'SOU PUYAN', '224', 'CRCK2', '56410', '17060', '40530', 'SOU PUYAN', '05-10-2024 15:01', '05-10-2024 16:10'),
(497, 0, '2024-10-05', '16:11:00', '05-10-2024 16:11', NULL, '3A-6698', 9, 10, 'THU MUA MĐC', '8', 39700, 62.33, 24745, 4, 'lá cây, dăm cạo', 'CSR10', 'SOU PUYAN', NULL, '2024-10-06 07:16:16', NULL, 1, 'SOU PUYAN', '225', 'CRCK2', '57040', '17340', '40440', 'SOU PUYAN', '05-10-2024 15:03', '05-10-2024 16:11'),
(498, 0, '2024-10-05', '16:17:00', '05-10-2024 16:17', NULL, '3A-5261', 9, 10, 'THU MUA MĐC', '8', 42310, 62.31, 26363.4, 4, 'lá cây, dăm cạo', 'CSR10', 'SOU PUYAN', NULL, '2024-10-06 07:16:35', NULL, 1, 'SOU PUYAN', '226', 'CRCK2', '58690', '16380', '43560', 'SOU PUYAN', '05-10-2024 15:05', '05-10-2024 16:17'),
(499, 0, '2024-10-05', '16:18:00', NULL, NULL, '3A-3744', 9, 10, 'THU MUA MĐC', '10', 0, 64.52, 23246.6, 4, 'lá cây, dăm cạo', 'CSR10', 'SOU PUYAN', NULL, '2024-10-06 02:39:34', NULL, 0, 'SOU PUYAN', '227', 'CRCK2', '50900', '0', '37200', 'SOU PUYAN', '05-10-2024 15:07', '05-10-2024 16:18'),
(500, 0, '2024-10-05', '16:40:00', NULL, NULL, '3A-4101', 9, 21, 'THU MUA MD', '15', 0, 70.53, 16426.4, 4, 'dăm cạo', 'CSR20', 'SOU PUYAN', NULL, '2024-10-06 19:49:19', NULL, 0, 'SOU PUYAN', '228', 'CRCK2', '37250', '0', '23300', 'SOU PUYAN', '05-10-2024 15:26', '05-10-2024 16:40'),
(501, 0, '2024-10-05', '16:40:00', NULL, NULL, '3A-3909', 9, 21, 'THU MUA MD', '15', 0, 71.11, 19178.4, 4, 'dăm cạo', 'CSR20', 'SOU PUYAN', NULL, '2024-10-06 02:44:34', NULL, 0, 'SOU PUYAN', '229', 'CRCK2', '41250', '0', '27000', 'SOU PUYAN', '05-10-2024 15:29', '05-10-2024 16:40'),
(502, 0, '2024-10-05', '17:18:00', '05-10-2024 17:18', NULL, '3A-3744', 9, 10, 'THU MUA MĐC', '8', 15710, 56.13, 8818.02, 4, 'lá cây, dăm cạo', 'CSR10', 'SOU PUYAN', NULL, '2024-10-06 07:16:57', NULL, 1, 'SOU PUYAN', '230', 'CRCK2', '30580', '14870', '16390', 'SOU PUYAN', '05-10-2024 16:38', '05-10-2024 17:18'),
(503, 0, '2024-10-05', '17:42:00', '05-10-2024 17:42', NULL, '3A-5999', 9, 10, 'THU MUA MĐC', '8', 29950, 62.24, 18640.9, 4, 'dăm cạo', 'CSR10', 'MOEURN SREYTOCH', NULL, '2024-10-06 07:17:22', NULL, 1, 'MOEURN SREY TOCH', '231', 'CRCK2', '48190', '18240', '30500', 'MOEURN SREYTOCH', '05-10-2024 16:40', '05-10-2024 16:42'),
(504, 0, '2024-10-05', '17:49:00', '05-10-2024 17:49', NULL, '3A-6742', 9, 10, 'THU MUA MĐC', '8', 32520, 64.44, 20955.9, 4, 'dăm cạo', 'CSR10', 'MOEURN SREYTOCH', NULL, '2024-10-06 07:17:45', NULL, 1, 'MOEURN SREY TOCH', '232', 'CRCK2', '49630', '17110', '34000', 'MOEURN SREYTOCH', '05-10-2024 16:41', '05-10-2024 17:49'),
(505, 0, NULL, NULL, '06-10-2024 07:24', NULL, 'KCH-0034', 10, NULL, 'CSR10', NULL, 35900, NULL, NULL, NULL, NULL, NULL, NULL, NULL, '2024-10-06 19:49:19', NULL, 0, 'TÂY NINH SR', '233', 'CRCK2', '52950', '17050', '35910', 'TRUONG QUOC VU', '06-10-2024 07:24', NULL),
(506, 0, '2024-10-06', '10:07:00', '06-10-2024 10:07', NULL, '3A-5999', 10, 9, 'MỦ ĐÔNG CHÉN', '10', 40140, 65.87, 26440.2, 4, 'dăm cạo', 'CSR10', 'TRUONG QUOC VU', NULL, '2024-10-06 04:35:42', NULL, 0, 'TÂY NINH SR', '238', 'CRCK2', '59290', '19150', '40580', 'TRUONG QUOC VU', '06-10-2024 07:40', '06-10-2024 10:07'),
(507, 0, '2024-10-06', '10:08:00', '06-10-2024 10:08', NULL, '3A-8130', 10, 9, 'MỦ ĐÔNG CHÉN', '10', 38740, 65.87, 25518, 4, 'dăm cạo', 'CSR10', 'TRUONG QUOC VU', NULL, '2024-10-06 04:36:10', NULL, 0, 'TÂY NINH SR', '237', 'CRCK2', '57800', '19060', '39050', 'TRUONG QUOC VU', '06-10-2024 07:36', '06-10-2024 10:08'),
(508, 0, NULL, NULL, '06-10-2024 07:29', NULL, '3A-8431', 10, NULL, 'CSR10', NULL, 35870, NULL, NULL, NULL, NULL, NULL, NULL, NULL, '2024-10-06 19:49:19', NULL, 0, 'TÂY NINH SR', '235', 'CRCK2', '53070', '17200', '35910', 'TRUONG QUOC VU', '06-10-2024 07:29', NULL),
(509, 0, '2024-10-06', '11:37:00', '06-10-2024 11:37', NULL, '3B-1085', 5, 5, 'MĐC GIA CÔNG', '6', 5450, 52.14, 2841.63, 4, 'dăm cạo', 'CSR10', 'Ng. Phan Hải Long', NULL, '2024-10-06 03:14:59', NULL, 0, 'NÔNG TRƯỜNG 5', '242', 'BHCK', '10670', '5220', '5532', 'Ng. Phan Hải Long', '06-10-2024 11:21', '06-10-2024 11:37'),
(510, 0, '2024-10-06', '12:29:00', '06-10-2024 12:29', NULL, '3A-1844', 5, 5, 'MĐC GIA CÔNG', '6', 10420, 52.14, 5432.99, 4, 'dăm cạo', 'CSR10', 'Ng. Phan Hải Long', NULL, '2024-10-06 03:15:36', NULL, 0, 'NÔNG TRƯỜNG 5', '246', 'BHCK', '19470', '9050', '10502', 'Ng. Phan Hải Long', '06-10-2024 12:12', '06-10-2024 12:29'),
(511, 0, '2024-10-06', '12:43:00', '06-10-2024 12:43', NULL, '3A-6608', 6, 6, 'MỦ ĐÔNG CHÉN', '6', 10590, 52.12, 5519.51, 4, 'dăm cạo', 'CSR10', 'RIN', NULL, '2024-10-06 04:36:40', NULL, 0, 'NÔNG TRƯỜNG 6', '247', 'CRCK2', '17410', '6820', '11186', 'RIN', '06-10-2024 12:31', '06-10-2024 12:43'),
(512, 0, '2024-10-06', '12:54:00', '06-10-2024 12:54', NULL, '3A-1004', 5, 5, 'MĐC GIA CÔNG', '6', 8860, 52.14, 4619.6, 4, 'dăm cạo', 'CSR10', 'Ng. Phan Hải Long', NULL, '2024-10-06 03:12:50', NULL, 0, 'NÔNG TRƯỜNG 5', '248', 'BHCK', '16680', '7820', '8756', 'Ng. Phan Hải Long', '06-10-2024 12:35', '06-10-2024 12:54'),
(513, 0, '2024-10-06', '13:15:00', '06-10-2024 13:15', NULL, '3A-5891', 6, 6, 'MỦ ĐÔNG CHÉN', '6', 10680, 52.12, 5566.42, 4, 'dăm cạo', 'CSR10', 'DƯƠNG', NULL, '2024-10-06 04:32:18', NULL, 0, 'NÔNG TRƯỜNG 6', '250', 'CRCK2', '19280', '8600', '11101', 'DƯƠNG', '06-10-2024 13:06', NULL),
(514, 0, '2024-10-06', '13:22:00', '06-10-2024 13:22', NULL, '3B-1085', 5, 5, 'MĐC GIA CÔNG', '6', 4870, 52.14, 2539.22, 4, 'dăm cạo', 'CSR10', 'Ng. Phan Hải Long', NULL, '2024-10-06 03:13:19', NULL, 0, 'NÔNG TRƯỜNG 5', '249', 'BHCK', '10090', '5220', '4869', 'Ng. Phan Hải Long', '06-10-2024 13:01', '06-10-2024 13:22'),
(515, 0, '2024-10-06', '13:29:00', '06-10-2024 13:29', NULL, '3A-3712', 2, 2, 'MỦ ĐÔNG CHÉN', '6', 7250, 52.17, 3782.32, 4, 'dăm cạo', 'CSR10', 'CHIẾT', NULL, '2024-10-06 04:32:52', NULL, 0, 'NÔNG TRƯỜNG 2', '251', 'CRCK2', '15790', '8540', '7371', 'CHIẾT', '06-10-2024 13:18', '06-10-2024 13:29'),
(516, 0, '2024-10-06', '14:00:00', '06-10-2024 14:00', NULL, '3B-5787', 4, 4, 'MĐC GIA CÔNG', '6', 5970, 52.09, 3109.77, 4, 'dăm cạo', 'CSR10', 'Ng. Phan Hải Long', NULL, '2024-10-06 03:13:55', NULL, 0, 'NÔNG TRƯỜNG 4', '253', 'BHCK', '11760', '5790', '5988', 'Ng. Phan Hải Long', '06-10-2024 13:42', '06-10-2024 14:00'),
(517, 0, '2024-10-06', '14:01:00', '06-10-2024 14:01', NULL, '3A-1817', 5, 5, 'MĐC GIA CÔNG', '6', 8830, 52.14, 4603.96, 4, 'dăm cạo', 'CSR10', 'Ng. Phan Hải Long', NULL, '2024-10-06 03:14:22', NULL, 0, 'NÔNG TRƯỜNG 5', '252', 'BHCK', '16760', '7930', '8779', 'Ng. Phan Hải Long', '06-10-2024 13:20', '06-10-2024 14:01'),
(518, 0, '2024-10-06', '14:28:00', '06-10-2024 14:28', NULL, '3A-5891', 6, 6, 'MỦ ĐÔNG CHÉN', '6', 3780, 52.12, 1970.14, 4, 'dăm cạo', 'CSR10', 'DƯƠNG', NULL, '2024-10-06 04:33:49', NULL, 0, 'NÔNG TRƯỜNG 6', '254', 'CRCK2', '12380', '8600', '3672', 'DƯƠNG', '06-10-2024 14:16', '06-10-2024 14:28'),
(519, 0, '2024-10-06', '15:37:00', '06-10-2024 15:37', NULL, '3A-6608', 6, 6, 'MỦ ĐÔNG CHÉN', '6', 6790, 52.12, 3538.95, 4, 'dăm cạo', 'CSR10', 'RIN', NULL, '2024-10-06 04:34:12', NULL, 0, 'NÔNG TRƯỜNG 6', '256', 'CRCK2', '13600', '6810', '6971', 'RIN', '06-10-2024 15:23', '06-10-2024 15:37'),
(520, 0, '2024-10-06', '15:38:00', '06-10-2024 15:38', NULL, '3A-3712', 2, 2, 'MỦ ĐÔNG CHÉN', '6', 9260, 52.17, 4830.94, 4, 'dăm cạo', 'CSR10', 'CHIẾT', NULL, '2024-10-06 04:34:47', NULL, 0, 'NÔNG TRƯỜNG 2', '255', 'CRCK2', '17810', '8550', '9523', 'CHIẾT', '06-10-2024 15:15', '06-10-2024 15:38'),
(521, 0, NULL, NULL, '07-10-2024 09:52', NULL, '3B-2694', 10, 9, 'MỦ ĐÔNG CHÉN', NULL, 40230, NULL, NULL, NULL, NULL, NULL, NULL, NULL, NULL, NULL, 0, 'TÂY NINH SR', '257', 'CRCK2', '60550', '20320', '40720', 'TRUONG QUOC VU', '07-10-2024 08:35', '07-10-2024 09:52');

-- --------------------------------------------------------

--
-- Cấu trúc bảng cho bảng `rubber_warehouses`
--

CREATE TABLE `rubber_warehouses` (
  `id` bigint(20) UNSIGNED NOT NULL,
  `code` text NOT NULL,
  `status` int(11) NOT NULL DEFAULT 0,
  `weight_to_roll` bigint(20) NOT NULL,
  `handled` bigint(20) NOT NULL DEFAULT 0,
  `rubbers` varchar(255) DEFAULT NULL,
  `impurity_removing` text DEFAULT NULL,
  `date_curing` date DEFAULT NULL,
  `date` date DEFAULT NULL,
  `time` time DEFAULT NULL,
  `created_at` timestamp NULL DEFAULT NULL,
  `updated_at` timestamp NULL DEFAULT NULL,
  `curing_house_id` bigint(20) UNSIGNED DEFAULT NULL,
  `curing_area_id` bigint(20) UNSIGNED DEFAULT NULL
) ENGINE=InnoDB DEFAULT CHARSET=utf8mb4 COLLATE=utf8mb4_unicode_ci;

--
-- Đang đổ dữ liệu cho bảng `rubber_warehouses`
--

INSERT INTO `rubber_warehouses` (`id`, `code`, `status`, `weight_to_roll`, `handled`, `rubbers`, `impurity_removing`, `date_curing`, `date`, `time`, `created_at`, `updated_at`, `curing_house_id`, `curing_area_id`) VALUES
(86, '1727789164', 0, 313916, 0, NULL, NULL, '2024-09-30', '2024-10-01', '20:21:00', '2024-09-30 23:26:04', '2024-09-30 23:26:04', 4, 4),
(87, '1727789392', 0, 327932, 0, NULL, NULL, '2024-09-30', '2024-10-01', '20:28:00', '2024-09-30 23:29:52', '2024-09-30 23:29:52', 5, 5),
(88, '1727789519', 0, 377330, 0, NULL, NULL, '2024-09-30', '2024-10-01', '20:30:00', '2024-09-30 23:31:59', '2024-09-30 23:31:59', 7, 7),
(89, '1727789557', 0, 417331, 0, NULL, NULL, '2024-09-30', '2024-10-01', '20:32:00', '2024-09-30 23:32:37', '2024-09-30 23:32:37', 8, 8),
(92, '1727961695', 0, 110148, 0, NULL, NULL, '2024-09-30', '2024-10-01', '20:20:00', '2024-10-03 13:21:35', '2024-10-03 13:21:35', 10, 10),
(93, '1727961755', 0, 229143, 0, NULL, NULL, '2024-09-30', '2024-10-01', '20:21:00', '2024-10-03 13:22:35', '2024-10-03 13:22:35', 9, 9),
(94, '1727961800', 0, 509119, 0, NULL, NULL, '2024-09-30', '2024-10-01', '20:22:00', '2024-10-03 13:23:20', '2024-10-03 13:23:20', 1, 1),
(95, '1727961819', 0, 441785, 0, NULL, NULL, '2024-09-30', '2024-10-01', '20:23:00', '2024-10-03 13:23:39', '2024-10-03 13:23:39', 2, 2),
(96, '1727961856', 0, 350729, 0, NULL, NULL, '2024-09-30', '2024-10-01', '20:23:00', '2024-10-03 13:24:16', '2024-10-03 13:24:16', 3, 3),
(97, '1727961870', 0, 473665, 0, NULL, NULL, '2024-09-30', '2024-10-01', '20:24:00', '2024-10-03 13:24:30', '2024-10-03 13:24:30', 6, 6);

-- --------------------------------------------------------

--
-- Cấu trúc bảng cho bảng `sessions`
--

CREATE TABLE `sessions` (
  `id` varchar(255) NOT NULL,
  `user_id` bigint(20) UNSIGNED DEFAULT NULL,
  `ip_address` varchar(45) DEFAULT NULL,
  `user_agent` text DEFAULT NULL,
  `payload` longtext NOT NULL,
  `last_activity` int(11) NOT NULL
) ENGINE=InnoDB DEFAULT CHARSET=utf8mb4 COLLATE=utf8mb4_unicode_ci;

--
-- Đang đổ dữ liệu cho bảng `sessions`
--

INSERT INTO `sessions` (`id`, `user_id`, `ip_address`, `user_agent`, `payload`, `last_activity`) VALUES
('dA3o4MKHliKRiaIGuLNCyobVuajGgnlvnjen3joo', 1, '127.0.0.1', 'Mozilla/5.0 (Windows NT 10.0; Win64; x64) AppleWebKit/537.36 (KHTML, like Gecko) Chrome/129.0.0.0 Safari/537.36', 'YTo1OntzOjY6Il90b2tlbiI7czo0MDoiMVJpcUdRZVl5c2V4R1lhN210SXFFQnVtYVhrWEVjbm1ZWXFEeXdIdiI7czozOiJ1cmwiO2E6MDp7fXM6OToiX3ByZXZpb3VzIjthOjE6e3M6MzoidXJsIjtzOjI4OiJodHRwOi8vMTI3LjAuMC4xOjgwMDAvcnViYmVyIjt9czo2OiJfZmxhc2giO2E6Mjp7czozOiJvbGQiO2E6MDp7fXM6MzoibmV3IjthOjA6e319czo1MDoibG9naW5fd2ViXzU5YmEzNmFkZGMyYjJmOTQwMTU4MGYwMTRjN2Y1OGVhNGUzMDk4OWQiO2k6MTt9', 1728269605);

-- --------------------------------------------------------

--
-- Cấu trúc bảng cho bảng `shipments`
--

CREATE TABLE `shipments` (
  `id` int(10) UNSIGNED NOT NULL,
  `ma_xuat` varchar(255) NOT NULL,
  `loai_hang` varchar(255) NOT NULL,
  `so_luong` int(11) NOT NULL,
  `ngay_xuat` date DEFAULT NULL,
  `created_at` timestamp NULL DEFAULT NULL,
  `updated_at` timestamp NULL DEFAULT NULL,
  `contract_id` int(10) UNSIGNED NOT NULL,
  `status` int(11) NOT NULL DEFAULT 0,
  `customer_status` text DEFAULT NULL,
  `note` text DEFAULT NULL,
  `pdf` text DEFAULT NULL,
  `ngay_nhan_hang` date DEFAULT NULL
) ENGINE=InnoDB DEFAULT CHARSET=utf8mb4 COLLATE=utf8mb4_unicode_ci;

--
-- Đang đổ dữ liệu cho bảng `shipments`
--

INSERT INTO `shipments` (`id`, `ma_xuat`, `loai_hang`, `so_luong`, `ngay_xuat`, `created_at`, `updated_at`, `contract_id`, `status`, `customer_status`, `note`, `pdf`, `ngay_nhan_hang`) VALUES
(52, '38', 'CSR10', 210, '2024-10-08', '2024-10-03 08:37:27', '2024-10-03 08:37:27', 152, 0, NULL, NULL, '1727944647_Lệnh điều động .pdf', '2024-10-09'),
(53, 'PX1-MCS76', 'CSR10', 315, '2024-10-07', '2024-10-03 08:54:26', '2024-10-03 09:06:52', 154, 0, '0', NULL, NULL, '2024-10-08'),
(54, 'PX1-MCS76', 'CSR10', 123, '2024-10-12', '2024-10-03 09:14:57', '2024-10-03 09:20:14', 155, 0, '0', '210 T', NULL, '2024-10-13'),
(55, 'PX1-MCS77', 'CSR10', 123, '2024-10-14', '2024-10-03 09:14:57', '2024-10-03 09:19:49', 155, 0, '0', 'số lượng 210T', NULL, '2024-10-15'),
(56, 'PX1-MCS77', 'CSR10', 210, '2024-10-16', '2024-10-03 09:21:54', '2024-10-03 09:21:54', 156, 0, NULL, NULL, NULL, '2024-10-17'),
(57, 'PX1-MCS78', 'CSR10', 210, '2024-10-19', '2024-10-03 09:21:54', '2024-10-03 09:21:54', 156, 0, NULL, NULL, NULL, '2024-10-20'),
(58, 'PX1-MCS78', 'CSR10', 210, NULL, '2024-10-03 09:23:54', '2024-10-03 09:23:54', 157, 0, NULL, NULL, NULL, NULL);

-- --------------------------------------------------------

--
-- Cấu trúc bảng cho bảng `sub_contracts`
--

CREATE TABLE `sub_contracts` (
  `id` bigint(20) UNSIGNED NOT NULL,
  `contract_id` int(10) UNSIGNED NOT NULL,
  `contract_type_id` int(10) UNSIGNED DEFAULT NULL,
  `so_ngay_hd` varchar(255) DEFAULT NULL,
  `contract_number` varchar(50) DEFAULT NULL,
  `file_scan_pdf` text DEFAULT NULL,
  `count_contract` varchar(191) DEFAULT NULL,
  `contract_date` date DEFAULT NULL,
  `thang_giao_hang` varchar(255) DEFAULT NULL,
  `customer_id` int(10) UNSIGNED DEFAULT NULL,
  `so_luong` double DEFAULT NULL,
  `san_pham` varchar(50) DEFAULT NULL,
  `ngay_giao_hang` date DEFAULT NULL,
  `ngay_dong_cont` date DEFAULT NULL,
  `loai_pallet` varchar(255) DEFAULT NULL,
  `lenh_xuat_hang` varchar(255) DEFAULT NULL,
  `thi_truong` varchar(255) DEFAULT NULL,
  `don_vi_xuat_thuong_mai` varchar(255) DEFAULT NULL,
  `supplier` varchar(191) DEFAULT NULL,
  `ban_cho_ben_thu_3` varchar(255) DEFAULT NULL,
  `trang_thai` text NOT NULL DEFAULT 'Chưa thanh toán',
  `created_at` timestamp NULL DEFAULT NULL,
  `updated_at` timestamp NULL DEFAULT NULL
) ENGINE=InnoDB DEFAULT CHARSET=utf8mb4 COLLATE=utf8mb4_unicode_ci;

--
-- Đang đổ dữ liệu cho bảng `sub_contracts`
--

INSERT INTO `sub_contracts` (`id`, `contract_id`, `contract_type_id`, `so_ngay_hd`, `contract_number`, `file_scan_pdf`, `count_contract`, `contract_date`, `thang_giao_hang`, `customer_id`, `so_luong`, `san_pham`, `ngay_giao_hang`, `ngay_dong_cont`, `loai_pallet`, `lenh_xuat_hang`, `thi_truong`, `don_vi_xuat_thuong_mai`, `supplier`, `ban_cho_ben_thu_3`, `trang_thai`, `created_at`, `updated_at`) VALUES
(16, 152, 3, NULL, 'ANNEX 11', 'sub-contracts/1727943939_ANNEX 11 VRG.pdf', '420', '2024-10-01', '10', 11, NULL, 'CSR10', NULL, NULL, 'Hàng rời, không pallet', NULL, 'Việt Nam', 'C.R.C.R.2 APHIVATHCAOUTCHOUC Co., Ltd', NULL, 'Không', 'Chưa thanh toán', '2024-10-03 08:25:39', '2024-10-03 08:25:39'),
(17, 153, 3, NULL, 'ANNEX 11', 'sub-contracts/1727945217_ANNEX 11 HJ.pdf', '420', '2024-10-01', '10', 18, NULL, 'CSR10', NULL, NULL, 'Hàng rời, không pallet', NULL, 'Việt Nam', 'C.R.C.R.2 APHIVATHCAOUTCHOUC Co., Ltd', NULL, 'Không', 'Chưa thanh toán', '2024-10-03 08:46:57', '2024-10-03 08:46:57'),
(18, 155, 3, NULL, 'Annex No.11', 'sub-contracts/1727946961_AN 11 + PKL +IV tháng 10 (R).pdf', '210', '2024-10-01', '01', 11, NULL, 'CSR10', NULL, NULL, 'Hàng rời, không pallet', NULL, 'Việt Nam', 'C.R.C.R.2 APHIVATHCAOUTCHOUC Co., Ltd', NULL, 'Không', 'Chưa thanh toán', '2024-10-03 09:16:01', '2024-10-03 09:16:01'),
(19, 156, 3, NULL, 'Annex No.11', 'sub-contracts/1727947373_AN 11 + PKl + IV tháng 10 (R).pdf', '420', '2024-10-01', '10', 18, NULL, 'CSR10', NULL, NULL, 'Hàng rời, không pallet', NULL, 'Việt Nam', 'C.R.C.R.2 APHIVATHCAOUTCHOUC Co., Ltd', NULL, 'Không', 'Chưa thanh toán', '2024-10-03 09:22:53', '2024-10-03 09:22:53');

-- --------------------------------------------------------

--
-- Cấu trúc bảng cho bảng `trucks`
--

CREATE TABLE `trucks` (
  `id` bigint(20) UNSIGNED NOT NULL,
  `code` varchar(255) NOT NULL,
  `name` varchar(255) DEFAULT NULL,
  `farm_id` bigint(20) UNSIGNED DEFAULT NULL,
  `created_at` timestamp NULL DEFAULT NULL,
  `updated_at` timestamp NULL DEFAULT NULL
) ENGINE=InnoDB DEFAULT CHARSET=utf8mb4 COLLATE=utf8mb4_unicode_ci;

--
-- Đang đổ dữ liệu cho bảng `trucks`
--

INSERT INTO `trucks` (`id`, `code`, `name`, `farm_id`, `created_at`, `updated_at`) VALUES
(22, '3A-1256', 'CRCK-07', NULL, NULL, NULL),
(23, '3A-3712', 'CRCK-08', NULL, NULL, NULL),
(24, '3A-5891', 'CRCK-03', NULL, NULL, NULL),
(25, '3A-6608', 'CRCK-04', NULL, NULL, NULL),
(26, '3A-7413', 'CRCK-01', NULL, NULL, NULL),
(27, '3A-3404', 'CRCK-06', NULL, NULL, NULL),
(28, '3A-2352', 'CRCK-02', NULL, NULL, NULL),
(29, '3A-4673', 'CRCK-05', NULL, NULL, NULL),
(30, '3A-2330', 'BHCK 01', NULL, NULL, NULL),
(31, '3A-1373', 'BHCK 02', NULL, NULL, NULL),
(32, '3A-1817', 'BHCK 03', NULL, NULL, NULL),
(33, '3A-1314', 'BHCK 04', NULL, NULL, NULL),
(34, '3A-1335', 'BHCK 05', NULL, NULL, NULL),
(35, '3A-1012', 'BHCK 06', NULL, NULL, NULL),
(36, '3A-2023', 'BHCK 07', NULL, NULL, NULL),
(37, '3B-1085', 'BHCK 08', NULL, NULL, NULL),
(38, '3A-1073', 'BHCK 09', NULL, NULL, NULL),
(39, '3B-1474', 'BHCK 10', NULL, NULL, NULL),
(40, '3A-1004', 'BHCK 11', NULL, NULL, NULL),
(41, '3B-5787', 'BHCK 12', NULL, NULL, NULL),
(42, '3A-1440', 'BHCK 13', NULL, NULL, NULL),
(43, '3A-1844', 'BHCK 14', NULL, NULL, NULL),
(44, '3A-2020', 'BHCK 15', NULL, NULL, NULL),
(45, '3A-1020', 'BHCK 16', NULL, NULL, NULL);

-- --------------------------------------------------------

--
-- Cấu trúc bảng cho bảng `users`
--

CREATE TABLE `users` (
  `id` bigint(20) UNSIGNED NOT NULL,
  `name` varchar(255) NOT NULL,
  `email` varchar(255) NOT NULL,
  `email_verified_at` timestamp NULL DEFAULT NULL,
  `password` varchar(255) NOT NULL,
  `remember_token` varchar(100) DEFAULT NULL,
  `created_at` timestamp NULL DEFAULT NULL,
  `updated_at` timestamp NULL DEFAULT NULL
) ENGINE=InnoDB DEFAULT CHARSET=utf8mb4 COLLATE=utf8mb4_unicode_ci;

--
-- Đang đổ dữ liệu cho bảng `users`
--

INSERT INTO `users` (`id`, `name`, `email`, `email_verified_at`, `password`, `remember_token`, `created_at`, `updated_at`) VALUES
(1, 'Admin', 'admin@admin.com', NULL, '$2y$12$X3Lt7Rd9iu.U6wAHdYGKAey/prfmJGsXz0gvwOsRa/YsH2m.XarGa', NULL, '2024-09-06 14:38:46', '2024-09-06 14:38:46'),
(11, 'Quản lý chất lượng', 'drc@stoung.com', NULL, '$2y$12$4yv.3G1fAflY91kqYqH.ge.OCdevzliYMbgi2Bd9NPv.gMV9o5lV.', NULL, '2024-10-02 18:07:45', '2024-10-02 18:07:45'),
(12, 'Thủ kho BHCK', 'thukhoBHCK@stoung.com', NULL, '$2y$12$OivpWILCYRngrLRgwXRjeehuy0D/ABMjb4XiWN28e9fn.6zO8O/8W', NULL, '2024-10-02 18:09:36', '2024-10-02 18:09:36'),
(13, 'Thủ kho CRCK2 & TNSR', 'thukhoCRCK2@stoung.com', NULL, '$2y$12$cmn0Ormuo4EF3V1KTDI4EeQz/7rANlOBS2fY5cPtiI2UdFKp4qXJ2', NULL, '2024-10-02 18:10:23', '2024-10-02 18:10:23'),
(14, 'Cán vắt', 'canvat@stoung.com', NULL, '$2y$12$5M4hlF2u9o.YjSK1f1nzhObIZ7O0erb36Mq6tZQcCLvqJY3f2QKEa', NULL, '2024-10-02 18:10:57', '2024-10-02 18:10:57'),
(15, 'Ca trưởng 6T', '6T@stoung.com', NULL, '$2y$12$OnbF96A5NqyfTpUnKsIyRuIYxMSonANCJY1ILZ6jgwYdSaChFYAEq', NULL, '2024-10-02 18:11:53', '2024-10-02 18:11:53'),
(16, 'Ca trưởng 3T', '3T@stoung.com', NULL, '$2y$12$rBD7kDXBy6ZXpddijoEolu2Q/q9cQsyHUj6LVj75t/4hUNqAijEAK', NULL, '2024-10-02 18:12:36', '2024-10-02 18:12:36'),
(17, 'Hợp đồng BHCK', 'hopdongBHCK@stoung.com', NULL, '$2y$12$WWv8TyxIbvP/pohWsGUuqeofRRIgn4lr67wvrc7ETa5LnC0ngeB02', NULL, '2024-10-02 18:13:31', '2024-10-02 18:13:31'),
(18, 'Hợp đồng CRCK2', 'hopdongCRCK2@stoung.com', NULL, '$2y$12$KY4OwfpKS//6T/Ys3LAFNeFE7Ejl9yxetpc6Y0fdZzBIdirHuYkYu', NULL, '2024-10-02 18:14:34', '2024-10-02 18:14:34'),
(19, '123', '1234@gmail.com', NULL, '$2y$12$2.QHMviKp2Y5YrSDDQU4xuqHtKlI8DwBsLL4AlfJp12mVL.V1Q/pe', NULL, '2024-10-05 02:00:27', '2024-10-05 02:00:27');

-- --------------------------------------------------------

--
-- Cấu trúc bảng cho bảng `warehouses`
--

CREATE TABLE `warehouses` (
  `id` bigint(20) UNSIGNED NOT NULL,
  `name` varchar(255) NOT NULL,
  `code` varchar(255) NOT NULL,
  `created_at` timestamp NULL DEFAULT NULL,
  `updated_at` timestamp NULL DEFAULT NULL,
  `batch_id` bigint(20) UNSIGNED DEFAULT NULL
) ENGINE=InnoDB DEFAULT CHARSET=utf8mb4 COLLATE=utf8mb4_unicode_ci;

--
-- Đang đổ dữ liệu cho bảng `warehouses`
--

INSERT INTO `warehouses` (`id`, `name`, `code`, `created_at`, `updated_at`, `batch_id`) VALUES
(1441, 'A1', 'A1-11', '2024-09-17 03:46:11', '2024-10-01 20:33:23', 83),
(1442, 'A1', 'A1-12', '2024-09-17 03:46:11', '2024-10-01 20:33:44', 82),
(1443, 'A1', 'A1-13', '2024-09-17 03:46:11', '2024-10-01 20:33:56', 81),
(1444, 'A1', 'A1-14', '2024-09-17 03:46:11', '2024-10-01 20:34:08', 80),
(1445, 'A1', 'A1-15', '2024-09-17 03:46:11', '2024-10-01 20:34:22', 79),
(1446, 'A1', 'A1-16', '2024-09-17 03:46:11', '2024-10-01 20:34:33', 78),
(1447, 'A1', 'A1-21', '2024-09-17 03:46:11', '2024-10-01 20:34:49', 77),
(1448, 'A1', 'A1-22', '2024-09-17 03:46:11', '2024-10-01 20:35:06', 76),
(1449, 'A1', 'A1-23', '2024-09-17 03:46:11', '2024-10-01 20:35:39', 75),
(1450, 'A1', 'A1-24', '2024-09-17 03:46:11', '2024-10-01 20:35:57', 74),
(1451, 'A1', 'A1-25', '2024-09-17 03:46:11', '2024-10-01 20:36:08', 73),
(1452, 'A1', 'A1-26', '2024-09-17 03:46:11', '2024-10-01 20:36:34', 72),
(1453, 'A1', 'A1-31', '2024-09-17 03:46:11', '2024-10-01 20:36:44', 47),
(1454, 'A1', 'A1-32', '2024-09-17 03:46:11', '2024-10-01 20:36:55', 48),
(1455, 'A1', 'A1-33', '2024-09-17 03:46:11', '2024-10-01 20:37:10', 49),
(1456, 'A1', 'A1-34', '2024-09-17 03:46:11', '2024-10-01 20:37:26', 50),
(1457, 'A1', 'A1-35', '2024-09-17 03:46:11', '2024-10-01 20:37:38', 71),
(1458, 'A1', 'A1-36', '2024-09-17 03:46:11', '2024-10-01 20:37:49', 70),
(1459, 'A1', 'A1-41', '2024-09-17 03:46:11', '2024-10-01 20:38:02', 69),
(1460, 'A1', 'A1-42', '2024-09-17 03:46:11', '2024-10-01 20:38:12', 68),
(1461, 'A1', 'A1-43', '2024-09-17 03:46:11', '2024-10-01 20:38:23', 67),
(1462, 'A1', 'A1-44', '2024-09-17 03:46:11', '2024-10-01 20:38:34', 66),
(1463, 'A1', 'A1-45', '2024-09-17 03:46:11', '2024-10-01 20:38:49', 65),
(1464, 'A1', 'A1-46', '2024-09-17 03:46:11', '2024-10-01 20:39:05', 64),
(1465, 'A1', 'A1-51', '2024-09-17 03:46:11', '2024-10-01 20:39:20', 63),
(1466, 'A1', 'A1-52', '2024-09-17 03:46:11', '2024-10-01 20:39:33', 62),
(1467, 'A1', 'A1-53', '2024-09-17 03:46:11', '2024-10-01 20:39:43', 51),
(1468, 'A1', 'A1-54', '2024-09-17 03:46:11', '2024-10-01 20:40:02', 52),
(1469, 'A1', 'A1-55', '2024-09-17 03:46:11', '2024-10-01 20:40:12', 61),
(1470, 'A1', 'A1-56', '2024-09-17 03:46:11', '2024-10-01 20:40:28', 60),
(1471, 'A1', 'A1-61', '2024-09-17 03:46:11', '2024-10-01 20:40:40', 59),
(1472, 'A1', 'A1-62', '2024-09-17 03:46:11', '2024-10-01 20:40:50', 58),
(1473, 'A1', 'A1-63', '2024-09-17 03:46:11', '2024-10-01 20:41:00', 57),
(1474, 'A1', 'A1-64', '2024-09-17 03:46:11', '2024-10-01 20:41:11', 56),
(1475, 'A1', 'A1-65', '2024-09-17 03:46:11', '2024-10-01 20:41:21', 55),
(1476, 'A1', 'A1-66', '2024-09-17 03:46:11', '2024-10-01 20:41:42', 54),
(1477, 'A1', 'A1-71', '2024-09-17 03:46:11', '2024-10-01 20:42:02', 53),
(1478, 'A1', 'A1-72', '2024-09-17 03:46:11', '2024-10-01 21:22:34', 137),
(1479, 'A1', 'A1-73', '2024-09-17 03:46:11', '2024-10-01 21:23:20', NULL),
(1480, 'A1', 'A1-74', '2024-09-17 03:46:11', '2024-09-17 03:46:11', NULL),
(1481, 'A1', 'A1-75', '2024-09-17 03:46:11', '2024-09-17 03:46:11', NULL),
(1482, 'A1', 'A1-76', '2024-09-17 03:46:11', '2024-09-17 03:46:11', NULL),
(1483, 'A1', 'A1-81', '2024-09-17 03:46:11', '2024-09-17 03:46:11', NULL),
(1484, 'A1', 'A1-82', '2024-09-17 03:46:11', '2024-09-17 03:46:11', NULL),
(1485, 'A1', 'A1-83', '2024-09-17 03:46:11', '2024-09-17 03:46:11', NULL),
(1486, 'A1', 'A1-84', '2024-09-17 03:46:11', '2024-09-17 03:46:11', NULL),
(1487, 'A1', 'A1-85', '2024-09-17 03:46:11', '2024-09-17 03:46:11', NULL),
(1488, 'A1', 'A1-86', '2024-09-17 03:46:11', '2024-09-17 03:46:11', NULL),
(1489, 'A2', 'A2-11', '2024-09-17 03:46:53', '2024-10-01 21:17:00', 173),
(1490, 'A2', 'A2-12', '2024-09-17 03:46:53', '2024-10-01 21:17:06', 172),
(1491, 'A2', 'A2-13', '2024-09-17 03:46:53', '2024-10-01 21:17:20', 171),
(1492, 'A2', 'A2-14', '2024-09-17 03:46:53', '2024-10-01 21:17:29', 170),
(1493, 'A2', 'A2-15', '2024-09-17 03:46:53', '2024-10-01 21:17:34', 169),
(1494, 'A2', 'A2-16', '2024-09-17 03:46:53', '2024-10-01 21:17:44', 168),
(1495, 'A2', 'A2-21', '2024-09-17 03:46:53', '2024-10-01 21:17:52', 167),
(1496, 'A2', 'A2-22', '2024-09-17 03:46:53', '2024-10-01 21:17:59', 166),
(1497, 'A2', 'A2-23', '2024-09-17 03:46:54', '2024-10-01 21:18:06', 165),
(1498, 'A2', 'A2-24', '2024-09-17 03:46:54', '2024-10-01 21:18:12', 164),
(1499, 'A2', 'A2-25', '2024-09-17 03:46:54', '2024-10-01 21:18:19', 163),
(1500, 'A2', 'A2-26', '2024-09-17 03:46:54', '2024-10-01 21:18:27', 162),
(1501, 'A2', 'A2-31', '2024-09-17 03:46:54', '2024-10-01 21:18:35', 161),
(1502, 'A2', 'A2-32', '2024-09-17 03:46:54', '2024-10-01 21:18:44', 160),
(1503, 'A2', 'A2-33', '2024-09-17 03:46:54', '2024-10-01 21:18:54', 159),
(1504, 'A2', 'A2-34', '2024-09-17 03:46:54', '2024-10-01 21:19:02', 158),
(1505, 'A2', 'A2-35', '2024-09-17 03:46:54', '2024-10-01 21:19:11', 157),
(1506, 'A2', 'A2-36', '2024-09-17 03:46:54', '2024-10-01 21:19:18', 156),
(1507, 'A2', 'A2-41', '2024-09-17 03:46:54', '2024-10-01 21:19:27', 155),
(1508, 'A2', 'A2-42', '2024-09-17 03:46:54', '2024-10-01 21:19:36', 154),
(1509, 'A2', 'A2-43', '2024-09-17 03:46:54', '2024-10-01 21:19:45', 153),
(1510, 'A2', 'A2-44', '2024-09-17 03:46:54', '2024-10-01 21:19:54', 152),
(1511, 'A2', 'A2-45', '2024-09-17 03:46:54', '2024-10-01 21:20:03', 151),
(1512, 'A2', 'A2-46', '2024-09-17 03:46:54', '2024-10-01 21:20:15', 150),
(1513, 'A2', 'A2-51', '2024-09-17 03:46:54', '2024-10-01 21:20:23', 149),
(1514, 'A2', 'A2-52', '2024-09-17 03:46:54', '2024-10-01 21:20:32', 148),
(1515, 'A2', 'A2-53', '2024-09-17 03:46:54', '2024-10-01 21:20:40', 147),
(1516, 'A2', 'A2-54', '2024-09-17 03:46:54', '2024-10-01 21:21:14', 146),
(1517, 'A2', 'A2-55', '2024-09-17 03:46:54', '2024-10-01 21:21:23', 145),
(1518, 'A2', 'A2-56', '2024-09-17 03:46:54', '2024-10-01 21:21:36', 144),
(1519, 'A2', 'A2-61', '2024-09-17 03:46:54', '2024-10-01 21:21:42', 143),
(1520, 'A2', 'A2-62', '2024-09-17 03:46:54', '2024-10-01 21:21:53', 142),
(1521, 'A2', 'A2-63', '2024-09-17 03:46:54', '2024-10-01 21:22:01', 141),
(1522, 'A2', 'A2-64', '2024-09-17 03:46:54', '2024-10-01 21:22:09', 140),
(1523, 'A2', 'A2-65', '2024-09-17 03:46:54', '2024-10-01 21:22:18', 139),
(1524, 'A2', 'A2-66', '2024-09-17 03:46:54', '2024-10-01 21:22:25', 138),
(1525, 'A2', 'A2-71', '2024-09-17 03:46:54', '2024-10-01 21:22:43', 136),
(1526, 'A2', 'A2-72', '2024-09-17 03:46:54', '2024-10-01 21:22:51', 135),
(1527, 'A2', 'A2-73', '2024-09-17 03:46:54', '2024-10-01 21:23:20', 134),
(1528, 'A2', 'A2-74', '2024-09-17 03:46:54', '2024-10-01 21:23:45', 133),
(1529, 'A2', 'A2-75', '2024-09-17 03:46:54', '2024-10-01 21:23:55', 132),
(1530, 'A2', 'A2-76', '2024-09-17 03:46:54', '2024-10-01 21:35:26', 203),
(1531, 'A2', 'A2-81', '2024-09-17 03:46:54', '2024-10-01 21:35:43', 202),
(1532, 'A2', 'A2-82', '2024-09-17 03:46:54', '2024-10-01 21:36:02', 201),
(1533, 'A2', 'A2-83', '2024-09-17 03:46:54', '2024-10-01 21:39:19', 200),
(1534, 'A2', 'A2-84', '2024-09-17 03:46:54', '2024-10-01 21:39:25', 199),
(1535, 'A2', 'A2-85', '2024-09-17 03:46:54', '2024-10-01 21:39:31', 198),
(1536, 'A2', 'A2-86', '2024-09-17 03:46:54', '2024-10-01 21:39:56', 197),
(1537, 'A2', 'A2-91', '2024-09-17 03:46:54', '2024-10-01 21:40:03', 196),
(1538, 'A2', 'A2-92', '2024-09-17 03:46:54', '2024-10-01 21:40:09', 195),
(1539, 'A2', 'A2-93', '2024-09-17 03:46:54', '2024-10-01 21:40:15', 194),
(1540, 'A2', 'A2-94', '2024-09-17 03:46:54', '2024-10-01 21:40:21', 193),
(1541, 'A2', 'A2-95', '2024-09-17 03:46:54', '2024-10-01 21:40:27', 192),
(1542, 'A2', 'A2-96', '2024-09-17 03:46:54', '2024-10-01 21:40:32', 191),
(1543, 'A2', 'A2-101', '2024-09-17 03:46:54', '2024-10-01 21:40:41', 190),
(1544, 'A2', 'A2-102', '2024-09-17 03:46:54', '2024-10-01 21:40:48', 189),
(1545, 'A2', 'A2-103', '2024-09-17 03:46:54', '2024-10-01 21:40:53', 188),
(1546, 'A2', 'A2-104', '2024-09-17 03:46:54', '2024-10-01 21:41:17', 187),
(1547, 'A2', 'A2-105', '2024-09-17 03:46:54', '2024-10-01 21:41:24', 186),
(1548, 'A2', 'A2-106', '2024-09-17 03:46:54', '2024-10-01 21:41:30', 185),
(1549, 'A2', 'A2-111', '2024-09-17 03:46:54', '2024-10-01 21:41:35', 184),
(1550, 'A2', 'A2-112', '2024-09-17 03:46:54', '2024-10-01 21:41:44', 183),
(1551, 'A2', 'A2-113', '2024-09-17 03:46:54', '2024-10-01 21:41:50', 182),
(1552, 'A2', 'A2-114', '2024-09-17 03:46:54', '2024-10-01 21:42:03', 181),
(1553, 'A2', 'A2-115', '2024-09-17 03:46:54', '2024-10-01 21:42:08', 180),
(1554, 'A2', 'A2-116', '2024-09-17 03:46:54', '2024-10-01 21:42:15', 179),
(1555, 'A2', 'A2-121', '2024-09-17 03:46:54', '2024-10-01 21:42:20', 178),
(1556, 'A2', 'A2-122', '2024-09-17 03:46:54', '2024-10-01 21:42:37', 177),
(1557, 'A2', 'A2-123', '2024-09-17 03:46:54', '2024-10-01 21:42:57', 176),
(1558, 'A2', 'A2-124', '2024-09-17 03:46:54', '2024-10-01 21:43:04', 175),
(1559, 'A2', 'A2-125', '2024-09-17 03:46:54', '2024-10-01 21:43:12', 174),
(1560, 'A2', 'A2-126', '2024-09-17 03:46:54', '2024-09-17 03:46:54', NULL),
(1561, 'A3', 'A3-11', '2024-09-17 03:47:59', '2024-10-01 16:05:18', 1),
(1562, 'A3', 'A3-12', '2024-09-17 03:47:59', '2024-10-01 16:05:26', 2),
(1563, 'A3', 'A3-13', '2024-09-17 03:47:59', '2024-10-01 16:05:33', 3),
(1564, 'A3', 'A3-14', '2024-09-17 03:47:59', '2024-10-01 16:05:41', 4),
(1565, 'A3', 'A3-15', '2024-09-17 03:47:59', '2024-10-01 16:05:49', 5),
(1566, 'A3', 'A3-16', '2024-09-17 03:47:59', '2024-10-01 16:05:58', 6),
(1567, 'A3', 'A3-21', '2024-09-17 03:47:59', '2024-10-01 16:06:11', 7),
(1568, 'A3', 'A3-22', '2024-09-17 03:47:59', '2024-10-01 16:06:36', 8),
(1569, 'A3', 'A3-23', '2024-09-17 03:47:59', '2024-10-01 16:06:45', 9),
(1570, 'A3', 'A3-24', '2024-09-17 03:47:59', '2024-10-01 16:07:07', 10),
(1571, 'A3', 'A3-25', '2024-09-17 03:47:59', '2024-10-01 16:07:16', 11),
(1572, 'A3', 'A3-26', '2024-09-17 03:47:59', '2024-10-01 16:07:28', 12),
(1573, 'A3', 'A3-31', '2024-09-17 03:47:59', '2024-10-01 16:07:49', 13),
(1574, 'A3', 'A3-32', '2024-09-17 03:47:59', '2024-10-01 16:08:00', 14),
(1575, 'A3', 'A3-33', '2024-09-17 03:47:59', '2024-10-01 16:08:21', 15),
(1576, 'A3', 'A3-34', '2024-09-17 03:47:59', '2024-10-01 16:08:32', 16),
(1577, 'A3', 'A3-35', '2024-09-17 03:47:59', '2024-10-01 16:08:42', 17),
(1578, 'A3', 'A3-36', '2024-09-17 03:47:59', '2024-10-01 16:09:43', 18),
(1579, 'A3', 'A3-41', '2024-09-17 03:47:59', '2024-10-01 16:09:58', 19),
(1580, 'A3', 'A3-42', '2024-09-17 03:47:59', '2024-10-01 16:10:23', 20),
(1581, 'A3', 'A3-43', '2024-09-17 03:47:59', '2024-10-01 16:10:41', 21),
(1582, 'A3', 'A3-44', '2024-09-17 03:47:59', '2024-10-01 16:11:34', 22),
(1583, 'A3', 'A3-45', '2024-09-17 03:47:59', '2024-10-01 16:11:46', 23),
(1584, 'A3', 'A3-46', '2024-09-17 03:47:59', '2024-10-01 16:12:01', 24),
(1585, 'A3', 'A3-51', '2024-09-17 03:47:59', '2024-10-01 16:12:13', 25),
(1586, 'A3', 'A3-52', '2024-09-17 03:47:59', '2024-10-01 16:12:23', 26),
(1587, 'A3', 'A3-53', '2024-09-17 03:47:59', '2024-10-01 16:12:38', 27),
(1588, 'A3', 'A3-54', '2024-09-17 03:47:59', '2024-10-01 16:13:01', 28),
(1589, 'A3', 'A3-55', '2024-09-17 03:47:59', '2024-10-01 20:21:09', 29),
(1590, 'A3', 'A3-56', '2024-09-17 03:47:59', '2024-10-01 20:21:25', 30),
(1591, 'A3', 'A3-61', '2024-09-17 03:47:59', '2024-10-01 20:21:41', 31),
(1592, 'A3', 'A3-62', '2024-09-17 03:47:59', '2024-10-01 20:21:54', 32),
(1593, 'A3', 'A3-63', '2024-09-17 03:47:59', '2024-10-01 20:22:05', 33),
(1594, 'A3', 'A3-64', '2024-09-17 03:47:59', '2024-10-01 20:22:18', 34),
(1595, 'A3', 'A3-65', '2024-09-17 03:47:59', '2024-10-01 20:22:32', 35),
(1596, 'A3', 'A3-66', '2024-09-17 03:47:59', '2024-10-01 20:22:48', 36),
(1597, 'A3', 'A3-71', '2024-09-17 03:47:59', '2024-10-01 20:23:04', 37),
(1598, 'A3', 'A3-72', '2024-09-17 03:47:59', '2024-10-01 20:23:19', 38),
(1599, 'A3', 'A3-73', '2024-09-17 03:47:59', '2024-10-01 20:23:31', 39),
(1600, 'A3', 'A3-74', '2024-09-17 03:47:59', '2024-10-01 20:23:45', 40),
(1601, 'A3', 'A3-75', '2024-09-17 03:47:59', '2024-10-01 20:24:23', 41),
(1602, 'A3', 'A3-76', '2024-09-17 03:47:59', '2024-10-01 20:24:36', 42),
(1603, 'A3', 'A3-81', '2024-09-17 03:47:59', '2024-10-01 20:24:48', 43),
(1604, 'A3', 'A3-82', '2024-09-17 03:47:59', '2024-10-01 20:25:01', 44),
(1605, 'A3', 'A3-83', '2024-09-17 03:47:59', '2024-10-01 20:25:12', 45),
(1606, 'A3', 'A3-84', '2024-09-17 03:47:59', '2024-10-01 20:25:25', 46),
(1607, 'A3', 'A3-85', '2024-09-17 03:47:59', '2024-09-17 03:47:59', NULL),
(1608, 'A3', 'A3-86', '2024-09-17 03:47:59', '2024-09-17 03:47:59', NULL),
(1609, 'B1', 'B1-11', '2024-09-17 03:48:18', '2024-10-01 20:55:54', 113),
(1610, 'B1', 'B1-12', '2024-09-17 03:48:18', '2024-10-01 20:56:00', 112),
(1611, 'B1', 'B1-13', '2024-09-17 03:48:18', '2024-10-01 20:56:07', 111),
(1612, 'B1', 'B1-14', '2024-09-17 03:48:18', '2024-10-01 20:56:16', 110),
(1613, 'B1', 'B1-15', '2024-09-17 03:48:18', '2024-10-01 20:57:27', 109),
(1614, 'B1', 'B1-16', '2024-09-17 03:48:18', '2024-10-01 20:57:34', 108),
(1615, 'B1', 'B1-21', '2024-09-17 03:48:18', '2024-10-01 20:57:45', 107),
(1616, 'B1', 'B1-22', '2024-09-17 03:48:18', '2024-10-01 20:57:51', 106),
(1617, 'B1', 'B1-23', '2024-09-17 03:48:18', '2024-10-01 20:57:58', 105),
(1618, 'B1', 'B1-24', '2024-09-17 03:48:18', '2024-10-01 20:58:05', 104),
(1619, 'B1', 'B1-25', '2024-09-17 03:48:18', '2024-10-01 20:58:12', 103),
(1620, 'B1', 'B1-26', '2024-09-17 03:48:18', '2024-10-01 20:58:23', 102),
(1621, 'B1', 'B1-31', '2024-09-17 03:48:18', '2024-10-01 20:58:30', 101),
(1622, 'B1', 'B1-32', '2024-09-17 03:48:18', '2024-10-01 20:58:37', 100),
(1623, 'B1', 'B1-33', '2024-09-17 03:48:18', '2024-10-01 20:58:43', 99),
(1624, 'B1', 'B1-34', '2024-09-17 03:48:18', '2024-10-01 20:58:48', 98),
(1625, 'B1', 'B1-35', '2024-09-17 03:48:18', '2024-10-01 20:58:56', 97),
(1626, 'B1', 'B1-36', '2024-09-17 03:48:18', '2024-10-01 20:59:03', 96),
(1627, 'B1', 'B1-41', '2024-09-17 03:48:18', '2024-10-01 20:59:09', 95),
(1628, 'B1', 'B1-42', '2024-09-17 03:48:18', '2024-10-01 20:59:14', 94),
(1629, 'B1', 'B1-43', '2024-09-17 03:48:18', '2024-10-01 20:59:18', 93),
(1630, 'B1', 'B1-44', '2024-09-17 03:48:18', '2024-10-01 20:59:23', 92),
(1631, 'B1', 'B1-45', '2024-09-17 03:48:18', '2024-10-01 20:59:29', 91),
(1632, 'B1', 'B1-46', '2024-09-17 03:48:18', '2024-10-01 20:59:37', 90),
(1633, 'B1', 'B1-51', '2024-09-17 03:48:18', '2024-10-01 20:59:44', 89),
(1634, 'B1', 'B1-52', '2024-09-17 03:48:18', '2024-10-01 20:59:55', 88),
(1635, 'B1', 'B1-53', '2024-09-17 03:48:18', '2024-10-01 21:00:03', 87),
(1636, 'B1', 'B1-54', '2024-09-17 03:48:18', '2024-10-01 21:00:09', 86),
(1637, 'B1', 'B1-55', '2024-09-17 03:48:18', '2024-10-01 21:00:27', 85),
(1638, 'B1', 'B1-56', '2024-09-17 03:48:18', '2024-10-01 21:00:35', 84),
(1639, 'B1', 'B1-61', '2024-09-17 03:48:18', '2024-10-01 21:07:48', 131),
(1640, 'B1', 'B1-62', '2024-09-17 03:48:18', '2024-10-01 21:07:57', 130),
(1641, 'B1', 'B1-63', '2024-09-17 03:48:18', '2024-10-01 21:08:07', 129),
(1642, 'B1', 'B1-64', '2024-09-17 03:48:18', '2024-10-01 21:08:20', 128),
(1643, 'B1', 'B1-65', '2024-09-17 03:48:18', '2024-10-01 21:08:27', 127),
(1644, 'B1', 'B1-66', '2024-09-17 03:48:18', '2024-10-01 21:08:37', 126),
(1645, 'B1', 'B1-71', '2024-09-17 03:48:19', '2024-10-01 21:08:46', 125),
(1646, 'B1', 'B1-72', '2024-09-17 03:48:19', '2024-10-01 21:08:52', 124),
(1647, 'B1', 'B1-73', '2024-09-17 03:48:19', '2024-10-01 21:08:58', 123),
(1648, 'B1', 'B1-74', '2024-09-17 03:48:19', '2024-10-01 21:09:08', 122),
(1649, 'B1', 'B1-75', '2024-09-17 03:48:19', '2024-10-01 21:09:14', 121),
(1650, 'B1', 'B1-76', '2024-09-17 03:48:19', '2024-10-01 21:09:19', 120),
(1651, 'B1', 'B1-81', '2024-09-17 03:48:19', '2024-10-01 21:09:34', 119),
(1652, 'B1', 'B1-82', '2024-09-17 03:48:19', '2024-10-01 21:09:42', 118),
(1653, 'B1', 'B1-83', '2024-09-17 03:48:19', '2024-10-01 21:09:48', 117),
(1654, 'B1', 'B1-84', '2024-09-17 03:48:19', '2024-10-01 21:09:55', 116),
(1655, 'B1', 'B1-85', '2024-09-17 03:48:19', '2024-10-01 21:10:01', 115),
(1656, 'B1', 'B1-86', '2024-09-17 03:48:19', '2024-10-01 21:10:07', 114),
(1657, 'B2', 'B2-11', '2024-09-17 03:48:28', '2024-10-01 22:32:49', 435),
(1658, 'B2', 'B2-12', '2024-09-17 03:48:28', '2024-10-01 22:33:04', 434),
(1659, 'B2', 'B2-13', '2024-09-17 03:48:28', '2024-10-01 22:33:11', 433),
(1660, 'B2', 'B2-14', '2024-09-17 03:48:28', '2024-10-01 22:33:17', 432),
(1661, 'B2', 'B2-15', '2024-09-17 03:48:28', '2024-10-01 22:33:23', 431),
(1662, 'B2', 'B2-16', '2024-09-17 03:48:28', '2024-10-01 22:33:29', 430),
(1663, 'B2', 'B2-21', '2024-09-17 03:48:28', '2024-10-01 22:33:37', 429),
(1664, 'B2', 'B2-22', '2024-09-17 03:48:28', '2024-10-01 22:33:43', 428),
(1665, 'B2', 'B2-23', '2024-09-17 03:48:28', '2024-10-01 22:33:50', 427),
(1666, 'B2', 'B2-24', '2024-09-17 03:48:28', '2024-10-01 22:33:57', 426),
(1667, 'B2', 'B2-25', '2024-09-17 03:48:28', '2024-10-01 22:34:03', 425),
(1668, 'B2', 'B2-26', '2024-09-17 03:48:28', '2024-10-01 22:34:25', 424),
(1669, 'B2', 'B2-31', '2024-09-17 03:48:28', '2024-10-01 22:34:34', 423),
(1670, 'B2', 'B2-32', '2024-09-17 03:48:28', '2024-10-01 22:34:42', 422),
(1671, 'B2', 'B2-33', '2024-09-17 03:48:28', '2024-10-01 22:35:00', 421),
(1672, 'B2', 'B2-34', '2024-09-17 03:48:28', '2024-10-01 22:35:43', 420),
(1673, 'B2', 'B2-35', '2024-09-17 03:48:28', '2024-10-01 22:36:00', 419),
(1674, 'B2', 'B2-36', '2024-09-17 03:48:28', '2024-10-01 22:36:21', 418),
(1675, 'B2', 'B2-41', '2024-09-17 03:48:28', '2024-10-01 22:36:26', 417),
(1676, 'B2', 'B2-42', '2024-09-17 03:48:28', '2024-10-01 22:36:43', 416),
(1677, 'B2', 'B2-43', '2024-09-17 03:48:28', '2024-10-01 22:36:48', 415),
(1678, 'B2', 'B2-44', '2024-09-17 03:48:28', '2024-10-01 22:37:06', 414),
(1679, 'B2', 'B2-45', '2024-09-17 03:48:28', '2024-10-01 22:37:12', 413),
(1680, 'B2', 'B2-46', '2024-09-17 03:48:28', '2024-10-01 22:37:17', 412),
(1681, 'B2', 'B2-51', '2024-09-17 03:48:28', '2024-10-01 22:37:24', 411),
(1682, 'B2', 'B2-52', '2024-09-17 03:48:28', '2024-10-01 22:37:29', 410),
(1683, 'B2', 'B2-53', '2024-09-17 03:48:28', '2024-10-01 22:37:35', 409),
(1684, 'B2', 'B2-54', '2024-09-17 03:48:28', '2024-10-01 22:37:42', 408),
(1685, 'B2', 'B2-55', '2024-09-17 03:48:28', '2024-10-01 22:37:59', 407),
(1686, 'B2', 'B2-56', '2024-09-17 03:48:28', '2024-10-01 22:38:04', 406),
(1687, 'B2', 'B2-61', '2024-09-17 03:48:28', '2024-10-01 22:38:21', 405),
(1688, 'B2', 'B2-62', '2024-09-17 03:48:28', '2024-10-01 22:38:27', 404),
(1689, 'B2', 'B2-63', '2024-09-17 03:48:28', '2024-10-01 22:38:33', 403),
(1690, 'B2', 'B2-64', '2024-09-17 03:48:28', '2024-10-01 22:38:40', 402),
(1691, 'B2', 'B2-65', '2024-09-17 03:48:28', '2024-10-01 22:38:55', 401),
(1692, 'B2', 'B2-66', '2024-09-17 03:48:28', '2024-10-01 22:39:41', 400),
(1693, 'B2', 'B2-71', '2024-09-17 03:48:28', '2024-10-01 22:44:15', 456),
(1694, 'B2', 'B2-72', '2024-09-17 03:48:28', '2024-10-01 22:44:27', 455),
(1695, 'B2', 'B2-73', '2024-09-17 03:48:28', '2024-10-01 22:44:33', 454),
(1696, 'B2', 'B2-74', '2024-09-17 03:48:28', '2024-10-01 22:44:48', 453),
(1697, 'B2', 'B2-75', '2024-09-17 03:48:28', '2024-10-01 22:45:04', 452),
(1698, 'B2', 'B2-76', '2024-09-17 03:48:28', '2024-10-01 22:45:19', 451),
(1699, 'B2', 'B2-81', '2024-09-17 03:48:28', '2024-10-01 22:50:50', 553),
(1700, 'B2', 'B2-82', '2024-09-17 03:48:28', '2024-10-01 22:50:56', 552),
(1701, 'B2', 'B2-83', '2024-09-17 03:48:28', '2024-10-01 22:51:06', 551),
(1702, 'B2', 'B2-84', '2024-09-17 03:48:28', '2024-10-01 22:51:22', 550),
(1703, 'B2', 'B2-85', '2024-09-17 03:48:28', '2024-10-01 22:51:28', 549),
(1704, 'B2', 'B2-86', '2024-09-17 03:48:28', '2024-10-01 22:51:42', 548),
(1705, 'B2', 'B2-91', '2024-09-17 03:48:28', '2024-10-01 22:51:57', 547),
(1706, 'B2', 'B2-92', '2024-09-17 03:48:28', '2024-10-01 22:52:14', 546),
(1707, 'B2', 'B2-93', '2024-09-17 03:48:28', '2024-10-01 22:52:21', 545),
(1708, 'B2', 'B2-94', '2024-09-17 03:48:28', '2024-10-01 22:52:31', 544),
(1709, 'B2', 'B2-95', '2024-09-17 03:48:28', '2024-10-01 22:52:48', 543),
(1710, 'B2', 'B2-96', '2024-09-17 03:48:28', '2024-10-01 22:53:04', 542),
(1711, 'B2', 'B2-101', '2024-09-17 03:48:28', '2024-10-01 22:53:12', 541),
(1712, 'B2', 'B2-102', '2024-09-17 03:48:28', '2024-10-01 22:53:19', 540),
(1713, 'B2', 'B2-103', '2024-09-17 03:48:28', '2024-10-01 22:53:29', 539),
(1714, 'B2', 'B2-104', '2024-09-17 03:48:28', '2024-10-01 22:53:56', 538),
(1715, 'B2', 'B2-105', '2024-09-17 03:48:28', '2024-10-01 22:54:02', 537),
(1716, 'B2', 'B2-106', '2024-09-17 03:48:28', '2024-10-01 22:54:08', 536),
(1717, 'B2', 'B2-111', '2024-09-17 03:48:28', '2024-10-01 22:54:29', 535),
(1718, 'B2', 'B2-112', '2024-09-17 03:48:28', '2024-10-01 22:54:37', 534),
(1719, 'B2', 'B2-113', '2024-09-17 03:48:28', '2024-10-01 22:54:52', 533),
(1720, 'B2', 'B2-114', '2024-09-17 03:48:28', '2024-10-01 22:55:08', 532),
(1721, 'B2', 'B2-115', '2024-09-17 03:48:28', '2024-10-01 22:55:14', 531),
(1722, 'B2', 'B2-116', '2024-09-17 03:48:28', '2024-10-01 22:55:33', 530),
(1723, 'B2', 'B2-121', '2024-09-17 03:48:28', '2024-10-01 22:55:51', 529),
(1724, 'B2', 'B2-122', '2024-09-17 03:48:28', '2024-10-01 22:55:57', 528),
(1725, 'B2', 'B2-123', '2024-09-17 03:48:28', '2024-10-01 22:56:13', 527),
(1726, 'B2', 'B2-124', '2024-09-17 03:48:28', '2024-10-01 22:56:20', 526),
(1727, 'B2', 'B2-125', '2024-09-17 03:48:28', '2024-10-01 22:56:42', 525),
(1728, 'B2', 'B2-126', '2024-09-17 03:48:28', '2024-10-01 22:56:49', 524),
(1729, 'B2', 'B2-131', '2024-09-17 03:48:28', '2024-10-01 22:57:06', 523),
(1730, 'B2', 'B2-132', '2024-09-17 03:48:28', '2024-10-01 22:57:43', 522),
(1731, 'B2', 'B2-133', '2024-09-17 03:48:28', '2024-10-01 22:58:05', 521),
(1732, 'B2', 'B2-134', '2024-09-17 03:48:28', '2024-10-01 22:58:44', 520),
(1733, 'B2', 'B2-135', '2024-09-17 03:48:28', '2024-10-01 22:58:53', 519),
(1734, 'B2', 'B2-136', '2024-09-17 03:48:28', '2024-10-01 22:59:01', 518),
(1735, 'B2', 'B2-141', '2024-09-17 03:48:28', '2024-10-01 22:59:09', 517),
(1736, 'B2', 'B2-142', '2024-09-17 03:48:28', '2024-10-01 22:59:28', 516),
(1737, 'B2', 'B2-143', '2024-09-17 03:48:28', '2024-10-01 22:59:40', 515),
(1738, 'B2', 'B2-144', '2024-09-17 03:48:28', '2024-10-01 22:59:49', 514),
(1739, 'B2', 'B2-145', '2024-09-17 03:48:28', '2024-10-01 22:59:57', 513),
(1740, 'B2', 'B2-146', '2024-09-17 03:48:28', '2024-10-01 23:00:12', 512),
(1741, 'B2', 'B2-151', '2024-09-17 03:48:28', '2024-10-01 23:00:20', 511),
(1742, 'B2', 'B2-152', '2024-09-17 03:48:28', '2024-10-01 23:00:29', 510),
(1743, 'B2', 'B2-153', '2024-09-17 03:48:28', '2024-10-01 23:00:49', 509),
(1744, 'B2', 'B2-154', '2024-09-17 03:48:28', '2024-10-01 23:01:05', 508),
(1745, 'B2', 'B2-155', '2024-09-17 03:48:28', '2024-10-01 23:01:14', 507),
(1746, 'B2', 'B2-156', '2024-09-17 03:48:28', '2024-10-01 23:01:22', 506),
(1747, 'B2', 'B2-161', '2024-09-17 03:48:28', '2024-10-01 23:01:30', 505),
(1748, 'B2', 'B2-162', '2024-09-17 03:48:28', '2024-10-01 23:01:39', 504),
(1749, 'B2', 'B2-163', '2024-09-17 03:48:28', '2024-10-01 23:01:49', 503),
(1750, 'B2', 'B2-164', '2024-09-17 03:48:28', '2024-10-01 23:01:56', 502),
(1751, 'B2', 'B2-165', '2024-09-17 03:48:28', '2024-10-01 23:02:03', 501),
(1752, 'B2', 'B2-166', '2024-09-17 03:48:28', '2024-10-01 23:02:09', 500),
(1753, 'B3', 'B3-11', '2024-09-17 03:48:37', '2024-10-01 21:56:57', 330),
(1754, 'B3', 'B3-12', '2024-09-17 03:48:37', '2024-10-01 21:57:03', 329),
(1755, 'B3', 'B3-13', '2024-09-17 03:48:37', '2024-10-01 21:57:09', 328),
(1756, 'B3', 'B3-14', '2024-09-17 03:48:37', '2024-10-01 21:57:17', 327),
(1757, 'B3', 'B3-15', '2024-09-17 03:48:37', '2024-10-01 21:57:23', 326),
(1758, 'B3', 'B3-16', '2024-09-17 03:48:37', '2024-10-01 21:57:28', 325),
(1759, 'B3', 'B3-21', '2024-09-17 03:48:37', '2024-10-01 21:57:36', 324),
(1760, 'B3', 'B3-22', '2024-09-17 03:48:37', '2024-10-01 21:57:49', 323),
(1761, 'B3', 'B3-23', '2024-09-17 03:48:37', '2024-10-01 21:57:54', 322),
(1762, 'B3', 'B3-24', '2024-09-17 03:48:37', '2024-10-01 21:58:00', 321),
(1763, 'B3', 'B3-25', '2024-09-17 03:48:37', '2024-10-01 21:58:05', 320),
(1764, 'B3', 'B3-26', '2024-09-17 03:48:37', '2024-10-01 21:58:25', 319),
(1765, 'B3', 'B3-31', '2024-09-17 03:48:37', '2024-10-01 21:58:31', 318),
(1766, 'B3', 'B3-32', '2024-09-17 03:48:37', '2024-10-01 21:58:39', 317),
(1767, 'B3', 'B3-33', '2024-09-17 03:48:37', '2024-10-01 21:58:44', 316),
(1768, 'B3', 'B3-34', '2024-09-17 03:48:37', '2024-10-01 21:58:54', 315),
(1769, 'B3', 'B3-35', '2024-09-17 03:48:37', '2024-10-01 21:59:03', 314),
(1770, 'B3', 'B3-36', '2024-09-17 03:48:37', '2024-10-01 21:59:23', 313),
(1771, 'B3', 'B3-41', '2024-09-17 03:48:37', '2024-10-01 21:59:33', 312),
(1772, 'B3', 'B3-42', '2024-09-17 03:48:37', '2024-10-01 22:00:14', 311),
(1773, 'B3', 'B3-43', '2024-09-17 03:48:37', '2024-10-01 22:00:58', 310),
(1774, 'B3', 'B3-44', '2024-09-17 03:48:37', '2024-10-01 22:01:04', 309),
(1775, 'B3', 'B3-45', '2024-09-17 03:48:37', '2024-10-01 22:04:45', 308),
(1776, 'B3', 'B3-46', '2024-09-17 03:48:37', '2024-10-01 22:04:55', 307),
(1777, 'B3', 'B3-51', '2024-09-17 03:48:37', '2024-10-01 22:05:12', 306),
(1778, 'B3', 'B3-52', '2024-09-17 03:48:37', '2024-10-01 22:05:18', 305),
(1779, 'B3', 'B3-53', '2024-09-17 03:48:37', '2024-10-01 22:05:24', 304),
(1780, 'B3', 'B3-54', '2024-09-17 03:48:37', '2024-10-01 22:05:37', 303),
(1781, 'B3', 'B3-55', '2024-09-17 03:48:37', '2024-10-01 22:06:23', 302),
(1782, 'B3', 'B3-56', '2024-09-17 03:48:37', '2024-10-01 22:06:29', 301),
(1783, 'B3', 'B3-61', '2024-09-17 03:48:37', '2024-10-01 22:06:39', 300),
(1784, 'B3', 'B3-62', '2024-09-17 03:48:37', '2024-09-17 03:48:37', NULL),
(1785, 'B3', 'B3-63', '2024-09-17 03:48:37', '2024-09-17 03:48:37', NULL),
(1786, 'B3', 'B3-64', '2024-09-17 03:48:37', '2024-09-17 03:48:37', NULL),
(1787, 'B3', 'B3-65', '2024-09-17 03:48:37', '2024-09-17 03:48:37', NULL),
(1788, 'B3', 'B3-66', '2024-09-17 03:48:37', '2024-09-17 03:48:37', NULL),
(1789, 'B3', 'B3-71', '2024-09-17 03:48:37', '2024-09-17 03:48:37', NULL),
(1790, 'B3', 'B3-72', '2024-09-17 03:48:37', '2024-09-17 03:48:37', NULL),
(1791, 'B3', 'B3-73', '2024-09-17 03:48:37', '2024-09-17 03:48:37', NULL),
(1792, 'B3', 'B3-74', '2024-09-17 03:48:37', '2024-09-17 03:48:37', NULL),
(1793, 'B3', 'B3-75', '2024-09-17 03:48:37', '2024-09-17 03:48:37', NULL),
(1794, 'B3', 'B3-76', '2024-09-17 03:48:37', '2024-09-17 03:48:37', NULL),
(1795, 'B3', 'B3-81', '2024-09-17 03:48:37', '2024-09-17 03:48:37', NULL),
(1796, 'B3', 'B3-82', '2024-09-17 03:48:37', '2024-09-17 03:48:37', NULL),
(1797, 'B3', 'B3-83', '2024-09-17 03:48:37', '2024-09-17 03:48:37', NULL),
(1798, 'B3', 'B3-84', '2024-09-17 03:48:37', '2024-09-17 03:48:37', NULL),
(1799, 'B3', 'B3-85', '2024-09-17 03:48:37', '2024-09-17 03:48:37', NULL),
(1800, 'B3', 'B3-86', '2024-09-17 03:48:37', '2024-09-17 03:48:37', NULL),
(1801, 'A1-BHCK', 'A1-11', '2024-09-29 00:26:14', '2024-10-02 14:51:56', 1067),
(1802, 'A1-BHCK', 'A1-12', '2024-09-29 00:26:14', '2024-10-02 14:52:04', 1066),
(1803, 'A1-BHCK', 'A1-13', '2024-09-29 00:26:14', '2024-10-02 14:52:18', 1065),
(1804, 'A1-BHCK', 'A1-14', '2024-09-29 00:26:14', '2024-10-02 14:52:41', 1064),
(1805, 'A1-BHCK', 'A1-15', '2024-09-29 00:26:14', '2024-10-02 14:52:49', 1063),
(1806, 'A1-BHCK', 'A1-16', '2024-09-29 00:26:14', '2024-10-02 14:52:58', 1062),
(1807, 'A1-BHCK', 'A1-21', '2024-09-29 00:26:14', '2024-10-02 14:53:06', 1061),
(1808, 'A1-BHCK', 'A1-22', '2024-09-29 00:26:14', '2024-10-02 14:53:17', 1060),
(1809, 'A1-BHCK', 'A1-23', '2024-09-29 00:26:14', '2024-10-02 14:53:26', 1059),
(1810, 'A1-BHCK', 'A1-24', '2024-09-29 00:26:14', '2024-10-02 14:53:34', 1058),
(1811, 'A1-BHCK', 'A1-25', '2024-09-29 00:26:14', '2024-10-02 14:53:48', 1057),
(1812, 'A1-BHCK', 'A1-26', '2024-09-29 00:26:14', '2024-10-02 14:53:56', 1056),
(1813, 'A1-BHCK', 'A1-31', '2024-09-29 00:26:14', '2024-10-02 14:54:05', 1055),
(1814, 'A1-BHCK', 'A1-32', '2024-09-29 00:26:14', '2024-10-02 14:54:12', 1054),
(1815, 'A1-BHCK', 'A1-33', '2024-09-29 00:26:14', '2024-10-02 14:54:21', 1053),
(1816, 'A1-BHCK', 'A1-34', '2024-09-29 00:26:14', '2024-10-02 14:54:30', 1052),
(1817, 'A1-BHCK', 'A1-35', '2024-09-29 00:26:14', '2024-10-02 14:54:50', 1051),
(1818, 'A1-BHCK', 'A1-36', '2024-09-29 00:26:14', '2024-10-02 14:55:00', 1050),
(1819, 'A1-BHCK', 'A1-41', '2024-09-29 00:26:14', '2024-10-02 14:55:08', 1049),
(1820, 'A1-BHCK', 'A1-42', '2024-09-29 00:26:14', '2024-10-02 14:55:16', 1048),
(1821, 'A1-BHCK', 'A1-43', '2024-09-29 00:26:14', '2024-10-02 14:55:23', 1047),
(1822, 'A1-BHCK', 'A1-44', '2024-09-29 00:26:14', '2024-10-02 14:55:31', 1046),
(1823, 'A1-BHCK', 'A1-45', '2024-09-29 00:26:14', '2024-10-02 14:55:44', 1045),
(1824, 'A1-BHCK', 'A1-46', '2024-09-29 00:26:14', '2024-10-02 14:55:58', 1044),
(1825, 'A1-BHCK', 'A1-51', '2024-09-29 00:26:14', '2024-10-02 14:56:11', 1043),
(1826, 'A1-BHCK', 'A1-52', '2024-09-29 00:26:14', '2024-10-02 14:56:25', 1042),
(1827, 'A1-BHCK', 'A1-53', '2024-09-29 00:26:14', '2024-10-02 14:56:42', 1041),
(1828, 'A1-BHCK', 'A1-54', '2024-09-29 00:26:14', '2024-10-02 14:57:00', 1040),
(1829, 'A1-BHCK', 'A1-55', '2024-09-29 00:26:14', '2024-10-02 14:57:08', 1039),
(1830, 'A1-BHCK', 'A1-56', '2024-09-29 00:26:14', '2024-10-02 14:57:16', 1038),
(1831, 'A1-BHCK', 'A1-61', '2024-09-29 00:26:14', '2024-10-02 14:57:24', 1037),
(1832, 'A1-BHCK', 'A1-62', '2024-09-29 00:26:14', '2024-10-02 14:57:32', 1036),
(1833, 'A1-BHCK', 'A1-63', '2024-09-29 00:26:14', '2024-10-02 14:57:40', 1035),
(1834, 'A1-BHCK', 'A1-64', '2024-09-29 00:26:14', '2024-10-02 14:57:49', 1034),
(1835, 'A1-BHCK', 'A1-65', '2024-09-29 00:26:14', '2024-10-02 14:58:03', 1033),
(1836, 'A1-BHCK', 'A1-66', '2024-09-29 00:26:14', '2024-10-02 14:58:12', 1032),
(1837, 'A1-BHCK', 'A1-71', '2024-09-29 00:26:14', '2024-10-02 14:58:21', 1031),
(1838, 'A1-BHCK', 'A1-72', '2024-09-29 00:26:14', '2024-10-02 14:58:30', 1030),
(1839, 'A1-BHCK', 'A1-73', '2024-09-29 00:26:14', '2024-10-02 14:58:39', 1029),
(1840, 'A1-BHCK', 'A1-74', '2024-09-29 00:26:14', '2024-10-02 14:58:46', 1028),
(1841, 'A1-BHCK', 'A1-75', '2024-09-29 00:26:14', '2024-10-02 14:58:55', 1027),
(1842, 'A1-BHCK', 'A1-76', '2024-09-29 00:26:14', '2024-10-02 14:59:03', 1026),
(1843, 'A1-BHCK', 'A1-81', '2024-09-29 00:26:14', '2024-10-02 14:59:12', 1025),
(1844, 'A1-BHCK', 'A1-82', '2024-09-29 00:26:14', '2024-10-02 14:59:21', 1024),
(1845, 'A1-BHCK', 'A1-83', '2024-09-29 00:26:14', '2024-10-02 14:59:29', 1023),
(1846, 'A1-BHCK', 'A1-84', '2024-09-29 00:26:14', '2024-10-02 14:59:38', 1022),
(1847, 'A1-BHCK', 'A1-85', '2024-09-29 00:26:14', '2024-10-02 14:59:51', 1021),
(1848, 'A1-BHCK', 'A1-86', '2024-09-29 00:26:14', '2024-10-02 14:59:58', 1020),
(1849, 'A2-BHCK', 'A2-11', '2024-09-29 00:26:50', '2024-10-02 15:18:53', 1097),
(1850, 'A2-BHCK', 'A2-12', '2024-09-29 00:26:50', '2024-10-02 15:19:02', 1096),
(1851, 'A2-BHCK', 'A2-13', '2024-09-29 00:26:50', '2024-10-02 15:19:12', 1095),
(1852, 'A2-BHCK', 'A2-14', '2024-09-29 00:26:50', '2024-10-02 15:19:26', 1094),
(1853, 'A2-BHCK', 'A2-15', '2024-09-29 00:26:50', '2024-10-02 15:19:35', 1093),
(1854, 'A2-BHCK', 'A2-16', '2024-09-29 00:26:50', '2024-10-02 15:19:49', 1092),
(1855, 'A2-BHCK', 'A2-21', '2024-09-29 00:26:50', '2024-10-02 15:24:41', 1153),
(1856, 'A2-BHCK', 'A2-22', '2024-09-29 00:26:50', '2024-10-02 15:24:59', 1152),
(1857, 'A2-BHCK', 'A2-23', '2024-09-29 00:26:50', '2024-10-02 15:25:09', 1151),
(1858, 'A2-BHCK', 'A2-24', '2024-09-29 00:26:50', '2024-10-02 15:25:17', 1150),
(1859, 'A2-BHCK', 'A2-25', '2024-09-29 00:26:50', '2024-10-02 15:25:37', 1149),
(1860, 'A2-BHCK', 'A2-26', '2024-09-29 00:26:50', '2024-10-02 15:25:50', 1148),
(1861, 'A2-BHCK', 'A2-31', '2024-09-29 00:26:50', '2024-10-02 15:26:05', 1147),
(1862, 'A2-BHCK', 'A2-32', '2024-09-29 00:26:50', '2024-10-02 15:26:23', 1146),
(1863, 'A2-BHCK', 'A2-33', '2024-09-29 00:26:50', '2024-10-02 15:26:34', 1145),
(1864, 'A2-BHCK', 'A2-34', '2024-09-29 00:26:50', '2024-10-02 15:26:44', 1144),
(1865, 'A2-BHCK', 'A2-35', '2024-09-29 00:26:50', '2024-10-02 15:26:57', 1143),
(1866, 'A2-BHCK', 'A2-36', '2024-09-29 00:26:50', '2024-10-02 15:27:14', 1142),
(1867, 'A2-BHCK', 'A2-41', '2024-09-29 00:26:50', '2024-10-02 15:27:25', 1141),
(1868, 'A2-BHCK', 'A2-42', '2024-09-29 00:26:50', '2024-10-02 15:27:37', 1140),
(1869, 'A2-BHCK', 'A2-43', '2024-09-29 00:26:50', '2024-10-02 15:27:46', 1139),
(1870, 'A2-BHCK', 'A2-44', '2024-09-29 00:26:50', '2024-10-02 15:27:59', 1138),
(1871, 'A2-BHCK', 'A2-45', '2024-09-29 00:26:50', '2024-10-02 15:28:10', 1137),
(1872, 'A2-BHCK', 'A2-46', '2024-09-29 00:26:50', '2024-10-02 15:28:19', 1136),
(1873, 'A2-BHCK', 'A2-51', '2024-09-29 00:26:50', '2024-10-02 15:28:30', 1135),
(1874, 'A2-BHCK', 'A2-52', '2024-09-29 00:26:50', '2024-10-02 15:28:39', 1134),
(1875, 'A2-BHCK', 'A2-53', '2024-09-29 00:26:50', '2024-10-02 15:28:48', 1133),
(1876, 'A2-BHCK', 'A2-54', '2024-09-29 00:26:50', '2024-10-02 15:28:57', 1132),
(1877, 'A2-BHCK', 'A2-55', '2024-09-29 00:26:50', '2024-10-02 15:29:16', 1131),
(1878, 'A2-BHCK', 'A2-56', '2024-09-29 00:26:50', '2024-10-02 15:29:26', 1130),
(1879, 'A2-BHCK', 'A2-61', '2024-09-29 00:26:50', '2024-10-02 15:29:37', 1129),
(1880, 'A2-BHCK', 'A2-62', '2024-09-29 00:26:50', '2024-10-02 15:29:47', 1128),
(1881, 'A2-BHCK', 'A2-63', '2024-09-29 00:26:50', '2024-10-02 15:29:58', 1127),
(1882, 'A2-BHCK', 'A2-64', '2024-09-29 00:26:50', '2024-10-02 15:30:07', 1126),
(1883, 'A2-BHCK', 'A2-65', '2024-09-29 00:26:50', '2024-10-02 15:30:16', 1125),
(1884, 'A2-BHCK', 'A2-66', '2024-09-29 00:26:50', '2024-10-02 15:30:25', 1124),
(1885, 'A2-BHCK', 'A2-71', '2024-09-29 00:26:50', '2024-10-02 15:30:33', 1123),
(1886, 'A2-BHCK', 'A2-72', '2024-09-29 00:26:50', '2024-10-02 15:30:51', 1122),
(1887, 'A2-BHCK', 'A2-73', '2024-09-29 00:26:50', '2024-10-02 15:31:03', 1121),
(1888, 'A2-BHCK', 'A2-74', '2024-09-29 00:26:50', '2024-10-02 15:31:13', 1120),
(1889, 'A2-BHCK', 'A2-75', '2024-09-29 00:26:50', '2024-10-02 15:31:28', 1119),
(1890, 'A2-BHCK', 'A2-76', '2024-09-29 00:26:50', '2024-10-02 15:31:37', 1118),
(1891, 'A2-BHCK', 'A2-81', '2024-09-29 00:26:50', '2024-10-02 15:31:46', 1117),
(1892, 'A2-BHCK', 'A2-82', '2024-09-29 00:26:50', '2024-10-02 15:32:01', 1116),
(1893, 'A2-BHCK', 'A2-83', '2024-09-29 00:26:50', '2024-10-02 15:32:10', 1115),
(1894, 'A2-BHCK', 'A2-84', '2024-09-29 00:26:50', '2024-10-02 15:32:18', 1114),
(1895, 'A2-BHCK', 'A2-85', '2024-09-29 00:26:50', '2024-10-02 15:32:29', 1113),
(1896, 'A2-BHCK', 'A2-86', '2024-09-29 00:26:50', '2024-10-02 15:32:40', 1112),
(1897, 'A2-BHCK', 'A2-91', '2024-09-29 00:26:50', '2024-10-02 15:32:51', 1111),
(1898, 'A2-BHCK', 'A2-92', '2024-09-29 00:26:50', '2024-10-02 15:33:05', 1110),
(1899, 'A2-BHCK', 'A2-93', '2024-09-29 00:26:50', '2024-10-02 15:33:20', 1109),
(1900, 'A2-BHCK', 'A2-94', '2024-09-29 00:26:50', '2024-10-02 15:33:29', 1108),
(1901, 'A2-BHCK', 'A2-95', '2024-09-29 00:26:50', '2024-10-02 15:33:38', 1107),
(1902, 'A2-BHCK', 'A2-96', '2024-09-29 00:26:50', '2024-10-02 15:33:48', 1106),
(1903, 'A2-BHCK', 'A2-101', '2024-09-29 00:26:50', '2024-10-02 15:33:58', 1105),
(1904, 'A2-BHCK', 'A2-102', '2024-09-29 00:26:50', '2024-10-02 15:34:08', 1104),
(1905, 'A2-BHCK', 'A2-103', '2024-09-29 00:26:50', '2024-10-02 15:34:21', 1103),
(1906, 'A2-BHCK', 'A2-104', '2024-09-29 00:26:50', '2024-10-02 15:34:36', 1102),
(1907, 'A2-BHCK', 'A2-105', '2024-09-29 00:26:50', '2024-10-02 15:34:45', 1101),
(1908, 'A2-BHCK', 'A2-106', '2024-09-29 00:26:50', '2024-10-02 15:34:55', 1100),
(1909, 'A2-BHCK', 'A2-111', '2024-09-29 00:26:50', '2024-10-02 15:35:04', 1099),
(1910, 'A2-BHCK', 'A2-112', '2024-09-29 00:26:50', '2024-10-02 15:35:19', 1098),
(1911, 'A2-BHCK', 'A2-113', '2024-09-29 00:26:50', '2024-09-29 00:26:50', NULL),
(1912, 'A2-BHCK', 'A2-114', '2024-09-29 00:26:50', '2024-09-29 00:26:50', NULL),
(1913, 'A2-BHCK', 'A2-115', '2024-09-29 00:26:50', '2024-09-29 00:26:50', NULL),
(1914, 'A2-BHCK', 'A2-116', '2024-09-29 00:26:50', '2024-09-29 00:26:50', NULL),
(1915, 'A2-BHCK', 'A2-121', '2024-09-29 00:26:50', '2024-09-29 00:26:50', NULL),
(1916, 'A2-BHCK', 'A2-122', '2024-09-29 00:26:50', '2024-09-29 00:26:50', NULL),
(1917, 'A2-BHCK', 'A2-123', '2024-09-29 00:26:50', '2024-09-29 00:26:50', NULL),
(1918, 'A2-BHCK', 'A2-124', '2024-09-29 00:26:50', '2024-09-29 00:26:50', NULL),
(1919, 'A2-BHCK', 'A2-125', '2024-09-29 00:26:50', '2024-09-29 00:26:50', NULL),
(1920, 'A2-BHCK', 'A2-126', '2024-09-29 00:26:50', '2024-09-29 00:26:50', NULL),
(1921, 'A3-BHCK', 'A3-11', '2024-09-29 00:27:26', '2024-10-02 15:39:40', 1175),
(1922, 'A3-BHCK', 'A3-12', '2024-09-29 00:27:26', '2024-10-02 15:39:58', 1174),
(1923, 'A3-BHCK', 'A3-13', '2024-09-29 00:27:26', '2024-10-02 15:40:10', 1173),
(1924, 'A3-BHCK', 'A3-14', '2024-09-29 00:27:26', '2024-10-02 15:40:27', 1172),
(1925, 'A3-BHCK', 'A3-15', '2024-09-29 00:27:26', '2024-10-02 15:40:43', 1171),
(1926, 'A3-BHCK', 'A3-16', '2024-09-29 00:27:26', '2024-10-02 15:40:53', 1170),
(1927, 'A3-BHCK', 'A3-21', '2024-09-29 00:27:26', '2024-10-02 15:41:05', 1169),
(1928, 'A3-BHCK', 'A3-22', '2024-09-29 00:27:26', '2024-10-02 15:41:16', 1168),
(1929, 'A3-BHCK', 'A3-23', '2024-09-29 00:27:26', '2024-10-02 15:41:42', 1167),
(1930, 'A3-BHCK', 'A3-24', '2024-09-29 00:27:26', '2024-10-02 15:41:52', 1166),
(1931, 'A3-BHCK', 'A3-25', '2024-09-29 00:27:26', '2024-10-02 15:42:02', 1165),
(1932, 'A3-BHCK', 'A3-26', '2024-09-29 00:27:26', '2024-10-02 15:42:15', 1164),
(1933, 'A3-BHCK', 'A3-31', '2024-09-29 00:27:26', '2024-10-02 15:42:27', 1163),
(1934, 'A3-BHCK', 'A3-32', '2024-09-29 00:27:26', '2024-10-02 15:42:46', 1162),
(1935, 'A3-BHCK', 'A3-33', '2024-09-29 00:27:26', '2024-10-02 15:43:01', 1161),
(1936, 'A3-BHCK', 'A3-34', '2024-09-29 00:27:26', '2024-10-02 15:43:16', 1160),
(1937, 'A3-BHCK', 'A3-35', '2024-09-29 00:27:26', '2024-10-02 15:43:32', 1159),
(1938, 'A3-BHCK', 'A3-36', '2024-09-29 00:27:26', '2024-10-02 15:43:42', 1158),
(1939, 'A3-BHCK', 'A3-41', '2024-09-29 00:27:26', '2024-10-02 15:43:53', 1157),
(1940, 'A3-BHCK', 'A3-42', '2024-09-29 00:27:26', '2024-10-02 15:44:11', 1156),
(1941, 'A3-BHCK', 'A3-43', '2024-09-29 00:27:26', '2024-10-02 15:44:22', 1155),
(1942, 'A3-BHCK', 'A3-44', '2024-09-29 00:27:26', '2024-10-02 15:44:37', 1154),
(1943, 'A3-BHCK', 'A3-45', '2024-09-29 00:27:26', '2024-10-02 15:49:56', 1204),
(1944, 'A3-BHCK', 'A3-46', '2024-09-29 00:27:26', '2024-10-02 15:50:08', 1203),
(1945, 'A3-BHCK', 'A3-51', '2024-09-29 00:27:26', '2024-10-02 15:50:45', 1202),
(1946, 'A3-BHCK', 'A3-52', '2024-09-29 00:27:26', '2024-10-02 15:51:16', 1201),
(1947, 'A3-BHCK', 'A3-53', '2024-09-29 00:27:26', '2024-10-02 15:56:41', 1200),
(1948, 'A3-BHCK', 'A3-54', '2024-09-29 00:27:26', '2024-10-02 16:04:32', 1213),
(1949, 'A3-BHCK', 'A3-55', '2024-09-29 00:27:26', '2024-10-02 16:05:09', 1212),
(1950, 'A3-BHCK', 'A3-56', '2024-09-29 00:27:26', '2024-10-02 16:05:25', 1211),
(1951, 'A3-BHCK', 'A3-61', '2024-09-29 00:27:26', '2024-10-02 16:05:40', 1210),
(1952, 'A3-BHCK', 'A3-62', '2024-09-29 00:27:26', '2024-09-29 00:27:26', NULL),
(1953, 'A3-BHCK', 'A3-63', '2024-09-29 00:27:26', '2024-09-29 00:27:26', NULL),
(1954, 'A3-BHCK', 'A3-64', '2024-09-29 00:27:26', '2024-09-29 00:27:26', NULL),
(1955, 'A3-BHCK', 'A3-65', '2024-09-29 00:27:26', '2024-09-29 00:27:26', NULL),
(1956, 'A3-BHCK', 'A3-66', '2024-09-29 00:27:26', '2024-09-29 00:27:26', NULL),
(1957, 'A3-BHCK', 'A3-71', '2024-09-29 00:27:26', '2024-09-29 00:27:26', NULL),
(1958, 'A3-BHCK', 'A3-72', '2024-09-29 00:27:26', '2024-09-29 00:27:26', NULL),
(1959, 'A3-BHCK', 'A3-73', '2024-09-29 00:27:26', '2024-09-29 00:27:26', NULL),
(1960, 'A3-BHCK', 'A3-74', '2024-09-29 00:27:26', '2024-09-29 00:27:26', NULL),
(1961, 'A3-BHCK', 'A3-75', '2024-09-29 00:27:26', '2024-09-29 00:27:26', NULL),
(1962, 'A3-BHCK', 'A3-76', '2024-09-29 00:27:26', '2024-09-29 00:27:26', NULL),
(1963, 'A3-BHCK', 'A3-81', '2024-09-29 00:27:26', '2024-09-29 00:27:26', NULL),
(1964, 'A3-BHCK', 'A3-82', '2024-09-29 00:27:26', '2024-09-29 00:27:26', NULL),
(1965, 'A3-BHCK', 'A3-83', '2024-09-29 00:27:26', '2024-09-29 00:27:26', NULL),
(1966, 'A3-BHCK', 'A3-84', '2024-09-29 00:27:26', '2024-09-29 00:27:26', NULL),
(1967, 'A3-BHCK', 'A3-85', '2024-09-29 00:27:26', '2024-09-29 00:27:26', NULL),
(1968, 'A3-BHCK', 'A3-86', '2024-09-29 00:27:26', '2024-09-29 00:27:26', NULL),
(1969, 'B1-BHCK', 'B1-11', '2024-09-29 00:28:08', '2024-10-02 14:30:09', 1013),
(1970, 'B1-BHCK', 'B1-12', '2024-09-29 00:28:08', '2024-10-02 14:31:30', 1012),
(1971, 'B1-BHCK', 'B1-13', '2024-09-29 00:28:08', '2024-10-02 14:31:38', 1011),
(1972, 'B1-BHCK', 'B1-14', '2024-09-29 00:28:08', '2024-10-02 14:31:51', 1010),
(1973, 'B1-BHCK', 'B1-15', '2024-09-29 00:28:08', '2024-10-02 14:32:01', 1009),
(1974, 'B1-BHCK', 'B1-16', '2024-09-29 00:28:08', '2024-10-02 14:32:11', 1008),
(1975, 'B1-BHCK', 'B1-21', '2024-09-29 00:28:08', '2024-10-02 14:32:19', 1007),
(1976, 'B1-BHCK', 'B1-22', '2024-09-29 00:28:08', '2024-10-02 14:36:19', 1006),
(1977, 'B1-BHCK', 'B1-23', '2024-09-29 00:28:08', '2024-10-02 14:36:40', 1005),
(1978, 'B1-BHCK', 'B1-24', '2024-09-29 00:28:08', '2024-10-02 14:36:55', 1004),
(1979, 'B1-BHCK', 'B1-25', '2024-09-29 00:28:08', '2024-10-02 14:37:03', 1003),
(1980, 'B1-BHCK', 'B1-26', '2024-09-29 00:28:08', '2024-10-02 14:37:22', 1002),
(1981, 'B1-BHCK', 'B1-31', '2024-09-29 00:28:08', '2024-10-02 14:37:36', 1001),
(1982, 'B1-BHCK', 'B1-32', '2024-09-29 00:28:08', '2024-10-02 14:37:44', 1000),
(1983, 'B1-BHCK', 'B1-33', '2024-09-29 00:28:08', '2024-10-02 14:37:51', 999),
(1984, 'B1-BHCK', 'B1-34', '2024-09-29 00:28:08', '2024-10-02 14:37:59', 998),
(1985, 'B1-BHCK', 'B1-35', '2024-09-29 00:28:08', '2024-10-02 14:38:13', 997),
(1986, 'B1-BHCK', 'B1-36', '2024-09-29 00:28:08', '2024-10-02 14:38:25', 996),
(1987, 'B1-BHCK', 'B1-41', '2024-09-29 00:28:08', '2024-10-02 14:38:33', 995),
(1988, 'B1-BHCK', 'B1-42', '2024-09-29 00:28:08', '2024-10-02 14:38:40', 994),
(1989, 'B1-BHCK', 'B1-43', '2024-09-29 00:28:08', '2024-10-02 14:38:54', 993),
(1990, 'B1-BHCK', 'B1-44', '2024-09-29 00:28:08', '2024-10-02 14:39:07', 992),
(1991, 'B1-BHCK', 'B1-45', '2024-09-29 00:28:08', '2024-10-02 14:39:15', 991),
(1992, 'B1-BHCK', 'B1-46', '2024-09-29 00:28:08', '2024-10-02 14:39:22', 990),
(1993, 'B1-BHCK', 'B1-51', '2024-09-29 00:28:08', '2024-10-02 14:39:30', 989),
(1994, 'B1-BHCK', 'B1-52', '2024-09-29 00:28:08', '2024-10-02 14:39:45', 988),
(1995, 'B1-BHCK', 'B1-53', '2024-09-29 00:28:08', '2024-10-02 14:39:57', 987),
(1996, 'B1-BHCK', 'B1-54', '2024-09-29 00:28:08', '2024-10-02 14:40:05', 986),
(1997, 'B1-BHCK', 'B1-55', '2024-09-29 00:28:08', '2024-10-02 14:40:14', 985),
(1998, 'B1-BHCK', 'B1-56', '2024-09-29 00:28:08', '2024-10-02 14:40:22', 984),
(1999, 'B1-BHCK', 'B1-61', '2024-09-29 00:28:08', '2024-10-02 14:40:35', 983),
(2000, 'B1-BHCK', 'B1-62', '2024-09-29 00:28:08', '2024-10-02 14:40:44', 982),
(2001, 'B1-BHCK', 'B1-63', '2024-09-29 00:28:08', '2024-10-02 14:40:59', 981),
(2002, 'B1-BHCK', 'B1-64', '2024-09-29 00:28:08', '2024-10-02 14:41:15', 980),
(2003, 'B1-BHCK', 'B1-65', '2024-09-29 00:28:08', '2024-10-02 14:41:31', 979),
(2004, 'B1-BHCK', 'B1-66', '2024-09-29 00:28:08', '2024-10-02 14:41:41', 978),
(2005, 'B1-BHCK', 'B1-71', '2024-09-29 00:28:08', '2024-10-02 14:41:50', 977),
(2006, 'B1-BHCK', 'B1-72', '2024-09-29 00:28:08', '2024-10-02 14:41:59', 976),
(2007, 'B1-BHCK', 'B1-73', '2024-09-29 00:28:08', '2024-10-02 14:42:08', 975),
(2008, 'B1-BHCK', 'B1-74', '2024-09-29 00:28:08', '2024-10-02 14:42:17', 974),
(2009, 'B1-BHCK', 'B1-75', '2024-09-29 00:28:08', '2024-10-02 14:42:25', 973),
(2010, 'B1-BHCK', 'B1-76', '2024-09-29 00:28:08', '2024-10-02 14:42:33', 972),
(2011, 'B1-BHCK', 'B1-81', '2024-09-29 00:28:08', '2024-10-02 14:42:41', 971),
(2012, 'B1-BHCK', 'B1-82', '2024-09-29 00:28:08', '2024-10-02 14:42:49', 970),
(2013, 'B1-BHCK', 'B1-83', '2024-09-29 00:28:08', '2024-10-02 14:42:58', 969),
(2014, 'B1-BHCK', 'B1-84', '2024-09-29 00:28:08', '2024-10-02 14:43:05', 968),
(2015, 'B1-BHCK', 'B1-85', '2024-09-29 00:28:08', '2024-10-02 14:43:13', 967),
(2016, 'B1-BHCK', 'B1-86', '2024-09-29 00:28:08', '2024-10-02 14:43:21', 966),
(2017, 'B2-BHCK', 'B2-11', '2024-09-29 00:28:38', '2024-10-02 14:12:06', 959),
(2018, 'B2-BHCK', 'B2-12', '2024-09-29 00:28:38', '2024-10-02 14:12:22', 958),
(2019, 'B2-BHCK', 'B2-13', '2024-09-29 00:28:38', '2024-10-02 14:12:30', 957),
(2020, 'B2-BHCK', 'B2-14', '2024-09-29 00:28:38', '2024-10-02 14:12:42', 956),
(2021, 'B2-BHCK', 'B2-15', '2024-09-29 00:28:38', '2024-10-02 14:12:50', 955),
(2022, 'B2-BHCK', 'B2-16', '2024-09-29 00:28:38', '2024-10-02 14:12:58', 954),
(2023, 'B2-BHCK', 'B2-21', '2024-09-29 00:28:38', '2024-10-02 14:13:05', 953),
(2024, 'B2-BHCK', 'B2-22', '2024-09-29 00:28:38', '2024-10-02 14:13:12', 952),
(2025, 'B2-BHCK', 'B2-23', '2024-09-29 00:28:38', '2024-10-02 14:13:20', 951),
(2026, 'B2-BHCK', 'B2-24', '2024-09-29 00:28:38', '2024-10-02 14:13:28', 950),
(2027, 'B2-BHCK', 'B2-25', '2024-09-29 00:28:38', '2024-10-02 14:13:36', 949),
(2028, 'B2-BHCK', 'B2-26', '2024-09-29 00:28:38', '2024-10-02 14:14:13', 948),
(2029, 'B2-BHCK', 'B2-31', '2024-09-29 00:28:38', '2024-10-02 14:14:21', 947),
(2030, 'B2-BHCK', 'B2-32', '2024-09-29 00:28:38', '2024-10-02 14:14:28', 946),
(2031, 'B2-BHCK', 'B2-33', '2024-09-29 00:28:38', '2024-10-02 14:14:36', 945),
(2032, 'B2-BHCK', 'B2-34', '2024-09-29 00:28:38', '2024-10-02 14:14:43', 944),
(2033, 'B2-BHCK', 'B2-35', '2024-09-29 00:28:38', '2024-10-02 14:15:09', 943),
(2034, 'B2-BHCK', 'B2-36', '2024-09-29 00:28:38', '2024-10-02 14:15:17', 942),
(2035, 'B2-BHCK', 'B2-41', '2024-09-29 00:28:38', '2024-10-02 14:15:32', 941),
(2036, 'B2-BHCK', 'B2-42', '2024-09-29 00:28:38', '2024-10-02 14:15:39', 940),
(2037, 'B2-BHCK', 'B2-43', '2024-09-29 00:28:38', '2024-10-02 14:15:46', 939),
(2038, 'B2-BHCK', 'B2-44', '2024-09-29 00:28:38', '2024-10-02 14:15:55', 938),
(2039, 'B2-BHCK', 'B2-45', '2024-09-29 00:28:38', '2024-10-02 14:16:02', 937),
(2040, 'B2-BHCK', 'B2-46', '2024-09-29 00:28:38', '2024-10-02 14:16:10', 936),
(2041, 'B2-BHCK', 'B2-51', '2024-09-29 00:28:38', '2024-10-02 14:16:16', 935),
(2042, 'B2-BHCK', 'B2-52', '2024-09-29 00:28:38', '2024-10-02 14:16:24', 934),
(2043, 'B2-BHCK', 'B2-53', '2024-09-29 00:28:38', '2024-10-02 14:16:40', 933),
(2044, 'B2-BHCK', 'B2-54', '2024-09-29 00:28:38', '2024-10-02 14:16:47', 932),
(2045, 'B2-BHCK', 'B2-55', '2024-09-29 00:28:38', '2024-10-02 14:18:15', 931),
(2046, 'B2-BHCK', 'B2-56', '2024-09-29 00:28:38', '2024-10-02 14:18:22', 930),
(2047, 'B2-BHCK', 'B2-61', '2024-09-29 00:28:38', '2024-10-02 14:18:30', 929),
(2048, 'B2-BHCK', 'B2-62', '2024-09-29 00:28:38', '2024-10-02 14:18:38', 928),
(2049, 'B2-BHCK', 'B2-63', '2024-09-29 00:28:38', '2024-10-02 14:18:46', 927),
(2050, 'B2-BHCK', 'B2-64', '2024-09-29 00:28:38', '2024-10-02 14:18:53', 926),
(2051, 'B2-BHCK', 'B2-65', '2024-09-29 00:28:38', '2024-10-02 14:19:01', 925),
(2052, 'B2-BHCK', 'B2-66', '2024-09-29 00:28:38', '2024-10-02 14:19:33', 924),
(2053, 'B2-BHCK', 'B2-71', '2024-09-29 00:28:38', '2024-10-02 14:19:43', 923),
(2054, 'B2-BHCK', 'B2-72', '2024-09-29 00:28:38', '2024-10-02 14:19:50', 922),
(2055, 'B2-BHCK', 'B2-73', '2024-09-29 00:28:38', '2024-10-02 14:19:57', 921),
(2056, 'B2-BHCK', 'B2-74', '2024-09-29 00:28:38', '2024-10-02 14:20:05', 920),
(2057, 'B2-BHCK', 'B2-75', '2024-09-29 00:28:38', '2024-10-02 14:20:15', 919),
(2058, 'B2-BHCK', 'B2-76', '2024-09-29 00:28:38', '2024-10-02 14:20:22', 918),
(2059, 'B2-BHCK', 'B2-81', '2024-09-29 00:28:38', '2024-10-02 14:20:38', 917),
(2060, 'B2-BHCK', 'B2-82', '2024-09-29 00:28:38', '2024-10-02 14:20:49', 916),
(2061, 'B2-BHCK', 'B2-83', '2024-09-29 00:28:38', '2024-10-02 14:20:57', 915),
(2062, 'B2-BHCK', 'B2-84', '2024-09-29 00:28:38', '2024-10-02 14:21:17', 914),
(2063, 'B2-BHCK', 'B2-85', '2024-09-29 00:28:38', '2024-09-29 00:28:38', NULL),
(2064, 'B2-BHCK', 'B2-86', '2024-09-29 00:28:38', '2024-09-29 00:28:38', NULL),
(2065, 'B2-BHCK', 'B2-91', '2024-09-29 00:28:38', '2024-09-29 00:28:38', NULL),
(2066, 'B2-BHCK', 'B2-92', '2024-09-29 00:28:38', '2024-09-29 00:28:38', NULL),
(2067, 'B2-BHCK', 'B2-93', '2024-09-29 00:28:38', '2024-09-29 00:28:38', NULL),
(2068, 'B2-BHCK', 'B2-94', '2024-09-29 00:28:38', '2024-09-29 00:28:38', NULL),
(2069, 'B2-BHCK', 'B2-95', '2024-09-29 00:28:38', '2024-09-29 00:28:38', NULL),
(2070, 'B2-BHCK', 'B2-96', '2024-09-29 00:28:38', '2024-09-29 00:28:38', NULL),
(2071, 'B2-BHCK', 'B2-101', '2024-09-29 00:28:38', '2024-09-29 00:28:38', NULL),
(2072, 'B2-BHCK', 'B2-102', '2024-09-29 00:28:38', '2024-09-29 00:28:38', NULL),
(2073, 'B2-BHCK', 'B2-103', '2024-09-29 00:28:38', '2024-09-29 00:28:38', NULL),
(2074, 'B2-BHCK', 'B2-104', '2024-09-29 00:28:38', '2024-09-29 00:28:38', NULL),
(2075, 'B2-BHCK', 'B2-105', '2024-09-29 00:28:38', '2024-09-29 00:28:38', NULL),
(2076, 'B2-BHCK', 'B2-106', '2024-09-29 00:28:38', '2024-09-29 00:28:38', NULL),
(2077, 'B2-BHCK', 'B2-111', '2024-09-29 00:28:38', '2024-09-29 00:28:38', NULL),
(2078, 'B2-BHCK', 'B2-112', '2024-09-29 00:28:38', '2024-09-29 00:28:38', NULL),
(2079, 'B2-BHCK', 'B2-113', '2024-09-29 00:28:38', '2024-09-29 00:28:38', NULL),
(2080, 'B2-BHCK', 'B2-114', '2024-09-29 00:28:38', '2024-09-29 00:28:38', NULL),
(2081, 'B2-BHCK', 'B2-115', '2024-09-29 00:28:38', '2024-09-29 00:28:38', NULL),
(2082, 'B2-BHCK', 'B2-116', '2024-09-29 00:28:38', '2024-09-29 00:28:38', NULL),
(2083, 'B2-BHCK', 'B2-121', '2024-09-29 00:28:38', '2024-09-29 00:28:38', NULL),
(2084, 'B2-BHCK', 'B2-122', '2024-09-29 00:28:38', '2024-09-29 00:28:38', NULL),
(2085, 'B2-BHCK', 'B2-123', '2024-09-29 00:28:38', '2024-09-29 00:28:38', NULL),
(2086, 'B2-BHCK', 'B2-124', '2024-09-29 00:28:38', '2024-09-29 00:28:38', NULL),
(2087, 'B2-BHCK', 'B2-125', '2024-09-29 00:28:38', '2024-09-29 00:28:38', NULL),
(2088, 'B2-BHCK', 'B2-126', '2024-09-29 00:28:38', '2024-09-29 00:28:38', NULL),
(2089, 'B2-BHCK', 'B2-131', '2024-09-29 00:28:38', '2024-09-29 00:28:38', NULL),
(2090, 'B2-BHCK', 'B2-132', '2024-09-29 00:28:38', '2024-09-29 00:28:38', NULL),
(2091, 'B2-BHCK', 'B2-133', '2024-09-29 00:28:38', '2024-09-29 00:28:38', NULL),
(2092, 'B2-BHCK', 'B2-134', '2024-09-29 00:28:38', '2024-09-29 00:28:38', NULL),
(2093, 'B2-BHCK', 'B2-135', '2024-09-29 00:28:38', '2024-09-29 00:28:38', NULL),
(2094, 'B2-BHCK', 'B2-136', '2024-09-29 00:28:38', '2024-09-29 00:28:38', NULL),
(2095, 'B2-BHCK', 'B2-141', '2024-09-29 00:28:38', '2024-09-29 00:28:38', NULL),
(2096, 'B2-BHCK', 'B2-142', '2024-09-29 00:28:38', '2024-09-29 00:28:38', NULL),
(2097, 'B2-BHCK', 'B2-143', '2024-09-29 00:28:38', '2024-09-29 00:28:38', NULL),
(2098, 'B2-BHCK', 'B2-144', '2024-09-29 00:28:38', '2024-09-29 00:28:38', NULL),
(2099, 'B2-BHCK', 'B2-145', '2024-09-29 00:28:38', '2024-09-29 00:28:38', NULL),
(2100, 'B2-BHCK', 'B2-146', '2024-09-29 00:28:38', '2024-09-29 00:28:38', NULL),
(2101, 'B2-BHCK', 'B2-151', '2024-09-29 00:28:38', '2024-09-29 00:28:38', NULL),
(2102, 'B2-BHCK', 'B2-152', '2024-09-29 00:28:38', '2024-09-29 00:28:38', NULL),
(2103, 'B2-BHCK', 'B2-153', '2024-09-29 00:28:38', '2024-09-29 00:28:38', NULL),
(2104, 'B2-BHCK', 'B2-154', '2024-09-29 00:28:38', '2024-09-29 00:28:38', NULL),
(2105, 'B2-BHCK', 'B2-155', '2024-09-29 00:28:38', '2024-09-29 00:28:38', NULL),
(2106, 'B2-BHCK', 'B2-156', '2024-09-29 00:28:38', '2024-09-29 00:28:38', NULL),
(2107, 'B2-BHCK', 'B2-161', '2024-09-29 00:28:38', '2024-09-29 00:28:38', NULL),
(2108, 'B2-BHCK', 'B2-162', '2024-09-29 00:28:38', '2024-09-29 00:28:38', NULL);
INSERT INTO `warehouses` (`id`, `name`, `code`, `created_at`, `updated_at`, `batch_id`) VALUES
(2109, 'B2-BHCK', 'B2-163', '2024-09-29 00:28:38', '2024-09-29 00:28:38', NULL),
(2110, 'B2-BHCK', 'B2-164', '2024-09-29 00:28:38', '2024-09-29 00:28:38', NULL),
(2111, 'B2-BHCK', 'B2-165', '2024-09-29 00:28:38', '2024-09-29 00:28:38', NULL),
(2112, 'B2-BHCK', 'B2-166', '2024-09-29 00:28:38', '2024-09-29 00:28:38', NULL),
(2113, 'B3-BHCK', 'B3-11', '2024-09-29 00:29:15', '2024-10-02 13:43:59', 824),
(2114, 'B3-BHCK', 'B3-12', '2024-09-29 00:29:15', '2024-10-02 13:44:39', 825),
(2115, 'B3-BHCK', 'B3-13', '2024-09-29 00:29:15', '2024-10-02 13:44:51', 826),
(2116, 'B3-BHCK', 'B3-14', '2024-09-29 00:29:15', '2024-10-02 13:44:57', 827),
(2117, 'B3-BHCK', 'B3-15', '2024-09-29 00:29:15', '2024-10-02 13:45:03', 828),
(2118, 'B3-BHCK', 'B3-16', '2024-09-29 00:29:15', '2024-10-02 13:45:09', 829),
(2119, 'B3-BHCK', 'B3-21', '2024-09-29 00:29:15', '2024-10-02 13:45:16', 830),
(2120, 'B3-BHCK', 'B3-22', '2024-09-29 00:29:15', '2024-10-02 13:45:23', 831),
(2121, 'B3-BHCK', 'B3-23', '2024-09-29 00:29:15', '2024-10-02 13:45:30', 832),
(2122, 'B3-BHCK', 'B3-24', '2024-09-29 00:29:15', '2024-10-02 13:45:37', 833),
(2123, 'B3-BHCK', 'B3-25', '2024-09-29 00:29:15', '2024-10-02 13:45:44', 834),
(2124, 'B3-BHCK', 'B3-26', '2024-09-29 00:29:15', '2024-10-02 13:45:51', 835),
(2125, 'B3-BHCK', 'B3-31', '2024-09-29 00:29:15', '2024-10-02 13:45:58', 836),
(2126, 'B3-BHCK', 'B3-32', '2024-09-29 00:29:15', '2024-10-02 13:46:05', 837),
(2127, 'B3-BHCK', 'B3-33', '2024-09-29 00:29:15', '2024-10-02 13:46:12', 838),
(2128, 'B3-BHCK', 'B3-34', '2024-09-29 00:29:15', '2024-10-02 13:46:22', 839),
(2129, 'B3-BHCK', 'B3-35', '2024-09-29 00:29:15', '2024-10-02 13:46:36', 840),
(2130, 'B3-BHCK', 'B3-36', '2024-09-29 00:29:15', '2024-10-02 13:46:47', 841),
(2131, 'B3-BHCK', 'B3-41', '2024-09-29 00:29:15', '2024-10-02 13:46:53', 842),
(2132, 'B3-BHCK', 'B3-42', '2024-09-29 00:29:15', '2024-10-02 13:46:58', 843),
(2133, 'B3-BHCK', 'B3-43', '2024-09-29 00:29:15', '2024-10-02 13:47:03', 844),
(2134, 'B3-BHCK', 'B3-44', '2024-09-29 00:29:15', '2024-10-02 13:47:09', 845),
(2135, 'B3-BHCK', 'B3-45', '2024-09-29 00:29:15', '2024-10-02 13:47:14', 846),
(2136, 'B3-BHCK', 'B3-46', '2024-09-29 00:29:15', '2024-10-02 13:47:19', 847),
(2137, 'B3-BHCK', 'B3-51', '2024-09-29 00:29:15', '2024-10-02 13:47:27', 848),
(2138, 'B3-BHCK', 'B3-52', '2024-09-29 00:29:15', '2024-10-02 13:47:32', 849),
(2139, 'B3-BHCK', 'B3-53', '2024-09-29 00:29:15', '2024-10-02 13:47:38', 850),
(2140, 'B3-BHCK', 'B3-54', '2024-09-29 00:29:15', '2024-10-02 13:47:43', 851),
(2141, 'B3-BHCK', 'B3-55', '2024-09-29 00:29:15', '2024-10-02 13:47:48', 852),
(2142, 'B3-BHCK', 'B3-56', '2024-09-29 00:29:15', '2024-10-02 13:47:54', 853),
(2143, 'B3-BHCK', 'B3-61', '2024-09-29 00:29:15', '2024-10-02 13:47:59', 854),
(2144, 'B3-BHCK', 'B3-62', '2024-09-29 00:29:15', '2024-10-02 13:48:04', 855),
(2145, 'B3-BHCK', 'B3-63', '2024-09-29 00:29:15', '2024-10-02 13:48:10', 856),
(2146, 'B3-BHCK', 'B3-64', '2024-09-29 00:29:15', '2024-10-02 13:48:18', 857),
(2147, 'B3-BHCK', 'B3-65', '2024-09-29 00:29:15', '2024-10-02 13:48:23', 858),
(2148, 'B3-BHCK', 'B3-66', '2024-09-29 00:29:15', '2024-10-02 13:48:28', 859),
(2149, 'B3-BHCK', 'B3-71', '2024-09-29 00:29:15', '2024-10-02 13:48:33', 860),
(2150, 'B3-BHCK', 'B3-72', '2024-09-29 00:29:15', '2024-10-02 13:48:37', 861),
(2151, 'B3-BHCK', 'B3-73', '2024-09-29 00:29:15', '2024-10-02 13:48:42', 862),
(2152, 'B3-BHCK', 'B3-74', '2024-09-29 00:29:15', '2024-10-02 13:48:47', 863),
(2153, 'B3-BHCK', 'B3-75', '2024-09-29 00:29:15', '2024-10-02 13:48:51', 864),
(2154, 'B3-BHCK', 'B3-76', '2024-09-29 00:29:15', '2024-10-02 13:48:56', 865),
(2155, 'B3-BHCK', 'B3-81', '2024-09-29 00:29:15', '2024-10-02 13:49:02', 866),
(2156, 'B3-BHCK', 'B3-82', '2024-09-29 00:29:15', '2024-10-02 13:49:07', 867),
(2157, 'B3-BHCK', 'B3-83', '2024-09-29 00:29:15', '2024-10-02 13:49:12', 868),
(2158, 'B3-BHCK', 'B3-84', '2024-09-29 00:29:15', '2024-10-02 13:49:18', 869),
(2159, 'B3-BHCK', 'B3-85', '2024-09-29 00:29:15', '2024-10-02 13:49:24', 870),
(2160, 'B3-BHCK', 'B3-86', '2024-09-29 00:29:15', '2024-10-02 13:49:31', 871),
(2641, 'X3T', 'X3T-11', '2024-10-01 09:37:59', '2024-10-01 23:08:50', 620),
(2642, 'X3T', 'X3T-12', '2024-10-01 09:37:59', '2024-10-01 23:09:09', 619),
(2643, 'X3T', 'X3T-13', '2024-10-01 09:37:59', '2024-10-01 23:09:15', 618),
(2644, 'X3T', 'X3T-14', '2024-10-01 09:37:59', '2024-10-01 23:09:32', 617),
(2645, 'X3T', 'X3T-15', '2024-10-01 09:37:59', '2024-10-01 23:09:40', 616),
(2646, 'X3T', 'X3T-16', '2024-10-01 09:37:59', '2024-10-01 23:09:48', 615),
(2647, 'X3T', 'X3T-21', '2024-10-01 09:37:59', '2024-10-01 23:09:55', 614),
(2648, 'X3T', 'X3T-22', '2024-10-01 09:37:59', '2024-10-01 23:10:05', 613),
(2649, 'X3T', 'X3T-23', '2024-10-01 09:37:59', '2024-10-01 23:10:12', 612),
(2650, 'X3T', 'X3T-24', '2024-10-01 09:37:59', '2024-10-01 23:10:18', 611),
(2651, 'X3T', 'X3T-25', '2024-10-01 09:37:59', '2024-10-01 23:10:24', 610),
(2652, 'X3T', 'X3T-26', '2024-10-01 09:37:59', '2024-10-01 23:10:31', 609),
(2653, 'X3T', 'X3T-31', '2024-10-01 09:37:59', '2024-10-01 23:10:38', 608),
(2654, 'X3T', 'X3T-32', '2024-10-01 09:37:59', '2024-10-01 23:10:46', 607),
(2655, 'X3T', 'X3T-33', '2024-10-01 09:37:59', '2024-10-01 23:10:57', 606),
(2656, 'X3T', 'X3T-34', '2024-10-01 09:37:59', '2024-10-01 23:11:05', 605),
(2657, 'X3T', 'X3T-35', '2024-10-01 09:37:59', '2024-10-01 23:11:11', 604),
(2658, 'X3T', 'X3T-36', '2024-10-01 09:37:59', '2024-10-01 23:11:29', 603),
(2659, 'X3T', 'X3T-41', '2024-10-01 09:37:59', '2024-10-01 23:11:42', 602),
(2660, 'X3T', 'X3T-42', '2024-10-01 09:37:59', '2024-10-01 23:11:49', 601),
(2661, 'X3T', 'X3T-43', '2024-10-01 09:37:59', '2024-10-01 23:11:56', 600),
(2662, 'X3T', 'X3T-44', '2024-10-01 09:37:59', '2024-10-01 23:15:11', 667),
(2663, 'X3T', 'X3T-45', '2024-10-01 09:37:59', '2024-10-01 23:15:23', 666),
(2664, 'X3T', 'X3T-46', '2024-10-01 09:37:59', '2024-10-01 23:15:31', 665),
(2665, 'X3T', 'X3T-51', '2024-10-01 09:37:59', '2024-10-01 23:15:38', 664),
(2666, 'X3T', 'X3T-52', '2024-10-01 09:37:59', '2024-10-01 23:15:45', 663),
(2667, 'X3T', 'X3T-53', '2024-10-01 09:37:59', '2024-10-01 23:15:52', 662),
(2668, 'X3T', 'X3T-54', '2024-10-01 09:37:59', '2024-10-01 23:15:59', 661),
(2669, 'X3T', 'X3T-55', '2024-10-01 09:37:59', '2024-10-01 23:16:11', 660),
(2670, 'X3T', 'X3T-56', '2024-10-01 09:37:59', '2024-10-01 23:16:18', 659),
(2671, 'X3T', 'X3T-61', '2024-10-01 09:37:59', '2024-10-01 23:16:26', 658),
(2672, 'X3T', 'X3T-62', '2024-10-01 09:37:59', '2024-10-01 23:16:36', 657),
(2673, 'X3T', 'X3T-63', '2024-10-01 09:37:59', '2024-10-01 23:16:45', 656),
(2674, 'X3T', 'X3T-64', '2024-10-01 09:37:59', '2024-10-01 23:16:59', 655),
(2675, 'X3T', 'X3T-65', '2024-10-01 09:37:59', '2024-10-01 23:17:07', 654),
(2676, 'X3T', 'X3T-66', '2024-10-01 09:37:59', '2024-10-01 23:17:15', 653),
(2677, 'X3T', 'X3T-71', '2024-10-01 09:37:59', '2024-10-01 23:17:22', 652),
(2678, 'X3T', 'X3T-72', '2024-10-01 09:37:59', '2024-10-01 23:17:29', 651),
(2679, 'X3T', 'X3T-73', '2024-10-01 09:37:59', '2024-10-01 23:17:37', 650),
(2680, 'X3T', 'X3T-74', '2024-10-01 09:37:59', '2024-10-01 09:37:59', NULL),
(2681, 'X3T', 'X3T-75', '2024-10-01 09:37:59', '2024-10-01 09:37:59', NULL),
(2682, 'X3T', 'X3T-76', '2024-10-01 09:37:59', '2024-10-01 09:37:59', NULL),
(2683, 'X3T', 'X3T-81', '2024-10-01 09:37:59', '2024-10-01 09:37:59', NULL),
(2684, 'X3T', 'X3T-82', '2024-10-01 09:37:59', '2024-10-01 09:37:59', NULL),
(2685, 'X3T', 'X3T-83', '2024-10-01 09:37:59', '2024-10-01 09:37:59', NULL),
(2686, 'X3T', 'X3T-84', '2024-10-01 09:37:59', '2024-10-01 09:37:59', NULL),
(2687, 'X3T', 'X3T-85', '2024-10-01 09:37:59', '2024-10-01 09:37:59', NULL),
(2688, 'X3T', 'X3T-86', '2024-10-01 09:37:59', '2024-10-01 09:37:59', NULL),
(2689, 'X3T', 'X3T-91', '2024-10-01 09:37:59', '2024-10-01 09:37:59', NULL),
(2690, 'X3T', 'X3T-92', '2024-10-01 09:37:59', '2024-10-01 09:37:59', NULL),
(2691, 'X3T', 'X3T-93', '2024-10-01 09:37:59', '2024-10-01 09:37:59', NULL),
(2692, 'X3T', 'X3T-94', '2024-10-01 09:37:59', '2024-10-01 09:37:59', NULL),
(2693, 'X3T', 'X3T-95', '2024-10-01 09:37:59', '2024-10-01 09:37:59', NULL),
(2694, 'X3T', 'X3T-96', '2024-10-01 09:37:59', '2024-10-01 09:37:59', NULL),
(2695, 'X3T', 'X3T-101', '2024-10-01 09:37:59', '2024-10-01 09:37:59', NULL),
(2696, 'X3T', 'X3T-102', '2024-10-01 09:37:59', '2024-10-01 09:37:59', NULL),
(2697, 'X3T', 'X3T-103', '2024-10-01 09:37:59', '2024-10-01 09:37:59', NULL),
(2698, 'X3T', 'X3T-104', '2024-10-01 09:37:59', '2024-10-01 09:37:59', NULL),
(2699, 'X3T', 'X3T-105', '2024-10-01 09:37:59', '2024-10-01 09:37:59', NULL),
(2700, 'X3T', 'X3T-106', '2024-10-01 09:37:59', '2024-10-01 09:37:59', NULL),
(2761, 'X6T', 'X6T-11', '2024-10-01 23:30:45', '2024-10-01 23:31:05', 774),
(2762, 'X6T', 'X6T-12', '2024-10-01 23:30:45', '2024-10-01 23:31:23', 773),
(2763, 'X6T', 'X6T-13', '2024-10-01 23:30:45', '2024-10-01 23:31:31', 772),
(2764, 'X6T', 'X6T-14', '2024-10-01 23:30:45', '2024-10-01 23:31:39', 771),
(2765, 'X6T', 'X6T-15', '2024-10-01 23:30:45', '2024-10-01 23:31:47', 770),
(2766, 'X6T', 'X6T-16', '2024-10-01 23:30:45', '2024-10-01 23:32:03', 769),
(2767, 'X6T', 'X6T-21', '2024-10-01 23:30:45', '2024-10-01 23:32:10', 768),
(2768, 'X6T', 'X6T-22', '2024-10-01 23:30:45', '2024-10-01 23:32:24', 767),
(2769, 'X6T', 'X6T-23', '2024-10-01 23:30:45', '2024-10-01 23:32:35', 766),
(2770, 'X6T', 'X6T-24', '2024-10-01 23:30:45', '2024-10-01 23:32:42', 765),
(2771, 'X6T', 'X6T-25', '2024-10-01 23:30:45', '2024-10-01 23:32:51', 764),
(2772, 'X6T', 'X6T-26', '2024-10-01 23:30:45', '2024-10-01 23:33:05', 763),
(2773, 'X6T', 'X6T-31', '2024-10-01 23:30:45', '2024-10-01 23:33:13', 762),
(2774, 'X6T', 'X6T-32', '2024-10-01 23:30:45', '2024-10-01 23:33:24', 761),
(2775, 'X6T', 'X6T-33', '2024-10-01 23:30:45', '2024-10-01 23:33:32', 760),
(2776, 'X6T', 'X6T-34', '2024-10-01 23:30:45', '2024-10-01 23:33:40', 759),
(2777, 'X6T', 'X6T-35', '2024-10-01 23:30:45', '2024-10-01 23:33:48', 758),
(2778, 'X6T', 'X6T-36', '2024-10-01 23:30:45', '2024-10-01 23:33:55', 757),
(2779, 'X6T', 'X6T-41', '2024-10-01 23:30:45', '2024-10-01 23:34:11', 756),
(2780, 'X6T', 'X6T-42', '2024-10-01 23:30:45', '2024-10-01 23:34:22', 755),
(2781, 'X6T', 'X6T-43', '2024-10-01 23:30:45', '2024-10-01 23:34:30', 754),
(2782, 'X6T', 'X6T-44', '2024-10-01 23:30:45', '2024-10-01 23:34:38', 753),
(2783, 'X6T', 'X6T-45', '2024-10-01 23:30:45', '2024-10-01 23:34:46', 752),
(2784, 'X6T', 'X6T-46', '2024-10-01 23:30:45', '2024-10-01 23:34:54', 751),
(2785, 'X6T', 'X6T-51', '2024-10-01 23:30:45', '2024-10-01 23:35:11', 750),
(2786, 'X6T', 'X6T-52', '2024-10-01 23:30:45', '2024-10-01 23:35:19', 749),
(2787, 'X6T', 'X6T-53', '2024-10-01 23:30:45', '2024-10-01 23:35:38', 748),
(2788, 'X6T', 'X6T-54', '2024-10-01 23:30:45', '2024-10-01 23:35:47', 747),
(2789, 'X6T', 'X6T-55', '2024-10-01 23:30:45', '2024-10-01 23:36:04', 746),
(2790, 'X6T', 'X6T-56', '2024-10-01 23:30:45', '2024-10-01 23:36:12', 745),
(2791, 'X6T', 'X6T-61', '2024-10-01 23:30:45', '2024-10-01 23:36:20', 744),
(2792, 'X6T', 'X6T-62', '2024-10-01 23:30:45', '2024-10-01 23:36:28', 743),
(2793, 'X6T', 'X6T-63', '2024-10-01 23:30:45', '2024-10-01 23:36:38', 742),
(2794, 'X6T', 'X6T-64', '2024-10-01 23:30:45', '2024-10-01 23:36:52', 741),
(2795, 'X6T', 'X6T-65', '2024-10-01 23:30:45', '2024-10-01 23:37:01', 740),
(2796, 'X6T', 'X6T-66', '2024-10-01 23:30:45', '2024-10-01 23:37:09', 739),
(2797, 'X6T', 'X6T-71', '2024-10-01 23:30:45', '2024-10-01 23:37:17', 738),
(2798, 'X6T', 'X6T-72', '2024-10-01 23:30:45', '2024-10-01 23:37:25', 737),
(2799, 'X6T', 'X6T-73', '2024-10-01 23:30:45', '2024-10-01 23:37:41', 736),
(2800, 'X6T', 'X6T-74', '2024-10-01 23:30:45', '2024-10-01 23:38:04', 735),
(2801, 'X6T', 'X6T-75', '2024-10-01 23:30:45', '2024-10-01 23:38:26', 734),
(2802, 'X6T', 'X6T-76', '2024-10-01 23:30:45', '2024-10-01 23:38:36', 733),
(2803, 'X6T', 'X6T-81', '2024-10-01 23:30:45', '2024-10-01 23:38:45', 732),
(2804, 'X6T', 'X6T-82', '2024-10-01 23:30:45', '2024-10-01 23:39:03', 731),
(2805, 'X6T', 'X6T-83', '2024-10-01 23:30:45', '2024-10-01 23:39:12', 730),
(2806, 'X6T', 'X6T-84', '2024-10-01 23:30:45', '2024-10-01 23:39:30', 729),
(2807, 'X6T', 'X6T-85', '2024-10-01 23:30:45', '2024-10-01 23:39:39', 728),
(2808, 'X6T', 'X6T-86', '2024-10-01 23:30:45', '2024-10-01 23:39:48', 727),
(2809, 'X6T', 'X6T-91', '2024-10-01 23:30:45', '2024-10-01 23:39:56', 726),
(2810, 'X6T', 'X6T-92', '2024-10-01 23:30:45', '2024-10-01 23:40:05', 725),
(2811, 'X6T', 'X6T-93', '2024-10-01 23:30:45', '2024-10-01 23:40:13', 724),
(2812, 'X6T', 'X6T-94', '2024-10-01 23:30:45', '2024-10-01 23:40:28', 723),
(2813, 'X6T', 'X6T-95', '2024-10-01 23:30:45', '2024-10-01 23:40:38', 722),
(2814, 'X6T', 'X6T-96', '2024-10-01 23:30:45', '2024-10-01 23:40:53', 721),
(2815, 'X6T', 'X6T-101', '2024-10-01 23:30:45', '2024-10-01 23:41:08', 720),
(2816, 'X6T', 'X6T-102', '2024-10-01 23:30:45', '2024-10-01 23:41:16', 719),
(2817, 'X6T', 'X6T-103', '2024-10-01 23:30:45', '2024-10-01 23:41:30', 718),
(2818, 'X6T', 'X6T-104', '2024-10-01 23:30:45', '2024-10-01 23:41:45', 717),
(2819, 'X6T', 'X6T-105', '2024-10-01 23:30:45', '2024-10-01 23:41:54', 716),
(2820, 'X6T', 'X6T-106', '2024-10-01 23:30:45', '2024-10-01 23:42:01', 715),
(2821, 'X6T', 'X6T-111', '2024-10-01 23:30:45', '2024-10-01 23:42:10', 714),
(2822, 'X6T', 'X6T-112', '2024-10-01 23:30:45', '2024-10-01 23:42:18', 713),
(2823, 'X6T', 'X6T-113', '2024-10-01 23:30:45', '2024-10-01 23:42:37', 712),
(2824, 'X6T', 'X6T-114', '2024-10-01 23:30:45', '2024-10-01 23:42:54', 711),
(2825, 'X6T', 'X6T-115', '2024-10-01 23:30:45', '2024-10-01 23:43:10', 710),
(2826, 'X6T', 'X6T-116', '2024-10-01 23:30:45', '2024-10-01 23:43:25', 709),
(2827, 'X6T', 'X6T-121', '2024-10-01 23:30:45', '2024-10-01 23:43:34', 708),
(2828, 'X6T', 'X6T-122', '2024-10-01 23:30:45', '2024-10-01 23:43:42', 707),
(2829, 'X6T', 'X6T-123', '2024-10-01 23:30:45', '2024-10-01 23:43:49', 706),
(2830, 'X6T', 'X6T-124', '2024-10-01 23:30:45', '2024-10-01 23:43:57', 705),
(2831, 'X6T', 'X6T-125', '2024-10-01 23:30:45', '2024-10-01 23:44:14', 704),
(2832, 'X6T', 'X6T-126', '2024-10-01 23:30:45', '2024-10-01 23:44:29', 703),
(2833, 'X6T', 'X6T-131', '2024-10-01 23:30:45', '2024-10-01 23:44:42', 702),
(2834, 'X6T', 'X6T-132', '2024-10-01 23:30:45', '2024-10-01 23:44:55', 701),
(2835, 'X6T', 'X6T-133', '2024-10-01 23:30:45', '2024-10-01 23:45:03', 700),
(2836, 'X6T', 'X6T-134', '2024-10-01 23:30:45', '2024-10-01 23:48:31', 823),
(2837, 'X6T', 'X6T-135', '2024-10-01 23:30:45', '2024-10-01 23:48:38', 822),
(2838, 'X6T', 'X6T-136', '2024-10-01 23:30:45', '2024-10-01 23:48:45', 821),
(2839, 'X6T', 'X6T-141', '2024-10-01 23:30:45', '2024-10-01 23:48:54', 820),
(2840, 'X6T', 'X6T-142', '2024-10-01 23:30:45', '2024-10-01 23:49:02', 819),
(2841, 'X6T', 'X6T-143', '2024-10-01 23:30:45', '2024-10-01 23:49:16', 818),
(2842, 'X6T', 'X6T-144', '2024-10-01 23:30:45', '2024-10-01 23:49:24', 817),
(2843, 'X6T', 'X6T-145', '2024-10-01 23:30:45', '2024-10-01 23:49:33', 816),
(2844, 'X6T', 'X6T-146', '2024-10-01 23:30:45', '2024-10-01 23:49:41', 815),
(2845, 'X6T', 'X6T-151', '2024-10-01 23:30:45', '2024-10-01 23:49:49', 814),
(2846, 'X6T', 'X6T-152', '2024-10-01 23:30:45', '2024-10-01 23:50:00', 813),
(2847, 'X6T', 'X6T-153', '2024-10-01 23:30:45', '2024-10-01 23:50:08', 812),
(2848, 'X6T', 'X6T-154', '2024-10-01 23:30:45', '2024-10-01 23:50:20', 811),
(2849, 'X6T', 'X6T-155', '2024-10-01 23:30:45', '2024-10-01 23:50:29', 810),
(2850, 'X6T', 'X6T-156', '2024-10-01 23:30:45', '2024-10-01 23:50:42', 809),
(2851, 'X6T', 'X6T-161', '2024-10-01 23:30:45', '2024-10-01 23:50:57', 808),
(2852, 'X6T', 'X6T-162', '2024-10-01 23:30:45', '2024-10-01 23:51:06', 807),
(2853, 'X6T', 'X6T-163', '2024-10-01 23:30:45', '2024-10-01 23:51:14', 806),
(2854, 'X6T', 'X6T-164', '2024-10-01 23:30:45', '2024-10-01 23:51:22', 805),
(2855, 'X6T', 'X6T-165', '2024-10-01 23:30:45', '2024-10-01 23:51:40', 804),
(2856, 'X6T', 'X6T-166', '2024-10-01 23:30:45', '2024-10-01 23:51:59', 803),
(2857, 'X6T', 'X6T-171', '2024-10-01 23:30:45', '2024-10-01 23:52:08', 802),
(2858, 'X6T', 'X6T-172', '2024-10-01 23:30:45', '2024-10-01 23:52:16', 801),
(2859, 'X6T', 'X6T-173', '2024-10-01 23:30:45', '2024-10-01 23:52:31', 800),
(2860, 'X6T', 'X6T-174', '2024-10-01 23:30:45', '2024-10-01 23:30:45', NULL),
(2861, 'X6T', 'X6T-175', '2024-10-01 23:30:45', '2024-10-01 23:30:45', NULL),
(2862, 'X6T', 'X6T-176', '2024-10-01 23:30:45', '2024-10-01 23:30:45', NULL),
(2863, 'X6T', 'X6T-181', '2024-10-01 23:30:45', '2024-10-01 23:30:45', NULL),
(2864, 'X6T', 'X6T-182', '2024-10-01 23:30:45', '2024-10-01 23:30:45', NULL),
(2865, 'X6T', 'X6T-183', '2024-10-01 23:30:45', '2024-10-01 23:30:45', NULL),
(2866, 'X6T', 'X6T-184', '2024-10-01 23:30:45', '2024-10-01 23:30:45', NULL),
(2867, 'X6T', 'X6T-185', '2024-10-01 23:30:45', '2024-10-01 23:30:45', NULL),
(2868, 'X6T', 'X6T-186', '2024-10-01 23:30:45', '2024-10-01 23:30:45', NULL),
(2869, 'X6T', 'X6T-191', '2024-10-01 23:30:45', '2024-10-01 23:30:45', NULL),
(2870, 'X6T', 'X6T-192', '2024-10-01 23:30:45', '2024-10-01 23:30:45', NULL),
(2871, 'X6T', 'X6T-193', '2024-10-01 23:30:45', '2024-10-01 23:30:45', NULL),
(2872, 'X6T', 'X6T-194', '2024-10-01 23:30:45', '2024-10-01 23:30:45', NULL),
(2873, 'X6T', 'X6T-195', '2024-10-01 23:30:45', '2024-10-01 23:30:45', NULL),
(2874, 'X6T', 'X6T-196', '2024-10-01 23:30:45', '2024-10-01 23:30:45', NULL),
(2875, 'X6T', 'X6T-201', '2024-10-01 23:30:45', '2024-10-01 23:30:45', NULL),
(2876, 'X6T', 'X6T-202', '2024-10-01 23:30:45', '2024-10-01 23:30:45', NULL),
(2877, 'X6T', 'X6T-203', '2024-10-01 23:30:45', '2024-10-01 23:30:45', NULL),
(2878, 'X6T', 'X6T-204', '2024-10-01 23:30:45', '2024-10-01 23:30:45', NULL),
(2879, 'X6T', 'X6T-205', '2024-10-01 23:30:45', '2024-10-01 23:30:45', NULL),
(2880, 'X6T', 'X6T-206', '2024-10-01 23:30:45', '2024-10-01 23:30:45', NULL),
(2881, 'X3T-BHCK', 'X3T-11', '2024-10-02 13:30:43', '2024-10-02 16:16:10', 1276),
(2882, 'X3T-BHCK', 'X3T-12', '2024-10-02 13:30:43', '2024-10-02 16:16:27', 1275),
(2883, 'X3T-BHCK', 'X3T-13', '2024-10-02 13:30:43', '2024-10-02 16:16:44', 1274),
(2884, 'X3T-BHCK', 'X3T-14', '2024-10-02 13:30:43', '2024-10-02 16:16:56', 1273),
(2885, 'X3T-BHCK', 'X3T-15', '2024-10-02 13:30:43', '2024-10-02 16:17:13', 1272),
(2886, 'X3T-BHCK', 'X3T-16', '2024-10-02 13:30:43', '2024-10-02 16:17:25', 1271),
(2887, 'X3T-BHCK', 'X3T-21', '2024-10-02 13:30:43', '2024-10-02 16:17:37', 1270),
(2888, 'X3T-BHCK', 'X3T-22', '2024-10-02 13:30:43', '2024-10-02 16:17:52', 1269),
(2889, 'X3T-BHCK', 'X3T-23', '2024-10-02 13:30:43', '2024-10-02 16:18:16', 1268),
(2890, 'X3T-BHCK', 'X3T-24', '2024-10-02 13:30:43', '2024-10-02 16:18:37', 1267),
(2891, 'X3T-BHCK', 'X3T-25', '2024-10-02 13:30:43', '2024-10-02 16:18:56', 1266),
(2892, 'X3T-BHCK', 'X3T-26', '2024-10-02 13:30:43', '2024-10-02 16:19:09', 1265),
(2893, 'X3T-BHCK', 'X3T-31', '2024-10-02 13:30:43', '2024-10-02 16:19:28', 1264),
(2894, 'X3T-BHCK', 'X3T-32', '2024-10-02 13:30:43', '2024-10-02 16:19:48', 1263),
(2895, 'X3T-BHCK', 'X3T-33', '2024-10-02 13:30:43', '2024-10-02 16:21:00', 1262),
(2896, 'X3T-BHCK', 'X3T-34', '2024-10-02 13:30:43', '2024-10-02 16:21:14', 1261),
(2897, 'X3T-BHCK', 'X3T-35', '2024-10-02 13:30:43', '2024-10-02 16:21:31', 1260),
(2898, 'X3T-BHCK', 'X3T-36', '2024-10-02 13:30:43', '2024-10-02 16:21:42', 1259),
(2899, 'X3T-BHCK', 'X3T-41', '2024-10-02 13:30:43', '2024-10-02 16:21:54', 1258),
(2900, 'X3T-BHCK', 'X3T-42', '2024-10-02 13:30:43', '2024-10-02 16:22:06', 1257),
(2901, 'X3T-BHCK', 'X3T-43', '2024-10-02 13:30:43', '2024-10-02 16:22:16', 1256),
(2902, 'X3T-BHCK', 'X3T-44', '2024-10-02 13:30:43', '2024-10-02 16:22:29', 1255),
(2903, 'X3T-BHCK', 'X3T-45', '2024-10-02 13:30:43', '2024-10-02 16:22:41', 1254),
(2904, 'X3T-BHCK', 'X3T-46', '2024-10-02 13:30:43', '2024-10-02 16:22:55', 1253),
(2905, 'X3T-BHCK', 'X3T-51', '2024-10-02 13:30:43', '2024-10-02 16:23:14', 1252),
(2906, 'X3T-BHCK', 'X3T-52', '2024-10-02 13:30:43', '2024-10-02 16:23:25', 1251),
(2907, 'X3T-BHCK', 'X3T-53', '2024-10-02 13:30:43', '2024-10-02 16:23:38', 1250),
(2908, 'X3T-BHCK', 'X3T-54', '2024-10-02 13:30:43', '2024-10-02 16:23:49', 1249),
(2909, 'X3T-BHCK', 'X3T-55', '2024-10-02 13:30:43', '2024-10-02 16:24:02', 1248),
(2910, 'X3T-BHCK', 'X3T-56', '2024-10-02 13:30:43', '2024-10-02 16:24:34', 1247),
(2911, 'X3T-BHCK', 'X3T-61', '2024-10-02 13:30:43', '2024-10-02 16:24:56', 1246),
(2912, 'X3T-BHCK', 'X3T-62', '2024-10-02 13:30:43', '2024-10-02 16:26:04', 1245),
(2913, 'X3T-BHCK', 'X3T-63', '2024-10-02 13:30:43', '2024-10-02 16:26:17', 1244),
(2914, 'X3T-BHCK', 'X3T-64', '2024-10-02 13:30:43', '2024-10-02 16:26:30', 1243),
(2915, 'X3T-BHCK', 'X3T-65', '2024-10-02 13:30:43', '2024-10-02 16:26:41', 1242),
(2916, 'X3T-BHCK', 'X3T-66', '2024-10-02 13:30:43', '2024-10-02 16:27:11', 1241),
(2917, 'X3T-BHCK', 'X3T-71', '2024-10-02 13:30:43', '2024-10-02 16:27:27', 1240),
(2918, 'X3T-BHCK', 'X3T-72', '2024-10-02 13:30:43', '2024-10-02 16:27:40', 1239),
(2919, 'X3T-BHCK', 'X3T-73', '2024-10-02 13:30:43', '2024-10-02 16:27:54', 1238),
(2920, 'X3T-BHCK', 'X3T-74', '2024-10-02 13:30:43', '2024-10-02 16:28:32', 1237),
(2921, 'X3T-BHCK', 'X3T-75', '2024-10-02 13:30:43', '2024-10-02 16:28:51', 1236),
(2922, 'X3T-BHCK', 'X3T-76', '2024-10-02 13:30:43', '2024-10-02 16:29:06', 1235),
(2923, 'X3T-BHCK', 'X3T-81', '2024-10-02 13:30:43', '2024-10-02 16:29:20', 1234),
(2924, 'X3T-BHCK', 'X3T-82', '2024-10-02 13:30:43', '2024-10-02 16:29:31', 1233),
(2925, 'X3T-BHCK', 'X3T-83', '2024-10-02 13:30:43', '2024-10-02 16:29:43', 1232),
(2926, 'X3T-BHCK', 'X3T-84', '2024-10-02 13:30:43', '2024-10-02 16:30:44', 1231),
(2927, 'X3T-BHCK', 'X3T-85', '2024-10-02 13:30:43', '2024-10-02 16:31:03', 1230),
(2928, 'X3T-BHCK', 'X3T-86', '2024-10-02 13:30:43', '2024-10-02 16:31:26', 1229),
(2929, 'X3T-BHCK', 'X3T-91', '2024-10-02 13:30:43', '2024-10-02 16:31:38', 1228),
(2930, 'X3T-BHCK', 'X3T-92', '2024-10-02 13:30:43', '2024-10-02 16:32:10', 1227),
(2931, 'X3T-BHCK', 'X3T-93', '2024-10-02 13:30:43', '2024-10-02 16:32:30', 1226),
(2932, 'X3T-BHCK', 'X3T-94', '2024-10-02 13:30:43', '2024-10-02 16:33:49', 1225),
(2933, 'X3T-BHCK', 'X3T-95', '2024-10-02 13:30:43', '2024-10-02 16:34:02', 1224),
(2934, 'X3T-BHCK', 'X3T-96', '2024-10-02 13:30:43', '2024-10-02 16:34:39', 1223),
(2935, 'X3T-BHCK', 'X3T-101', '2024-10-02 13:30:43', '2024-10-02 16:34:56', 1222),
(2936, 'X3T-BHCK', 'X3T-102', '2024-10-02 13:30:43', '2024-10-02 16:35:07', 1221),
(2937, 'X3T-BHCK', 'X3T-103', '2024-10-02 13:30:43', '2024-10-02 16:35:21', 1220),
(2938, 'X3T-BHCK', 'X3T-104', '2024-10-02 13:30:43', '2024-10-02 16:36:10', 1219),
(2939, 'X3T-BHCK', 'X3T-105', '2024-10-02 13:30:43', '2024-10-02 16:41:25', 1218),
(2940, 'X3T-BHCK', 'X3T-106', '2024-10-02 13:30:43', '2024-10-02 16:41:39', 1217),
(2941, 'X3T-BHCK', 'X3T-111', '2024-10-02 13:30:43', '2024-10-02 16:41:53', 1216),
(2942, 'X3T-BHCK', 'X3T-112', '2024-10-02 13:30:43', '2024-10-02 16:42:05', 1215),
(2943, 'X3T-BHCK', 'X3T-113', '2024-10-02 13:30:43', '2024-10-02 16:42:19', 1214),
(2944, 'X3T-BHCK', 'X3T-114', '2024-10-02 13:30:43', '2024-10-02 13:30:43', NULL),
(2945, 'X3T-BHCK', 'X3T-115', '2024-10-02 13:30:43', '2024-10-02 13:30:43', NULL),
(2946, 'X3T-BHCK', 'X3T-116', '2024-10-02 13:30:43', '2024-10-02 13:30:43', NULL),
(2947, 'X3T-BHCK', 'X3T-121', '2024-10-02 13:30:43', '2024-10-02 13:30:43', NULL),
(2948, 'X3T-BHCK', 'X3T-122', '2024-10-02 13:30:43', '2024-10-02 13:30:43', NULL),
(2949, 'X3T-BHCK', 'X3T-123', '2024-10-02 13:30:43', '2024-10-02 13:30:43', NULL),
(2950, 'X3T-BHCK', 'X3T-124', '2024-10-02 13:30:43', '2024-10-02 13:30:43', NULL),
(2951, 'X3T-BHCK', 'X3T-125', '2024-10-02 13:30:43', '2024-10-02 13:30:43', NULL),
(2952, 'X3T-BHCK', 'X3T-126', '2024-10-02 13:30:43', '2024-10-02 13:30:43', NULL),
(2953, 'X3T-BHCK', 'X3T-131', '2024-10-02 13:30:43', '2024-10-02 13:30:43', NULL),
(2954, 'X3T-BHCK', 'X3T-132', '2024-10-02 13:30:43', '2024-10-02 13:30:43', NULL),
(2955, 'X3T-BHCK', 'X3T-133', '2024-10-02 13:30:43', '2024-10-02 13:30:43', NULL),
(2956, 'X3T-BHCK', 'X3T-134', '2024-10-02 13:30:43', '2024-10-02 13:30:43', NULL),
(2957, 'X3T-BHCK', 'X3T-135', '2024-10-02 13:30:43', '2024-10-02 13:30:43', NULL),
(2958, 'X3T-BHCK', 'X3T-136', '2024-10-02 13:30:43', '2024-10-02 13:30:43', NULL),
(2959, 'X3T-BHCK', 'X3T-141', '2024-10-02 13:30:43', '2024-10-02 13:30:43', NULL),
(2960, 'X3T-BHCK', 'X3T-142', '2024-10-02 13:30:43', '2024-10-02 13:30:43', NULL),
(2961, 'X3T-BHCK', 'X3T-143', '2024-10-02 13:30:43', '2024-10-02 13:30:43', NULL),
(2962, 'X3T-BHCK', 'X3T-144', '2024-10-02 13:30:43', '2024-10-02 13:30:43', NULL),
(2963, 'X3T-BHCK', 'X3T-145', '2024-10-02 13:30:43', '2024-10-02 13:30:43', NULL),
(2964, 'X3T-BHCK', 'X3T-146', '2024-10-02 13:30:43', '2024-10-02 13:30:43', NULL),
(2965, 'X3T-BHCK', 'X3T-151', '2024-10-02 13:30:43', '2024-10-02 13:30:43', NULL),
(2966, 'X3T-BHCK', 'X3T-152', '2024-10-02 13:30:43', '2024-10-02 13:30:43', NULL),
(2967, 'X3T-BHCK', 'X3T-153', '2024-10-02 13:30:43', '2024-10-02 13:30:43', NULL),
(2968, 'X3T-BHCK', 'X3T-154', '2024-10-02 13:30:43', '2024-10-02 13:30:43', NULL),
(2969, 'X3T-BHCK', 'X3T-155', '2024-10-02 13:30:43', '2024-10-02 13:30:43', NULL),
(2970, 'X3T-BHCK', 'X3T-156', '2024-10-02 13:30:43', '2024-10-02 13:30:43', NULL),
(2971, 'X3T-BHCK', 'X3T-161', '2024-10-02 13:30:43', '2024-10-02 13:30:43', NULL),
(2972, 'X3T-BHCK', 'X3T-162', '2024-10-02 13:30:43', '2024-10-02 13:30:43', NULL),
(2973, 'X3T-BHCK', 'X3T-163', '2024-10-02 13:30:43', '2024-10-02 13:30:43', NULL),
(2974, 'X3T-BHCK', 'X3T-164', '2024-10-02 13:30:43', '2024-10-02 13:30:43', NULL),
(2975, 'X3T-BHCK', 'X3T-165', '2024-10-02 13:30:43', '2024-10-02 13:30:43', NULL),
(2976, 'X3T-BHCK', 'X3T-166', '2024-10-02 13:30:43', '2024-10-02 13:30:43', NULL),
(2977, 'X3T-BHCK', 'X3T-171', '2024-10-02 13:30:43', '2024-10-02 13:30:43', NULL),
(2978, 'X3T-BHCK', 'X3T-172', '2024-10-02 13:30:43', '2024-10-02 13:30:43', NULL),
(2979, 'X3T-BHCK', 'X3T-173', '2024-10-02 13:30:43', '2024-10-02 13:30:43', NULL),
(2980, 'X3T-BHCK', 'X3T-174', '2024-10-02 13:30:43', '2024-10-02 13:30:43', NULL),
(2981, 'X3T-BHCK', 'X3T-175', '2024-10-02 13:30:43', '2024-10-02 13:30:43', NULL),
(2982, 'X3T-BHCK', 'X3T-176', '2024-10-02 13:30:43', '2024-10-02 13:30:43', NULL),
(2983, 'X3T-BHCK', 'X3T-181', '2024-10-02 13:30:43', '2024-10-02 13:30:43', NULL),
(2984, 'X3T-BHCK', 'X3T-182', '2024-10-02 13:30:43', '2024-10-02 13:30:43', NULL),
(2985, 'X3T-BHCK', 'X3T-183', '2024-10-02 13:30:43', '2024-10-02 13:30:43', NULL),
(2986, 'X3T-BHCK', 'X3T-184', '2024-10-02 13:30:43', '2024-10-02 13:30:43', NULL),
(2987, 'X3T-BHCK', 'X3T-185', '2024-10-02 13:30:43', '2024-10-02 13:30:43', NULL),
(2988, 'X3T-BHCK', 'X3T-186', '2024-10-02 13:30:43', '2024-10-02 13:30:43', NULL),
(2989, 'X3T-BHCK', 'X3T-191', '2024-10-02 13:30:43', '2024-10-02 13:30:43', NULL),
(2990, 'X3T-BHCK', 'X3T-192', '2024-10-02 13:30:43', '2024-10-02 13:30:43', NULL),
(2991, 'X3T-BHCK', 'X3T-193', '2024-10-02 13:30:43', '2024-10-02 13:30:43', NULL),
(2992, 'X3T-BHCK', 'X3T-194', '2024-10-02 13:30:43', '2024-10-02 13:30:43', NULL),
(2993, 'X3T-BHCK', 'X3T-195', '2024-10-02 13:30:43', '2024-10-02 13:30:43', NULL),
(2994, 'X3T-BHCK', 'X3T-196', '2024-10-02 13:30:43', '2024-10-02 13:30:43', NULL),
(2995, 'X3T-BHCK', 'X3T-201', '2024-10-02 13:30:43', '2024-10-02 13:30:43', NULL),
(2996, 'X3T-BHCK', 'X3T-202', '2024-10-02 13:30:43', '2024-10-02 13:30:43', NULL),
(2997, 'X3T-BHCK', 'X3T-203', '2024-10-02 13:30:43', '2024-10-02 13:30:43', NULL),
(2998, 'X3T-BHCK', 'X3T-204', '2024-10-02 13:30:43', '2024-10-02 13:30:43', NULL),
(2999, 'X3T-BHCK', 'X3T-205', '2024-10-02 13:30:43', '2024-10-02 13:30:43', NULL),
(3000, 'X3T-BHCK', 'X3T-206', '2024-10-02 13:30:43', '2024-10-02 13:30:43', NULL),
(3001, 'X6T-BHCK', 'X6T-11', '2024-10-02 13:31:07', '2024-10-02 16:45:57', 1316),
(3002, 'X6T-BHCK', 'X6T-12', '2024-10-02 13:31:07', '2024-10-02 16:46:09', 1315),
(3003, 'X6T-BHCK', 'X6T-13', '2024-10-02 13:31:07', '2024-10-02 16:46:28', 1314),
(3004, 'X6T-BHCK', 'X6T-14', '2024-10-02 13:31:07', '2024-10-02 16:46:46', 1313),
(3005, 'X6T-BHCK', 'X6T-15', '2024-10-02 13:31:07', '2024-10-02 16:47:05', 1312),
(3006, 'X6T-BHCK', 'X6T-16', '2024-10-02 13:31:07', '2024-10-02 16:47:28', 1311),
(3007, 'X6T-BHCK', 'X6T-21', '2024-10-02 13:31:07', '2024-10-02 16:47:51', 1310),
(3008, 'X6T-BHCK', 'X6T-22', '2024-10-02 13:31:07', '2024-10-02 16:48:01', 1309),
(3009, 'X6T-BHCK', 'X6T-23', '2024-10-02 13:31:07', '2024-10-02 16:48:21', 1308),
(3010, 'X6T-BHCK', 'X6T-24', '2024-10-02 13:31:07', '2024-10-02 16:48:33', 1307),
(3011, 'X6T-BHCK', 'X6T-25', '2024-10-02 13:31:07', '2024-10-02 16:48:44', 1306),
(3012, 'X6T-BHCK', 'X6T-26', '2024-10-02 13:31:07', '2024-10-02 16:48:57', 1305),
(3013, 'X6T-BHCK', 'X6T-31', '2024-10-02 13:31:07', '2024-10-02 16:49:13', 1304),
(3014, 'X6T-BHCK', 'X6T-32', '2024-10-02 13:31:07', '2024-10-02 16:49:29', 1303),
(3015, 'X6T-BHCK', 'X6T-33', '2024-10-02 13:31:07', '2024-10-02 16:49:48', 1302),
(3016, 'X6T-BHCK', 'X6T-34', '2024-10-02 13:31:07', '2024-10-02 16:50:00', 1301),
(3017, 'X6T-BHCK', 'X6T-35', '2024-10-02 13:31:07', '2024-10-02 16:50:13', 1300),
(3018, 'X6T-BHCK', 'X6T-36', '2024-10-02 13:31:07', '2024-10-02 13:31:07', NULL),
(3019, 'X6T-BHCK', 'X6T-41', '2024-10-02 13:31:07', '2024-10-02 13:31:07', NULL),
(3020, 'X6T-BHCK', 'X6T-42', '2024-10-02 13:31:07', '2024-10-02 13:31:07', NULL),
(3021, 'X6T-BHCK', 'X6T-43', '2024-10-02 13:31:07', '2024-10-02 13:31:07', NULL),
(3022, 'X6T-BHCK', 'X6T-44', '2024-10-02 13:31:07', '2024-10-02 13:31:07', NULL),
(3023, 'X6T-BHCK', 'X6T-45', '2024-10-02 13:31:07', '2024-10-02 13:31:07', NULL),
(3024, 'X6T-BHCK', 'X6T-46', '2024-10-02 13:31:07', '2024-10-02 13:31:07', NULL),
(3025, 'X6T-BHCK', 'X6T-51', '2024-10-02 13:31:07', '2024-10-02 13:31:07', NULL),
(3026, 'X6T-BHCK', 'X6T-52', '2024-10-02 13:31:07', '2024-10-02 13:31:07', NULL),
(3027, 'X6T-BHCK', 'X6T-53', '2024-10-02 13:31:07', '2024-10-02 13:31:07', NULL),
(3028, 'X6T-BHCK', 'X6T-54', '2024-10-02 13:31:07', '2024-10-02 13:31:07', NULL),
(3029, 'X6T-BHCK', 'X6T-55', '2024-10-02 13:31:07', '2024-10-02 13:31:07', NULL),
(3030, 'X6T-BHCK', 'X6T-56', '2024-10-02 13:31:07', '2024-10-02 13:31:07', NULL),
(3031, 'X6T-BHCK', 'X6T-61', '2024-10-02 13:31:07', '2024-10-02 13:31:07', NULL),
(3032, 'X6T-BHCK', 'X6T-62', '2024-10-02 13:31:07', '2024-10-02 13:31:07', NULL),
(3033, 'X6T-BHCK', 'X6T-63', '2024-10-02 13:31:07', '2024-10-02 13:31:07', NULL),
(3034, 'X6T-BHCK', 'X6T-64', '2024-10-02 13:31:07', '2024-10-02 13:31:07', NULL),
(3035, 'X6T-BHCK', 'X6T-65', '2024-10-02 13:31:07', '2024-10-02 13:31:07', NULL),
(3036, 'X6T-BHCK', 'X6T-66', '2024-10-02 13:31:07', '2024-10-02 13:31:07', NULL),
(3037, 'X6T-BHCK', 'X6T-71', '2024-10-02 13:31:07', '2024-10-02 13:31:07', NULL),
(3038, 'X6T-BHCK', 'X6T-72', '2024-10-02 13:31:07', '2024-10-02 13:31:07', NULL),
(3039, 'X6T-BHCK', 'X6T-73', '2024-10-02 13:31:07', '2024-10-02 13:31:07', NULL),
(3040, 'X6T-BHCK', 'X6T-74', '2024-10-02 13:31:07', '2024-10-02 13:31:07', NULL),
(3041, 'X6T-BHCK', 'X6T-75', '2024-10-02 13:31:07', '2024-10-02 13:31:07', NULL),
(3042, 'X6T-BHCK', 'X6T-76', '2024-10-02 13:31:07', '2024-10-02 13:31:07', NULL),
(3043, 'X6T-BHCK', 'X6T-81', '2024-10-02 13:31:07', '2024-10-02 13:31:07', NULL),
(3044, 'X6T-BHCK', 'X6T-82', '2024-10-02 13:31:07', '2024-10-02 13:31:07', NULL),
(3045, 'X6T-BHCK', 'X6T-83', '2024-10-02 13:31:07', '2024-10-02 13:31:07', NULL),
(3046, 'X6T-BHCK', 'X6T-84', '2024-10-02 13:31:07', '2024-10-02 13:31:07', NULL),
(3047, 'X6T-BHCK', 'X6T-85', '2024-10-02 13:31:07', '2024-10-02 13:31:07', NULL),
(3048, 'X6T-BHCK', 'X6T-86', '2024-10-02 13:31:07', '2024-10-02 13:31:07', NULL),
(3049, 'X6T-BHCK', 'X6T-91', '2024-10-02 13:31:07', '2024-10-02 13:31:07', NULL),
(3050, 'X6T-BHCK', 'X6T-92', '2024-10-02 13:31:07', '2024-10-02 13:31:07', NULL),
(3051, 'X6T-BHCK', 'X6T-93', '2024-10-02 13:31:07', '2024-10-02 13:31:07', NULL),
(3052, 'X6T-BHCK', 'X6T-94', '2024-10-02 13:31:07', '2024-10-02 13:31:07', NULL),
(3053, 'X6T-BHCK', 'X6T-95', '2024-10-02 13:31:07', '2024-10-02 13:31:07', NULL),
(3054, 'X6T-BHCK', 'X6T-96', '2024-10-02 13:31:07', '2024-10-02 13:31:07', NULL),
(3055, 'X6T-BHCK', 'X6T-101', '2024-10-02 13:31:07', '2024-10-02 13:31:07', NULL),
(3056, 'X6T-BHCK', 'X6T-102', '2024-10-02 13:31:07', '2024-10-02 13:31:07', NULL),
(3057, 'X6T-BHCK', 'X6T-103', '2024-10-02 13:31:07', '2024-10-02 13:31:07', NULL),
(3058, 'X6T-BHCK', 'X6T-104', '2024-10-02 13:31:07', '2024-10-02 13:31:07', NULL),
(3059, 'X6T-BHCK', 'X6T-105', '2024-10-02 13:31:07', '2024-10-02 13:31:07', NULL),
(3060, 'X6T-BHCK', 'X6T-106', '2024-10-02 13:31:07', '2024-10-02 13:31:07', NULL),
(3061, 'X6T-BHCK', 'X6T-111', '2024-10-02 13:31:07', '2024-10-02 13:31:07', NULL),
(3062, 'X6T-BHCK', 'X6T-112', '2024-10-02 13:31:07', '2024-10-02 13:31:07', NULL),
(3063, 'X6T-BHCK', 'X6T-113', '2024-10-02 13:31:07', '2024-10-02 13:31:07', NULL),
(3064, 'X6T-BHCK', 'X6T-114', '2024-10-02 13:31:07', '2024-10-02 13:31:07', NULL),
(3065, 'X6T-BHCK', 'X6T-115', '2024-10-02 13:31:07', '2024-10-02 13:31:07', NULL),
(3066, 'X6T-BHCK', 'X6T-116', '2024-10-02 13:31:07', '2024-10-02 13:31:07', NULL),
(3067, 'X6T-BHCK', 'X6T-121', '2024-10-02 13:31:07', '2024-10-02 13:31:07', NULL),
(3068, 'X6T-BHCK', 'X6T-122', '2024-10-02 13:31:07', '2024-10-02 13:31:07', NULL),
(3069, 'X6T-BHCK', 'X6T-123', '2024-10-02 13:31:07', '2024-10-02 13:31:07', NULL),
(3070, 'X6T-BHCK', 'X6T-124', '2024-10-02 13:31:07', '2024-10-02 13:31:07', NULL),
(3071, 'X6T-BHCK', 'X6T-125', '2024-10-02 13:31:07', '2024-10-02 13:31:07', NULL),
(3072, 'X6T-BHCK', 'X6T-126', '2024-10-02 13:31:07', '2024-10-02 13:31:07', NULL),
(3073, 'X6T-BHCK', 'X6T-131', '2024-10-02 13:31:07', '2024-10-02 13:31:07', NULL),
(3074, 'X6T-BHCK', 'X6T-132', '2024-10-02 13:31:07', '2024-10-02 13:31:07', NULL),
(3075, 'X6T-BHCK', 'X6T-133', '2024-10-02 13:31:07', '2024-10-02 13:31:07', NULL),
(3076, 'X6T-BHCK', 'X6T-134', '2024-10-02 13:31:07', '2024-10-02 13:31:07', NULL),
(3077, 'X6T-BHCK', 'X6T-135', '2024-10-02 13:31:07', '2024-10-02 13:31:07', NULL),
(3078, 'X6T-BHCK', 'X6T-136', '2024-10-02 13:31:07', '2024-10-02 13:31:07', NULL),
(3079, 'X6T-BHCK', 'X6T-141', '2024-10-02 13:31:07', '2024-10-02 13:31:07', NULL),
(3080, 'X6T-BHCK', 'X6T-142', '2024-10-02 13:31:07', '2024-10-02 13:31:07', NULL),
(3081, 'X6T-BHCK', 'X6T-143', '2024-10-02 13:31:07', '2024-10-02 13:31:07', NULL),
(3082, 'X6T-BHCK', 'X6T-144', '2024-10-02 13:31:07', '2024-10-02 13:31:07', NULL),
(3083, 'X6T-BHCK', 'X6T-145', '2024-10-02 13:31:07', '2024-10-02 13:31:07', NULL),
(3084, 'X6T-BHCK', 'X6T-146', '2024-10-02 13:31:07', '2024-10-02 13:31:07', NULL),
(3085, 'X6T-BHCK', 'X6T-151', '2024-10-02 13:31:07', '2024-10-02 13:31:07', NULL),
(3086, 'X6T-BHCK', 'X6T-152', '2024-10-02 13:31:07', '2024-10-02 13:31:07', NULL),
(3087, 'X6T-BHCK', 'X6T-153', '2024-10-02 13:31:07', '2024-10-02 13:31:07', NULL),
(3088, 'X6T-BHCK', 'X6T-154', '2024-10-02 13:31:07', '2024-10-02 13:31:07', NULL),
(3089, 'X6T-BHCK', 'X6T-155', '2024-10-02 13:31:07', '2024-10-02 13:31:07', NULL),
(3090, 'X6T-BHCK', 'X6T-156', '2024-10-02 13:31:07', '2024-10-02 13:31:07', NULL),
(3091, 'X6T-BHCK', 'X6T-161', '2024-10-02 13:31:07', '2024-10-02 13:31:07', NULL),
(3092, 'X6T-BHCK', 'X6T-162', '2024-10-02 13:31:07', '2024-10-02 13:31:07', NULL),
(3093, 'X6T-BHCK', 'X6T-163', '2024-10-02 13:31:07', '2024-10-02 13:31:07', NULL),
(3094, 'X6T-BHCK', 'X6T-164', '2024-10-02 13:31:07', '2024-10-02 13:31:07', NULL),
(3095, 'X6T-BHCK', 'X6T-165', '2024-10-02 13:31:07', '2024-10-02 13:31:07', NULL),
(3096, 'X6T-BHCK', 'X6T-166', '2024-10-02 13:31:07', '2024-10-02 13:31:07', NULL),
(3097, 'X6T-BHCK', 'X6T-171', '2024-10-02 13:31:07', '2024-10-02 13:31:07', NULL),
(3098, 'X6T-BHCK', 'X6T-172', '2024-10-02 13:31:07', '2024-10-02 13:31:07', NULL),
(3099, 'X6T-BHCK', 'X6T-173', '2024-10-02 13:31:07', '2024-10-02 13:31:07', NULL),
(3100, 'X6T-BHCK', 'X6T-174', '2024-10-02 13:31:07', '2024-10-02 13:31:07', NULL),
(3101, 'X6T-BHCK', 'X6T-175', '2024-10-02 13:31:07', '2024-10-02 13:31:07', NULL),
(3102, 'X6T-BHCK', 'X6T-176', '2024-10-02 13:31:07', '2024-10-02 13:31:07', NULL),
(3103, 'X6T-BHCK', 'X6T-181', '2024-10-02 13:31:07', '2024-10-02 13:31:07', NULL),
(3104, 'X6T-BHCK', 'X6T-182', '2024-10-02 13:31:07', '2024-10-02 13:31:07', NULL),
(3105, 'X6T-BHCK', 'X6T-183', '2024-10-02 13:31:07', '2024-10-02 13:31:07', NULL),
(3106, 'X6T-BHCK', 'X6T-184', '2024-10-02 13:31:07', '2024-10-02 13:31:07', NULL),
(3107, 'X6T-BHCK', 'X6T-185', '2024-10-02 13:31:07', '2024-10-02 13:31:07', NULL),
(3108, 'X6T-BHCK', 'X6T-186', '2024-10-02 13:31:07', '2024-10-02 13:31:07', NULL),
(3109, 'X6T-BHCK', 'X6T-191', '2024-10-02 13:31:07', '2024-10-02 13:31:07', NULL),
(3110, 'X6T-BHCK', 'X6T-192', '2024-10-02 13:31:07', '2024-10-02 13:31:07', NULL),
(3111, 'X6T-BHCK', 'X6T-193', '2024-10-02 13:31:07', '2024-10-02 13:31:07', NULL),
(3112, 'X6T-BHCK', 'X6T-194', '2024-10-02 13:31:07', '2024-10-02 13:31:07', NULL),
(3113, 'X6T-BHCK', 'X6T-195', '2024-10-02 13:31:07', '2024-10-02 13:31:07', NULL),
(3114, 'X6T-BHCK', 'X6T-196', '2024-10-02 13:31:07', '2024-10-02 13:31:07', NULL),
(3115, 'X6T-BHCK', 'X6T-201', '2024-10-02 13:31:07', '2024-10-02 13:31:07', NULL),
(3116, 'X6T-BHCK', 'X6T-202', '2024-10-02 13:31:07', '2024-10-02 13:31:07', NULL),
(3117, 'X6T-BHCK', 'X6T-203', '2024-10-02 13:31:07', '2024-10-02 13:31:07', NULL),
(3118, 'X6T-BHCK', 'X6T-204', '2024-10-02 13:31:07', '2024-10-02 13:31:07', NULL),
(3119, 'X6T-BHCK', 'X6T-205', '2024-10-02 13:31:07', '2024-10-02 13:31:07', NULL),
(3120, 'X6T-BHCK', 'X6T-206', '2024-10-02 13:31:07', '2024-10-02 13:31:07', NULL),
(3121, 'B3', 'B3-91', '2024-10-02 13:36:28', '2024-10-02 13:36:28', NULL),
(3122, 'B3', 'B3-92', '2024-10-02 13:36:28', '2024-10-02 13:36:28', NULL),
(3123, 'B3', 'B3-93', '2024-10-02 13:36:28', '2024-10-02 13:36:28', NULL),
(3124, 'B3', 'B3-94', '2024-10-02 13:36:28', '2024-10-02 13:36:28', NULL),
(3125, 'B3', 'B3-95', '2024-10-02 13:36:28', '2024-10-02 13:36:28', NULL),
(3126, 'B3', 'B3-96', '2024-10-02 13:36:28', '2024-10-02 13:36:28', NULL),
(3127, 'B3', 'B3-101', '2024-10-02 13:36:28', '2024-10-02 13:36:28', NULL),
(3128, 'B3', 'B3-102', '2024-10-02 13:36:28', '2024-10-02 13:36:28', NULL),
(3129, 'B3', 'B3-103', '2024-10-02 13:36:28', '2024-10-02 13:36:28', NULL),
(3130, 'B3', 'B3-104', '2024-10-02 13:36:28', '2024-10-02 13:36:28', NULL),
(3131, 'B3', 'B3-105', '2024-10-02 13:36:28', '2024-10-02 13:36:28', NULL),
(3132, 'B3', 'B3-106', '2024-10-02 13:36:28', '2024-10-02 13:36:28', NULL),
(3133, 'B3', 'B3-111', '2024-10-02 13:36:28', '2024-10-02 13:36:28', NULL),
(3134, 'B3', 'B3-112', '2024-10-02 13:36:28', '2024-10-02 13:36:28', NULL),
(3135, 'B3', 'B3-113', '2024-10-02 13:36:28', '2024-10-02 13:36:28', NULL),
(3136, 'B3', 'B3-114', '2024-10-02 13:36:28', '2024-10-02 13:36:28', NULL),
(3137, 'B3', 'B3-115', '2024-10-02 13:36:28', '2024-10-02 13:36:28', NULL),
(3138, 'B3', 'B3-116', '2024-10-02 13:36:28', '2024-10-02 13:36:28', NULL),
(3139, 'B3', 'B3-121', '2024-10-02 13:36:28', '2024-10-02 13:36:28', NULL),
(3140, 'B3', 'B3-122', '2024-10-02 13:36:28', '2024-10-02 13:36:28', NULL),
(3141, 'B3', 'B3-123', '2024-10-02 13:36:28', '2024-10-02 13:36:28', NULL),
(3142, 'B3', 'B3-124', '2024-10-02 13:36:28', '2024-10-02 13:36:28', NULL),
(3143, 'B3', 'B3-125', '2024-10-02 13:36:28', '2024-10-02 13:36:28', NULL),
(3144, 'B3', 'B3-126', '2024-10-02 13:36:28', '2024-10-02 13:36:28', NULL),
(3145, 'B3', 'B3-131', '2024-10-02 13:36:28', '2024-10-02 13:36:28', NULL),
(3146, 'B3', 'B3-132', '2024-10-02 13:36:28', '2024-10-02 13:36:28', NULL),
(3147, 'B3', 'B3-133', '2024-10-02 13:36:28', '2024-10-02 13:36:28', NULL),
(3148, 'B3', 'B3-134', '2024-10-02 13:36:28', '2024-10-02 13:36:28', NULL),
(3149, 'B3', 'B3-135', '2024-10-02 13:36:28', '2024-10-02 13:36:28', NULL),
(3150, 'B3', 'B3-136', '2024-10-02 13:36:28', '2024-10-02 13:36:28', NULL),
(3151, 'B3', 'B3-141', '2024-10-02 13:36:28', '2024-10-02 13:36:28', NULL),
(3152, 'B3', 'B3-142', '2024-10-02 13:36:28', '2024-10-02 13:36:28', NULL),
(3153, 'B3', 'B3-143', '2024-10-02 13:36:28', '2024-10-02 13:36:28', NULL),
(3154, 'B3', 'B3-144', '2024-10-02 13:36:28', '2024-10-02 13:36:28', NULL),
(3155, 'B3', 'B3-145', '2024-10-02 13:36:28', '2024-10-02 13:36:28', NULL),
(3156, 'B3', 'B3-146', '2024-10-02 13:36:28', '2024-10-02 13:36:28', NULL),
(3157, 'B3', 'B3-151', '2024-10-02 13:36:28', '2024-10-02 13:36:28', NULL),
(3158, 'B3', 'B3-152', '2024-10-02 13:36:28', '2024-10-02 13:36:28', NULL),
(3159, 'B3', 'B3-153', '2024-10-02 13:36:28', '2024-10-02 13:36:28', NULL),
(3160, 'B3', 'B3-154', '2024-10-02 13:36:28', '2024-10-02 13:36:28', NULL),
(3161, 'B3', 'B3-155', '2024-10-02 13:36:28', '2024-10-02 13:36:28', NULL),
(3162, 'B3', 'B3-156', '2024-10-02 13:36:28', '2024-10-02 13:36:28', NULL),
(3163, 'B3', 'B3-161', '2024-10-02 13:36:28', '2024-10-02 13:36:28', NULL),
(3164, 'B3', 'B3-162', '2024-10-02 13:36:28', '2024-10-02 13:36:28', NULL),
(3165, 'B3', 'B3-163', '2024-10-02 13:36:28', '2024-10-02 13:36:28', NULL),
(3166, 'B3', 'B3-164', '2024-10-02 13:36:28', '2024-10-02 13:36:28', NULL),
(3167, 'B3', 'B3-165', '2024-10-02 13:36:28', '2024-10-02 13:36:28', NULL),
(3168, 'B3', 'B3-166', '2024-10-02 13:36:28', '2024-10-02 13:36:28', NULL),
(3169, 'B3', 'B3-171', '2024-10-02 13:36:28', '2024-10-02 13:36:28', NULL),
(3170, 'B3', 'B3-172', '2024-10-02 13:36:28', '2024-10-02 13:36:28', NULL),
(3171, 'B3', 'B3-173', '2024-10-02 13:36:28', '2024-10-02 13:36:28', NULL),
(3172, 'B3', 'B3-174', '2024-10-02 13:36:28', '2024-10-02 13:36:28', NULL),
(3173, 'B3', 'B3-175', '2024-10-02 13:36:28', '2024-10-02 13:36:28', NULL),
(3174, 'B3', 'B3-176', '2024-10-02 13:36:28', '2024-10-02 13:36:28', NULL),
(3175, 'B3', 'B3-181', '2024-10-02 13:36:28', '2024-10-02 13:36:28', NULL),
(3176, 'B3', 'B3-182', '2024-10-02 13:36:28', '2024-10-02 13:36:28', NULL),
(3177, 'B3', 'B3-183', '2024-10-02 13:36:28', '2024-10-02 13:36:28', NULL),
(3178, 'B3', 'B3-184', '2024-10-02 13:36:28', '2024-10-02 13:36:28', NULL),
(3179, 'B3', 'B3-185', '2024-10-02 13:36:28', '2024-10-02 13:36:28', NULL),
(3180, 'B3', 'B3-186', '2024-10-02 13:36:28', '2024-10-02 13:36:28', NULL),
(3181, 'B3', 'B3-191', '2024-10-02 13:36:28', '2024-10-02 13:36:28', NULL),
(3182, 'B3', 'B3-192', '2024-10-02 13:36:28', '2024-10-02 13:36:28', NULL),
(3183, 'B3', 'B3-193', '2024-10-02 13:36:28', '2024-10-02 13:36:28', NULL),
(3184, 'B3', 'B3-194', '2024-10-02 13:36:28', '2024-10-02 13:36:28', NULL),
(3185, 'B3', 'B3-195', '2024-10-02 13:36:28', '2024-10-02 13:36:28', NULL),
(3186, 'B3', 'B3-196', '2024-10-02 13:36:28', '2024-10-02 13:36:28', NULL),
(3187, 'B3', 'B3-201', '2024-10-02 13:36:28', '2024-10-02 13:36:28', NULL),
(3188, 'B3', 'B3-202', '2024-10-02 13:36:28', '2024-10-02 13:36:28', NULL),
(3189, 'B3', 'B3-203', '2024-10-02 13:36:28', '2024-10-02 13:36:28', NULL),
(3190, 'B3', 'B3-204', '2024-10-02 13:36:28', '2024-10-02 13:36:28', NULL),
(3191, 'B3', 'B3-205', '2024-10-02 13:36:28', '2024-10-02 13:36:28', NULL),
(3192, 'B3', 'B3-206', '2024-10-02 13:36:28', '2024-10-02 13:36:28', NULL),
(3193, 'B3-BHCK', 'B3-91', '2024-10-02 13:37:32', '2024-10-02 13:49:36', 872),
(3194, 'B3-BHCK', 'B3-92', '2024-10-02 13:37:32', '2024-10-02 13:49:43', 873),
(3195, 'B3-BHCK', 'B3-93', '2024-10-02 13:37:32', '2024-10-02 13:49:48', 874),
(3196, 'B3-BHCK', 'B3-94', '2024-10-02 13:37:32', '2024-10-02 13:49:54', 875),
(3197, 'B3-BHCK', 'B3-95', '2024-10-02 13:37:32', '2024-10-02 13:49:59', 876),
(3198, 'B3-BHCK', 'B3-96', '2024-10-02 13:37:32', '2024-10-02 13:50:05', 877),
(3199, 'B3-BHCK', 'B3-101', '2024-10-02 13:37:32', '2024-10-02 13:50:10', 878),
(3200, 'B3-BHCK', 'B3-102', '2024-10-02 13:37:32', '2024-10-02 13:50:16', 879),
(3201, 'B3-BHCK', 'B3-103', '2024-10-02 13:37:32', '2024-10-02 13:50:22', 880),
(3202, 'B3-BHCK', 'B3-104', '2024-10-02 13:37:32', '2024-10-02 13:50:27', 881),
(3203, 'B3-BHCK', 'B3-105', '2024-10-02 13:37:32', '2024-10-02 13:50:40', 882),
(3204, 'B3-BHCK', 'B3-106', '2024-10-02 13:37:32', '2024-10-02 13:50:45', 883),
(3205, 'B3-BHCK', 'B3-111', '2024-10-02 13:37:32', '2024-10-02 14:01:10', 913),
(3206, 'B3-BHCK', 'B3-112', '2024-10-02 13:37:32', '2024-10-02 14:01:18', 912),
(3207, 'B3-BHCK', 'B3-113', '2024-10-02 13:37:32', '2024-10-02 14:01:31', 911),
(3208, 'B3-BHCK', 'B3-114', '2024-10-02 13:37:32', '2024-10-02 14:01:38', 910),
(3209, 'B3-BHCK', 'B3-115', '2024-10-02 13:37:32', '2024-10-02 14:01:45', 909),
(3210, 'B3-BHCK', 'B3-116', '2024-10-02 13:37:32', '2024-10-02 14:01:51', 908),
(3211, 'B3-BHCK', 'B3-121', '2024-10-02 13:37:32', '2024-10-02 14:01:58', 907),
(3212, 'B3-BHCK', 'B3-122', '2024-10-02 13:37:32', '2024-10-02 14:02:04', 906),
(3213, 'B3-BHCK', 'B3-123', '2024-10-02 13:37:32', '2024-10-02 14:02:11', 905),
(3214, 'B3-BHCK', 'B3-124', '2024-10-02 13:37:32', '2024-10-02 14:02:17', 904),
(3215, 'B3-BHCK', 'B3-125', '2024-10-02 13:37:32', '2024-10-02 14:02:24', 903),
(3216, 'B3-BHCK', 'B3-126', '2024-10-02 13:37:32', '2024-10-02 14:02:32', 902),
(3217, 'B3-BHCK', 'B3-131', '2024-10-02 13:37:32', '2024-10-02 14:02:39', 901),
(3218, 'B3-BHCK', 'B3-132', '2024-10-02 13:37:32', '2024-10-02 14:02:45', 900),
(3219, 'B3-BHCK', 'B3-133', '2024-10-02 13:37:32', '2024-10-02 14:02:51', 899),
(3220, 'B3-BHCK', 'B3-134', '2024-10-02 13:37:32', '2024-10-02 14:02:58', 898),
(3221, 'B3-BHCK', 'B3-135', '2024-10-02 13:37:32', '2024-10-02 14:03:04', 897),
(3222, 'B3-BHCK', 'B3-136', '2024-10-02 13:37:32', '2024-10-02 14:03:11', 896),
(3223, 'B3-BHCK', 'B3-141', '2024-10-02 13:37:32', '2024-10-02 14:03:17', 895),
(3224, 'B3-BHCK', 'B3-142', '2024-10-02 13:37:32', '2024-10-02 14:03:31', 894),
(3225, 'B3-BHCK', 'B3-143', '2024-10-02 13:37:32', '2024-10-02 14:03:38', 893),
(3226, 'B3-BHCK', 'B3-144', '2024-10-02 13:37:32', '2024-10-02 14:03:44', 892),
(3227, 'B3-BHCK', 'B3-145', '2024-10-02 13:37:32', '2024-10-02 14:03:51', 891),
(3228, 'B3-BHCK', 'B3-146', '2024-10-02 13:37:32', '2024-10-02 14:03:58', 890),
(3229, 'B3-BHCK', 'B3-151', '2024-10-02 13:37:32', '2024-10-02 13:37:32', NULL),
(3230, 'B3-BHCK', 'B3-152', '2024-10-02 13:37:32', '2024-10-02 13:37:32', NULL),
(3231, 'B3-BHCK', 'B3-153', '2024-10-02 13:37:32', '2024-10-02 13:37:32', NULL),
(3232, 'B3-BHCK', 'B3-154', '2024-10-02 13:37:32', '2024-10-02 13:37:32', NULL),
(3233, 'B3-BHCK', 'B3-155', '2024-10-02 13:37:32', '2024-10-02 13:37:32', NULL),
(3234, 'B3-BHCK', 'B3-156', '2024-10-02 13:37:32', '2024-10-02 13:37:32', NULL),
(3235, 'B3-BHCK', 'B3-161', '2024-10-02 13:37:32', '2024-10-02 13:37:32', NULL),
(3236, 'B3-BHCK', 'B3-162', '2024-10-02 13:37:32', '2024-10-02 13:37:32', NULL),
(3237, 'B3-BHCK', 'B3-163', '2024-10-02 13:37:32', '2024-10-02 13:37:32', NULL),
(3238, 'B3-BHCK', 'B3-164', '2024-10-02 13:37:32', '2024-10-02 13:37:32', NULL),
(3239, 'B3-BHCK', 'B3-165', '2024-10-02 13:37:32', '2024-10-02 13:37:32', NULL),
(3240, 'B3-BHCK', 'B3-166', '2024-10-02 13:37:32', '2024-10-02 13:37:32', NULL),
(3241, 'B3-BHCK', 'B3-171', '2024-10-02 13:37:32', '2024-10-02 13:37:32', NULL),
(3242, 'B3-BHCK', 'B3-172', '2024-10-02 13:37:32', '2024-10-02 13:37:32', NULL),
(3243, 'B3-BHCK', 'B3-173', '2024-10-02 13:37:32', '2024-10-02 13:37:32', NULL),
(3244, 'B3-BHCK', 'B3-174', '2024-10-02 13:37:32', '2024-10-02 13:37:32', NULL),
(3245, 'B3-BHCK', 'B3-175', '2024-10-02 13:37:32', '2024-10-02 13:37:32', NULL),
(3246, 'B3-BHCK', 'B3-176', '2024-10-02 13:37:32', '2024-10-02 13:37:32', NULL),
(3247, 'B3-BHCK', 'B3-181', '2024-10-02 13:37:32', '2024-10-02 13:37:32', NULL),
(3248, 'B3-BHCK', 'B3-182', '2024-10-02 13:37:32', '2024-10-02 13:37:32', NULL),
(3249, 'B3-BHCK', 'B3-183', '2024-10-02 13:37:32', '2024-10-02 13:37:32', NULL),
(3250, 'B3-BHCK', 'B3-184', '2024-10-02 13:37:32', '2024-10-02 13:37:32', NULL),
(3251, 'B3-BHCK', 'B3-185', '2024-10-02 13:37:32', '2024-10-02 13:37:32', NULL),
(3252, 'B3-BHCK', 'B3-186', '2024-10-02 13:37:32', '2024-10-02 13:37:32', NULL),
(3253, 'B3-BHCK', 'B3-191', '2024-10-02 13:37:32', '2024-10-02 13:37:32', NULL),
(3254, 'B3-BHCK', 'B3-192', '2024-10-02 13:37:32', '2024-10-02 13:37:32', NULL),
(3255, 'B3-BHCK', 'B3-193', '2024-10-02 13:37:32', '2024-10-02 13:37:32', NULL),
(3256, 'B3-BHCK', 'B3-194', '2024-10-02 13:37:32', '2024-10-02 13:37:32', NULL),
(3257, 'B3-BHCK', 'B3-195', '2024-10-02 13:37:32', '2024-10-02 13:37:32', NULL),
(3258, 'B3-BHCK', 'B3-196', '2024-10-02 13:37:32', '2024-10-02 13:37:32', NULL),
(3259, 'B3-BHCK', 'B3-201', '2024-10-02 13:37:32', '2024-10-02 13:37:32', NULL),
(3260, 'B3-BHCK', 'B3-202', '2024-10-02 13:37:32', '2024-10-02 13:37:32', NULL),
(3261, 'B3-BHCK', 'B3-203', '2024-10-02 13:37:32', '2024-10-02 13:37:32', NULL),
(3262, 'B3-BHCK', 'B3-204', '2024-10-02 13:37:32', '2024-10-02 13:37:32', NULL),
(3263, 'B3-BHCK', 'B3-205', '2024-10-02 13:37:32', '2024-10-02 13:37:32', NULL),
(3264, 'B3-BHCK', 'B3-206', '2024-10-02 13:37:32', '2024-10-02 13:37:32', NULL),
(3265, 'B1-BHCK', 'B1-91', '2024-10-02 14:35:56', '2024-10-02 14:43:29', 965),
(3266, 'B1-BHCK', 'B1-92', '2024-10-02 14:35:56', '2024-10-02 14:43:36', 964),
(3267, 'B1-BHCK', 'B1-93', '2024-10-02 14:35:56', '2024-10-02 14:43:50', 963),
(3268, 'B1-BHCK', 'B1-94', '2024-10-02 14:35:56', '2024-10-02 14:43:58', 962),
(3269, 'B1-BHCK', 'B1-95', '2024-10-02 14:35:56', '2024-10-02 14:44:14', 961),
(3270, 'B1-BHCK', 'B1-96', '2024-10-02 14:35:56', '2024-10-02 14:44:28', 960),
(3271, 'A1-BHCK', 'A1-91', '2024-10-02 14:46:36', '2024-10-02 15:00:23', 1019),
(3272, 'A1-BHCK', 'A1-92', '2024-10-02 14:46:36', '2024-10-02 15:00:35', 1018),
(3273, 'A1-BHCK', 'A1-93', '2024-10-02 14:46:36', '2024-10-02 15:00:47', 1017),
(3274, 'A1-BHCK', 'A1-94', '2024-10-02 14:46:36', '2024-10-02 15:00:57', 1016),
(3275, 'A1-BHCK', 'A1-95', '2024-10-02 14:46:36', '2024-10-02 15:01:10', 1015),
(3276, 'A1-BHCK', 'A1-96', '2024-10-02 14:46:36', '2024-10-02 15:01:20', 1014),
(3277, 'A1-BHCK', 'A1-101', '2024-10-02 14:46:36', '2024-10-02 15:05:02', 1073),
(3278, 'A1-BHCK', 'A1-102', '2024-10-02 14:46:36', '2024-10-02 15:05:31', 1072),
(3279, 'A1-BHCK', 'A1-103', '2024-10-02 14:46:36', '2024-10-02 15:05:46', 1071),
(3280, 'A1-BHCK', 'A1-104', '2024-10-02 14:46:36', '2024-10-02 15:05:55', 1070),
(3281, 'A1-BHCK', 'A1-105', '2024-10-02 14:46:36', '2024-10-02 15:06:13', 1069),
(3282, 'A1-BHCK', 'A1-106', '2024-10-02 14:46:36', '2024-10-02 15:06:27', 1068),
(3283, 'A1-BHCK', 'A1-111', '2024-10-02 14:46:36', '2024-10-02 15:08:31', 1091),
(3284, 'A1-BHCK', 'A1-112', '2024-10-02 14:46:36', '2024-10-02 15:09:00', 1090),
(3285, 'A1-BHCK', 'A1-113', '2024-10-02 14:46:36', '2024-10-02 15:09:09', 1089),
(3286, 'A1-BHCK', 'A1-114', '2024-10-02 14:46:36', '2024-10-02 15:09:19', 1088),
(3287, 'A1-BHCK', 'A1-115', '2024-10-02 14:46:36', '2024-10-02 15:09:30', 1087),
(3288, 'A1-BHCK', 'A1-116', '2024-10-02 14:46:36', '2024-10-02 15:09:48', 1086),
(3289, 'A1-BHCK', 'A1-121', '2024-10-02 14:46:36', '2024-10-02 15:10:03', 1085),
(3290, 'A1-BHCK', 'A1-122', '2024-10-02 14:46:36', '2024-10-02 15:10:14', 1084),
(3291, 'A1-BHCK', 'A1-123', '2024-10-02 14:46:36', '2024-10-02 15:10:23', 1083);
INSERT INTO `warehouses` (`id`, `name`, `code`, `created_at`, `updated_at`, `batch_id`) VALUES
(3292, 'A1-BHCK', 'A1-124', '2024-10-02 14:46:36', '2024-10-02 15:10:41', 1082),
(3293, 'A1-BHCK', 'A1-125', '2024-10-02 14:46:36', '2024-10-02 15:10:57', 1081),
(3294, 'A1-BHCK', 'A1-126', '2024-10-02 14:46:36', '2024-10-02 15:11:15', 1080),
(3295, 'A1-BHCK', 'A1-131', '2024-10-02 14:46:36', '2024-10-02 15:11:26', 1079),
(3296, 'A1-BHCK', 'A1-132', '2024-10-02 14:46:36', '2024-10-02 15:11:36', 1078),
(3297, 'A1-BHCK', 'A1-133', '2024-10-02 14:46:36', '2024-10-02 15:11:46', 1077),
(3298, 'A1-BHCK', 'A1-134', '2024-10-02 14:46:36', '2024-10-02 15:12:04', 1076),
(3299, 'A1-BHCK', 'A1-135', '2024-10-02 14:46:36', '2024-10-02 15:12:13', 1075),
(3300, 'A1-BHCK', 'A1-136', '2024-10-02 14:46:36', '2024-10-02 15:12:22', 1074),
(3301, 'A1-BHCK', 'A1-141', '2024-10-02 14:46:36', '2024-10-02 14:46:36', NULL),
(3302, 'A1-BHCK', 'A1-142', '2024-10-02 14:46:36', '2024-10-02 14:46:36', NULL),
(3303, 'A1-BHCK', 'A1-143', '2024-10-02 14:46:36', '2024-10-02 14:46:36', NULL),
(3304, 'A1-BHCK', 'A1-144', '2024-10-02 14:46:36', '2024-10-02 14:46:36', NULL),
(3305, 'A1-BHCK', 'A1-145', '2024-10-02 14:46:36', '2024-10-02 14:46:36', NULL),
(3306, 'A1-BHCK', 'A1-146', '2024-10-02 14:46:36', '2024-10-02 14:46:36', NULL),
(3307, 'A1-BHCK', 'A1-151', '2024-10-02 14:46:37', '2024-10-02 14:46:37', NULL),
(3308, 'A1-BHCK', 'A1-152', '2024-10-02 14:46:37', '2024-10-02 14:46:37', NULL),
(3309, 'A1-BHCK', 'A1-153', '2024-10-02 14:46:37', '2024-10-02 14:46:37', NULL),
(3310, 'A1-BHCK', 'A1-154', '2024-10-02 14:46:37', '2024-10-02 14:46:37', NULL),
(3311, 'A1-BHCK', 'A1-155', '2024-10-02 14:46:37', '2024-10-02 14:46:37', NULL),
(3312, 'A1-BHCK', 'A1-156', '2024-10-02 14:46:37', '2024-10-02 14:46:37', NULL),
(3313, 'A2-BHCK', 'A2-131', '2024-10-02 15:14:32', '2024-10-02 15:14:32', NULL),
(3314, 'A2-BHCK', 'A2-132', '2024-10-02 15:14:32', '2024-10-02 15:14:32', NULL),
(3315, 'A2-BHCK', 'A2-133', '2024-10-02 15:14:32', '2024-10-02 15:14:32', NULL),
(3316, 'A2-BHCK', 'A2-134', '2024-10-02 15:14:32', '2024-10-02 15:14:32', NULL),
(3317, 'A2-BHCK', 'A2-135', '2024-10-02 15:14:32', '2024-10-02 15:14:32', NULL),
(3318, 'A2-BHCK', 'A2-136', '2024-10-02 15:14:32', '2024-10-02 15:14:32', NULL),
(3319, 'A2-BHCK', 'A2-141', '2024-10-02 15:14:32', '2024-10-02 15:14:32', NULL),
(3320, 'A2-BHCK', 'A2-142', '2024-10-02 15:14:32', '2024-10-02 15:14:32', NULL),
(3321, 'A2-BHCK', 'A2-143', '2024-10-02 15:14:32', '2024-10-02 15:14:32', NULL),
(3322, 'A2-BHCK', 'A2-144', '2024-10-02 15:14:32', '2024-10-02 15:14:32', NULL),
(3323, 'A2-BHCK', 'A2-145', '2024-10-02 15:14:32', '2024-10-02 15:14:32', NULL),
(3324, 'A2-BHCK', 'A2-146', '2024-10-02 15:14:32', '2024-10-02 15:14:32', NULL),
(3325, 'A2-BHCK', 'A2-151', '2024-10-02 15:14:32', '2024-10-02 15:14:32', NULL),
(3326, 'A2-BHCK', 'A2-152', '2024-10-02 15:14:32', '2024-10-02 15:14:32', NULL),
(3327, 'A2-BHCK', 'A2-153', '2024-10-02 15:14:32', '2024-10-02 15:14:32', NULL),
(3328, 'A2-BHCK', 'A2-154', '2024-10-02 15:14:32', '2024-10-02 15:14:32', NULL),
(3329, 'A2-BHCK', 'A2-155', '2024-10-02 15:14:32', '2024-10-02 15:14:32', NULL),
(3330, 'A2-BHCK', 'A2-156', '2024-10-02 15:14:33', '2024-10-02 15:14:33', NULL),
(3331, 'TNSR', 'TN-11', '2024-10-02 16:54:14', '2024-10-02 17:19:47', 1317),
(3332, 'TNSR', 'TN-12', '2024-10-02 16:54:14', '2024-10-02 17:19:47', 1318),
(3333, 'TNSR', 'TN-13', '2024-10-02 16:54:14', '2024-10-02 17:19:47', 1319),
(3334, 'TNSR', 'TN-14', '2024-10-02 16:54:14', '2024-10-02 17:19:47', 1320),
(3335, 'TNSR', 'TN-15', '2024-10-02 16:54:14', '2024-10-02 17:19:47', 1321),
(3336, 'TNSR', 'TN-16', '2024-10-02 16:54:14', '2024-10-02 17:19:47', 1322),
(3337, 'TNSR', 'TN-21', '2024-10-02 16:54:14', '2024-10-02 17:19:47', 1323),
(3338, 'TNSR', 'TN-22', '2024-10-02 16:54:14', '2024-10-02 17:19:47', 1324),
(3339, 'TNSR', 'TN-23', '2024-10-02 16:54:14', '2024-10-02 17:19:47', 1325),
(3340, 'TNSR', 'TN-24', '2024-10-02 16:54:14', '2024-10-02 17:19:47', 1326),
(3341, 'TNSR', 'TN-25', '2024-10-02 16:54:14', '2024-10-02 17:19:47', 1327),
(3342, 'TNSR', 'TN-26', '2024-10-02 16:54:14', '2024-10-02 17:19:47', 1328),
(3343, 'TNSR', 'TN-31', '2024-10-02 16:54:14', '2024-10-02 17:19:47', 1329),
(3344, 'TNSR', 'TN-32', '2024-10-02 16:54:14', '2024-10-02 17:19:47', 1330),
(3345, 'TNSR', 'TN-33', '2024-10-02 16:54:14', '2024-10-02 17:19:47', 1331),
(3346, 'TNSR', 'TN-34', '2024-10-02 16:54:14', '2024-10-02 17:19:47', 1332),
(3347, 'TNSR', 'TN-35', '2024-10-02 16:54:14', '2024-10-02 17:19:47', 1333),
(3348, 'TNSR', 'TN-36', '2024-10-02 16:54:14', '2024-10-02 17:19:47', 1334),
(3349, 'TNSR', 'TN-41', '2024-10-02 16:54:14', '2024-10-02 17:19:47', 1335),
(3350, 'TNSR', 'TN-42', '2024-10-02 16:54:14', '2024-10-02 17:19:47', 1336),
(3351, 'TNSR', 'TN-43', '2024-10-02 16:54:14', '2024-10-02 17:19:47', 1337),
(3352, 'TNSR', 'TN-44', '2024-10-02 16:54:14', '2024-10-02 17:19:47', 1338),
(3353, 'TNSR', 'TN-45', '2024-10-02 16:54:14', '2024-10-02 17:19:47', 1339),
(3354, 'TNSR', 'TN-46', '2024-10-02 16:54:14', '2024-10-02 17:19:47', 1340),
(3355, 'TNSR', 'TN-51', '2024-10-02 16:54:14', '2024-10-02 17:19:47', 1341),
(3356, 'TNSR', 'TN-52', '2024-10-02 16:54:14', '2024-10-02 17:19:47', 1342),
(3357, 'TNSR', 'TN-53', '2024-10-02 16:54:14', '2024-10-02 17:19:47', 1343),
(3358, 'TNSR', 'TN-54', '2024-10-02 16:54:14', '2024-10-02 17:19:47', 1344),
(3359, 'TNSR', 'TN-55', '2024-10-02 16:54:14', '2024-10-02 17:19:47', 1345),
(3360, 'TNSR', 'TN-56', '2024-10-02 16:54:14', '2024-10-02 17:19:47', 1346),
(3361, 'TNSR', 'TN-61', '2024-10-02 16:54:14', '2024-10-02 17:19:47', 1347),
(3362, 'TNSR', 'TN-62', '2024-10-02 16:54:14', '2024-10-02 17:19:47', 1348),
(3363, 'TNSR', 'TN-63', '2024-10-02 16:54:14', '2024-10-02 17:19:47', 1349),
(3364, 'TNSR', 'TN-64', '2024-10-02 16:54:14', '2024-10-02 17:19:47', 1350),
(3365, 'TNSR', 'TN-65', '2024-10-02 16:54:14', '2024-10-02 17:19:47', 1351),
(3366, 'TNSR', 'TN-66', '2024-10-02 16:54:14', '2024-10-02 17:19:47', 1352),
(3367, 'TNSR', 'TN-71', '2024-10-02 16:54:14', '2024-10-02 17:19:47', 1353),
(3368, 'TNSR', 'TN-72', '2024-10-02 16:54:14', '2024-10-02 17:19:47', 1354),
(3369, 'TNSR', 'TN-73', '2024-10-02 16:54:14', '2024-10-02 17:19:47', 1355),
(3370, 'TNSR', 'TN-74', '2024-10-02 16:54:14', '2024-10-02 17:19:47', 1356),
(3371, 'TNSR', 'TN-75', '2024-10-02 16:54:14', '2024-10-02 17:19:47', 1357),
(3372, 'TNSR', 'TN-76', '2024-10-02 16:54:14', '2024-10-02 17:19:47', 1358),
(3373, 'TNSR', 'TN-81', '2024-10-02 16:54:14', '2024-10-02 17:19:47', 1359),
(3374, 'TNSR', 'TN-82', '2024-10-02 16:54:14', '2024-10-02 17:19:47', 1360),
(3375, 'TNSR', 'TN-83', '2024-10-02 16:54:14', '2024-10-02 17:19:47', 1361),
(3376, 'TNSR', 'TN-84', '2024-10-02 16:54:14', '2024-10-02 17:19:47', 1362),
(3377, 'TNSR', 'TN-85', '2024-10-02 16:54:14', '2024-10-02 17:19:47', 1363),
(3378, 'TNSR', 'TN-86', '2024-10-02 16:54:14', '2024-10-02 17:19:47', 1364),
(3379, 'TNSR', 'TN-91', '2024-10-02 16:54:14', '2024-10-02 17:19:47', 1365),
(3380, 'TNSR', 'TN-92', '2024-10-02 16:54:14', '2024-10-02 17:19:47', 1366),
(3381, 'TNSR', 'TN-93', '2024-10-02 16:54:14', '2024-10-02 17:19:47', 1367),
(3382, 'TNSR', 'TN-94', '2024-10-02 16:54:14', '2024-10-02 17:19:47', 1368),
(3383, 'TNSR', 'TN-95', '2024-10-02 16:54:14', '2024-10-02 17:19:47', 1369),
(3384, 'TNSR', 'TN-96', '2024-10-02 16:54:14', '2024-10-02 17:19:47', 1370),
(3385, 'TNSR', 'TN-101', '2024-10-02 16:54:14', '2024-10-02 17:19:47', 1371),
(3386, 'TNSR', 'TN-102', '2024-10-02 16:54:14', '2024-10-02 17:19:47', 1372),
(3387, 'TNSR', 'TN-103', '2024-10-02 16:54:14', '2024-10-02 17:19:47', 1373),
(3388, 'TNSR', 'TN-104', '2024-10-02 16:54:14', '2024-10-02 17:19:47', 1374),
(3389, 'TNSR', 'TN-105', '2024-10-02 16:54:14', '2024-10-02 17:19:47', 1375),
(3390, 'TNSR', 'TN-106', '2024-10-02 16:54:14', '2024-10-02 17:19:47', 1376),
(3391, 'TNSR', 'TN-111', '2024-10-02 16:54:14', '2024-10-02 17:19:47', 1377),
(3392, 'TNSR', 'TN-112', '2024-10-02 16:54:14', '2024-10-02 17:19:47', 1378),
(3393, 'TNSR', 'TN-113', '2024-10-02 16:54:14', '2024-10-02 17:19:47', 1379),
(3394, 'TNSR', 'TN-114', '2024-10-02 16:54:14', '2024-10-02 17:19:47', 1380),
(3395, 'TNSR', 'TN-115', '2024-10-02 16:54:14', '2024-10-02 17:19:47', 1381),
(3396, 'TNSR', 'TN-116', '2024-10-02 16:54:14', '2024-10-02 17:19:47', 1382),
(3397, 'TNSR', 'TN-121', '2024-10-02 16:54:14', '2024-10-02 17:19:47', 1383),
(3398, 'TNSR', 'TN-122', '2024-10-02 16:54:14', '2024-10-02 17:19:47', 1384),
(3399, 'TNSR', 'TN-123', '2024-10-02 16:54:14', '2024-10-02 17:19:47', 1385),
(3400, 'TNSR', 'TN-124', '2024-10-02 16:54:14', '2024-10-02 17:19:47', 1386),
(3401, 'TNSR', 'TN-125', '2024-10-02 16:54:14', '2024-10-02 17:19:47', 1387),
(3402, 'TNSR', 'TN-126', '2024-10-02 16:54:14', '2024-10-02 17:19:47', 1388),
(3403, 'TNSR', 'TN-131', '2024-10-02 16:54:14', '2024-10-02 17:19:47', 1389),
(3404, 'TNSR', 'TN-132', '2024-10-02 16:54:14', '2024-10-02 17:19:47', 1390),
(3405, 'TNSR', 'TN-133', '2024-10-02 16:54:14', '2024-10-02 17:19:47', 1391),
(3406, 'TNSR', 'TN-134', '2024-10-02 16:54:14', '2024-10-02 17:19:47', 1392),
(3407, 'TNSR', 'TN-135', '2024-10-02 16:54:14', '2024-10-02 17:19:47', 1393),
(3408, 'TNSR', 'TN-136', '2024-10-02 16:54:14', '2024-10-02 17:19:47', 1394),
(3409, 'TNSR', 'TN-141', '2024-10-02 16:54:14', '2024-10-02 17:19:47', 1395),
(3410, 'TNSR', 'TN-142', '2024-10-02 16:54:14', '2024-10-02 17:19:47', 1396),
(3411, 'TNSR', 'TN-143', '2024-10-02 16:54:14', '2024-10-02 17:19:47', 1397),
(3412, 'TNSR', 'TN-144', '2024-10-02 16:54:14', '2024-10-02 17:19:47', 1398),
(3413, 'TNSR', 'TN-145', '2024-10-02 16:54:14', '2024-10-02 17:19:47', 1399),
(3414, 'TNSR', 'TN-146', '2024-10-02 16:54:14', '2024-10-02 17:19:47', 1400),
(3415, 'TNSR', 'TN-151', '2024-10-02 16:54:14', '2024-10-02 17:19:47', 1401),
(3416, 'TNSR', 'TN-152', '2024-10-02 16:54:14', '2024-10-02 17:19:47', 1402),
(3417, 'TNSR', 'TN-153', '2024-10-02 16:54:14', '2024-10-02 17:19:47', 1403),
(3418, 'TNSR', 'TN-154', '2024-10-02 16:54:14', '2024-10-02 17:19:47', 1404),
(3419, 'TNSR', 'TN-155', '2024-10-02 16:54:14', '2024-10-02 17:19:48', 1405),
(3420, 'TNSR', 'TN-156', '2024-10-02 16:54:14', '2024-10-02 17:19:48', 1406),
(3421, 'TNSR', 'TN-161', '2024-10-02 16:54:14', '2024-10-02 17:19:48', 1407),
(3422, 'TNSR', 'TN-162', '2024-10-02 16:54:14', '2024-10-02 17:19:48', 1408),
(3423, 'TNSR', 'TN-163', '2024-10-02 16:54:14', '2024-10-02 17:19:48', 1409),
(3424, 'TNSR', 'TN-164', '2024-10-02 16:54:14', '2024-10-02 17:19:48', 1410),
(3425, 'TNSR', 'TN-165', '2024-10-02 16:54:14', '2024-10-02 17:19:48', 1411),
(3426, 'TNSR', 'TN-166', '2024-10-02 16:54:14', '2024-10-02 17:19:48', 1412),
(3427, 'TNSR', 'TN-171', '2024-10-02 16:54:14', '2024-10-02 17:19:48', 1413),
(3428, 'TNSR', 'TN-172', '2024-10-02 16:54:14', '2024-10-02 17:19:48', 1414),
(3429, 'TNSR', 'TN-173', '2024-10-02 16:54:14', '2024-10-02 17:19:48', 1415),
(3430, 'TNSR', 'TN-174', '2024-10-02 16:54:14', '2024-10-02 17:19:48', 1416),
(3431, 'TNSR', 'TN-175', '2024-10-02 16:54:14', '2024-10-02 17:19:48', 1417),
(3432, 'TNSR', 'TN-176', '2024-10-02 16:54:14', '2024-10-02 17:19:48', 1418),
(3433, 'TNSR', 'TN-181', '2024-10-02 16:54:14', '2024-10-02 17:19:48', 1419),
(3434, 'TNSR', 'TN-182', '2024-10-02 16:54:14', '2024-10-02 17:19:48', 1420),
(3435, 'TNSR', 'TN-183', '2024-10-02 16:54:14', '2024-10-02 17:19:48', 1421),
(3436, 'TNSR', 'TN-184', '2024-10-02 16:54:14', '2024-10-02 17:19:48', 1422),
(3437, 'TNSR', 'TN-185', '2024-10-02 16:54:14', '2024-10-02 17:33:25', 1423),
(3438, 'TNSR', 'TN-186', '2024-10-02 16:54:14', '2024-10-02 17:33:25', NULL),
(3439, 'TNSR', 'TN-191', '2024-10-02 16:54:14', '2024-10-02 16:54:14', NULL),
(3440, 'TNSR', 'TN-192', '2024-10-02 16:54:14', '2024-10-02 16:54:14', NULL),
(3441, 'TNSR', 'TN-193', '2024-10-02 16:54:14', '2024-10-02 16:54:14', NULL),
(3442, 'TNSR', 'TN-194', '2024-10-02 16:54:14', '2024-10-02 16:54:14', NULL),
(3443, 'TNSR', 'TN-195', '2024-10-02 16:54:14', '2024-10-02 16:54:14', NULL),
(3444, 'TNSR', 'TN-196', '2024-10-02 16:54:14', '2024-10-02 16:54:14', NULL),
(3445, 'TNSR', 'TN-201', '2024-10-02 16:54:14', '2024-10-02 16:54:14', NULL),
(3446, 'TNSR', 'TN-202', '2024-10-02 16:54:14', '2024-10-02 16:54:14', NULL),
(3447, 'TNSR', 'TN-203', '2024-10-02 16:54:14', '2024-10-02 16:54:14', NULL),
(3448, 'TNSR', 'TN-204', '2024-10-02 16:54:14', '2024-10-02 16:54:14', NULL),
(3449, 'TNSR', 'TN-205', '2024-10-02 16:54:14', '2024-10-02 16:54:14', NULL),
(3450, 'TNSR', 'TN-206', '2024-10-02 16:54:14', '2024-10-02 16:54:14', NULL),
(3451, 'TNSR', 'TN-211', '2024-10-02 16:54:14', '2024-10-02 16:54:14', NULL),
(3452, 'TNSR', 'TN-212', '2024-10-02 16:54:14', '2024-10-02 16:54:14', NULL),
(3453, 'TNSR', 'TN-213', '2024-10-02 16:54:14', '2024-10-02 16:54:14', NULL),
(3454, 'TNSR', 'TN-214', '2024-10-02 16:54:14', '2024-10-02 16:54:14', NULL),
(3455, 'TNSR', 'TN-215', '2024-10-02 16:54:14', '2024-10-02 16:54:14', NULL),
(3456, 'TNSR', 'TN-216', '2024-10-02 16:54:14', '2024-10-02 16:54:14', NULL),
(3457, 'TNSR', 'TN-221', '2024-10-02 16:54:14', '2024-10-02 16:54:14', NULL),
(3458, 'TNSR', 'TN-222', '2024-10-02 16:54:14', '2024-10-02 16:54:14', NULL),
(3459, 'TNSR', 'TN-223', '2024-10-02 16:54:14', '2024-10-02 16:54:14', NULL),
(3460, 'TNSR', 'TN-224', '2024-10-02 16:54:14', '2024-10-02 16:54:14', NULL),
(3461, 'TNSR', 'TN-225', '2024-10-02 16:54:14', '2024-10-02 16:54:14', NULL),
(3462, 'TNSR', 'TN-226', '2024-10-02 16:54:14', '2024-10-02 16:54:14', NULL),
(3463, 'TNSR', 'TN-231', '2024-10-02 16:54:14', '2024-10-02 16:54:14', NULL),
(3464, 'TNSR', 'TN-232', '2024-10-02 16:54:14', '2024-10-02 16:54:14', NULL),
(3465, 'TNSR', 'TN-233', '2024-10-02 16:54:14', '2024-10-02 16:54:14', NULL),
(3466, 'TNSR', 'TN-234', '2024-10-02 16:54:14', '2024-10-02 16:54:14', NULL),
(3467, 'TNSR', 'TN-235', '2024-10-02 16:54:14', '2024-10-02 16:54:14', NULL),
(3468, 'TNSR', 'TN-236', '2024-10-02 16:54:14', '2024-10-02 16:54:14', NULL),
(3469, 'TNSR', 'TN-241', '2024-10-02 16:54:14', '2024-10-02 16:54:14', NULL),
(3470, 'TNSR', 'TN-242', '2024-10-02 16:54:14', '2024-10-02 16:54:14', NULL),
(3471, 'TNSR', 'TN-243', '2024-10-02 16:54:14', '2024-10-02 16:54:14', NULL),
(3472, 'TNSR', 'TN-244', '2024-10-02 16:54:14', '2024-10-02 16:54:14', NULL),
(3473, 'TNSR', 'TN-245', '2024-10-02 16:54:14', '2024-10-02 16:54:14', NULL),
(3474, 'TNSR', 'TN-246', '2024-10-02 16:54:14', '2024-10-02 16:54:14', NULL),
(3475, 'TNSR', 'TN-251', '2024-10-02 16:54:14', '2024-10-02 16:54:14', NULL),
(3476, 'TNSR', 'TN-252', '2024-10-02 16:54:14', '2024-10-02 16:54:14', NULL),
(3477, 'TNSR', 'TN-253', '2024-10-02 16:54:14', '2024-10-02 16:54:14', NULL),
(3478, 'TNSR', 'TN-254', '2024-10-02 16:54:14', '2024-10-02 16:54:14', NULL),
(3479, 'TNSR', 'TN-255', '2024-10-02 16:54:14', '2024-10-02 16:54:14', NULL),
(3480, 'TNSR', 'TN-256', '2024-10-02 16:54:14', '2024-10-02 16:54:14', NULL),
(3481, 'TNSR', 'TN-261', '2024-10-02 16:54:14', '2024-10-02 16:54:14', NULL),
(3482, 'TNSR', 'TN-262', '2024-10-02 16:54:14', '2024-10-02 16:54:14', NULL),
(3483, 'TNSR', 'TN-263', '2024-10-02 16:54:14', '2024-10-02 16:54:14', NULL),
(3484, 'TNSR', 'TN-264', '2024-10-02 16:54:14', '2024-10-02 16:54:14', NULL),
(3485, 'TNSR', 'TN-265', '2024-10-02 16:54:14', '2024-10-02 16:54:14', NULL),
(3486, 'TNSR', 'TN-266', '2024-10-02 16:54:14', '2024-10-02 16:54:14', NULL),
(3487, 'TNSR', 'TN-271', '2024-10-02 16:54:14', '2024-10-02 16:54:14', NULL),
(3488, 'TNSR', 'TN-272', '2024-10-02 16:54:14', '2024-10-02 16:54:14', NULL),
(3489, 'TNSR', 'TN-273', '2024-10-02 16:54:14', '2024-10-02 16:54:14', NULL),
(3490, 'TNSR', 'TN-274', '2024-10-02 16:54:14', '2024-10-02 16:54:14', NULL),
(3491, 'TNSR', 'TN-275', '2024-10-02 16:54:14', '2024-10-02 16:54:14', NULL),
(3492, 'TNSR', 'TN-276', '2024-10-02 16:54:14', '2024-10-02 16:54:14', NULL),
(3493, 'TNSR', 'TN-281', '2024-10-02 16:54:14', '2024-10-02 16:54:14', NULL),
(3494, 'TNSR', 'TN-282', '2024-10-02 16:54:14', '2024-10-02 16:54:14', NULL),
(3495, 'TNSR', 'TN-283', '2024-10-02 16:54:14', '2024-10-02 16:54:14', NULL),
(3496, 'TNSR', 'TN-284', '2024-10-02 16:54:14', '2024-10-02 16:54:14', NULL),
(3497, 'TNSR', 'TN-285', '2024-10-02 16:54:14', '2024-10-02 16:54:14', NULL),
(3498, 'TNSR', 'TN-286', '2024-10-02 16:54:14', '2024-10-02 16:54:14', NULL),
(3499, 'TNSR', 'TN-291', '2024-10-02 16:54:14', '2024-10-02 16:54:14', NULL),
(3500, 'TNSR', 'TN-292', '2024-10-02 16:54:14', '2024-10-02 16:54:14', NULL),
(3501, 'TNSR', 'TN-293', '2024-10-02 16:54:14', '2024-10-02 16:54:14', NULL),
(3502, 'TNSR', 'TN-294', '2024-10-02 16:54:14', '2024-10-02 16:54:14', NULL),
(3503, 'TNSR', 'TN-295', '2024-10-02 16:54:14', '2024-10-02 16:54:14', NULL),
(3504, 'TNSR', 'TN-296', '2024-10-02 16:54:14', '2024-10-02 16:54:14', NULL),
(3505, 'TNSR', 'TN-301', '2024-10-02 16:54:14', '2024-10-02 16:54:14', NULL),
(3506, 'TNSR', 'TN-302', '2024-10-02 16:54:14', '2024-10-02 16:54:14', NULL),
(3507, 'TNSR', 'TN-303', '2024-10-02 16:54:14', '2024-10-02 16:54:14', NULL),
(3508, 'TNSR', 'TN-304', '2024-10-02 16:54:14', '2024-10-02 16:54:14', NULL),
(3509, 'TNSR', 'TN-305', '2024-10-02 16:54:14', '2024-10-02 16:54:14', NULL),
(3510, 'TNSR', 'TN-306', '2024-10-02 16:54:14', '2024-10-02 16:54:14', NULL);

--
-- Chỉ mục cho các bảng đã đổ
--

--
-- Chỉ mục cho bảng `bales`
--
ALTER TABLE `bales`
  ADD PRIMARY KEY (`id`),
  ADD KEY `bales_drum_id_foreign` (`drum_id`);

--
-- Chỉ mục cho bảng `batches`
--
ALTER TABLE `batches`
  ADD PRIMARY KEY (`id`),
  ADD KEY `batches_warehouse_bhck_id_foreign` (`warehouse_bhck_id`);

--
-- Chỉ mục cho bảng `batch_drum`
--
ALTER TABLE `batch_drum`
  ADD PRIMARY KEY (`id`),
  ADD UNIQUE KEY `batch_drum_drum_id_batch_id_unique` (`drum_id`,`batch_id`),
  ADD KEY `batch_drum_batch_id_foreign` (`batch_id`);

--
-- Chỉ mục cho bảng `cache`
--
ALTER TABLE `cache`
  ADD PRIMARY KEY (`key`);

--
-- Chỉ mục cho bảng `cache_locks`
--
ALTER TABLE `cache_locks`
  ADD PRIMARY KEY (`key`);

--
-- Chỉ mục cho bảng `companies`
--
ALTER TABLE `companies`
  ADD PRIMARY KEY (`id`);

--
-- Chỉ mục cho bảng `contract`
--
ALTER TABLE `contract`
  ADD PRIMARY KEY (`id`),
  ADD KEY `contract_contract_type_id_foreign` (`contract_type_id`),
  ADD KEY `contract_customer_id_foreign` (`customer_id`);

--
-- Chỉ mục cho bảng `contract_type`
--
ALTER TABLE `contract_type`
  ADD PRIMARY KEY (`id`);

--
-- Chỉ mục cho bảng `curing_areas`
--
ALTER TABLE `curing_areas`
  ADD PRIMARY KEY (`id`),
  ADD UNIQUE KEY `curing_areas_code_unique` (`code`);

--
-- Chỉ mục cho bảng `curing_houses`
--
ALTER TABLE `curing_houses`
  ADD PRIMARY KEY (`id`),
  ADD UNIQUE KEY `curing_houses_code_unique` (`code`);

--
-- Chỉ mục cho bảng `customer`
--
ALTER TABLE `customer`
  ADD PRIMARY KEY (`id`);

--
-- Chỉ mục cho bảng `delivery_dates`
--
ALTER TABLE `delivery_dates`
  ADD PRIMARY KEY (`id`),
  ADD KEY `delivery_dates_contract_id_foreign` (`contract_id`);

--
-- Chỉ mục cho bảng `drums`
--
ALTER TABLE `drums`
  ADD PRIMARY KEY (`id`),
  ADD KEY `drums_bale_id_foreign` (`bale_id`),
  ADD KEY `drums_batch_id_foreign` (`batch_id`),
  ADD KEY `drums_rolling_code_foreign` (`rolling_code`);

--
-- Chỉ mục cho bảng `drums_per_day`
--
ALTER TABLE `drums_per_day`
  ADD PRIMARY KEY (`id`);

--
-- Chỉ mục cho bảng `failed_jobs`
--
ALTER TABLE `failed_jobs`
  ADD PRIMARY KEY (`id`),
  ADD UNIQUE KEY `failed_jobs_uuid_unique` (`uuid`);

--
-- Chỉ mục cho bảng `farms`
--
ALTER TABLE `farms`
  ADD PRIMARY KEY (`id`),
  ADD UNIQUE KEY `farms_code_unique` (`code`),
  ADD KEY `farms_company_id_foreign` (`company_id`);

--
-- Chỉ mục cho bảng `jobs`
--
ALTER TABLE `jobs`
  ADD PRIMARY KEY (`id`),
  ADD KEY `jobs_queue_index` (`queue`);

--
-- Chỉ mục cho bảng `job_batches`
--
ALTER TABLE `job_batches`
  ADD PRIMARY KEY (`id`);

--
-- Chỉ mục cho bảng `migrations`
--
ALTER TABLE `migrations`
  ADD PRIMARY KEY (`id`);

--
-- Chỉ mục cho bảng `password_reset_tokens`
--
ALTER TABLE `password_reset_tokens`
  ADD PRIMARY KEY (`email`);

--
-- Chỉ mục cho bảng `personal_access_tokens`
--
ALTER TABLE `personal_access_tokens`
  ADD PRIMARY KEY (`id`),
  ADD UNIQUE KEY `personal_access_tokens_token_unique` (`token`),
  ADD KEY `personal_access_tokens_tokenable_type_tokenable_id_index` (`tokenable_type`,`tokenable_id`);

--
-- Chỉ mục cho bảng `plots`
--
ALTER TABLE `plots`
  ADD PRIMARY KEY (`id`),
  ADD UNIQUE KEY `plots_tenlo_nongtruong_unique` (`tenlo`,`nongtruong`);

--
-- Chỉ mục cho bảng `reset_time`
--
ALTER TABLE `reset_time`
  ADD PRIMARY KEY (`id`);

--
-- Chỉ mục cho bảng `roles`
--
ALTER TABLE `roles`
  ADD PRIMARY KEY (`id`),
  ADD UNIQUE KEY `roles_name_unique` (`name`);

--
-- Chỉ mục cho bảng `role_user`
--
ALTER TABLE `role_user`
  ADD PRIMARY KEY (`id`),
  ADD KEY `role_user_user_id_foreign` (`user_id`),
  ADD KEY `role_user_role_id_foreign` (`role_id`);

--
-- Chỉ mục cho bảng `rubber`
--
ALTER TABLE `rubber`
  ADD PRIMARY KEY (`id`),
  ADD KEY `rubber_truck_id_foreign` (`truck_id`),
  ADD KEY `rubber_farm_id_foreign` (`farm_id`),
  ADD KEY `rubber_receiving_place_id_foreign` (`receiving_place_id`);

--
-- Chỉ mục cho bảng `rubber_warehouses`
--
ALTER TABLE `rubber_warehouses`
  ADD PRIMARY KEY (`id`),
  ADD KEY `rubber_warehouses_curing_house_id_foreign` (`curing_house_id`),
  ADD KEY `rubber_warehouses_curing_area_id_foreign` (`curing_area_id`);

--
-- Chỉ mục cho bảng `sessions`
--
ALTER TABLE `sessions`
  ADD PRIMARY KEY (`id`),
  ADD KEY `sessions_user_id_index` (`user_id`),
  ADD KEY `sessions_last_activity_index` (`last_activity`);

--
-- Chỉ mục cho bảng `shipments`
--
ALTER TABLE `shipments`
  ADD PRIMARY KEY (`id`),
  ADD KEY `shipments_contract_id_foreign` (`contract_id`);

--
-- Chỉ mục cho bảng `sub_contracts`
--
ALTER TABLE `sub_contracts`
  ADD PRIMARY KEY (`id`),
  ADD KEY `sub_contracts_contract_id_foreign` (`contract_id`);

--
-- Chỉ mục cho bảng `trucks`
--
ALTER TABLE `trucks`
  ADD PRIMARY KEY (`id`),
  ADD UNIQUE KEY `trucks_code_unique` (`code`),
  ADD KEY `trucks_farm_id_foreign` (`farm_id`);

--
-- Chỉ mục cho bảng `users`
--
ALTER TABLE `users`
  ADD PRIMARY KEY (`id`),
  ADD UNIQUE KEY `users_email_unique` (`email`);

--
-- Chỉ mục cho bảng `warehouses`
--
ALTER TABLE `warehouses`
  ADD PRIMARY KEY (`id`),
  ADD KEY `warehouses_batch_id_foreign` (`batch_id`);

--
-- AUTO_INCREMENT cho các bảng đã đổ
--

--
-- AUTO_INCREMENT cho bảng `bales`
--
ALTER TABLE `bales`
  MODIFY `id` bigint(20) UNSIGNED NOT NULL AUTO_INCREMENT, AUTO_INCREMENT=3262;

--
-- AUTO_INCREMENT cho bảng `batches`
--
ALTER TABLE `batches`
  MODIFY `id` bigint(20) UNSIGNED NOT NULL AUTO_INCREMENT, AUTO_INCREMENT=1471;

--
-- AUTO_INCREMENT cho bảng `batch_drum`
--
ALTER TABLE `batch_drum`
  MODIFY `id` bigint(20) UNSIGNED NOT NULL AUTO_INCREMENT, AUTO_INCREMENT=5808;

--
-- AUTO_INCREMENT cho bảng `companies`
--
ALTER TABLE `companies`
  MODIFY `id` bigint(20) UNSIGNED NOT NULL AUTO_INCREMENT, AUTO_INCREMENT=9;

--
-- AUTO_INCREMENT cho bảng `contract`
--
ALTER TABLE `contract`
  MODIFY `id` int(10) UNSIGNED NOT NULL AUTO_INCREMENT, AUTO_INCREMENT=158;

--
-- AUTO_INCREMENT cho bảng `contract_type`
--
ALTER TABLE `contract_type`
  MODIFY `id` int(11) NOT NULL AUTO_INCREMENT, AUTO_INCREMENT=8;

--
-- AUTO_INCREMENT cho bảng `curing_areas`
--
ALTER TABLE `curing_areas`
  MODIFY `id` bigint(20) UNSIGNED NOT NULL AUTO_INCREMENT, AUTO_INCREMENT=23;

--
-- AUTO_INCREMENT cho bảng `curing_houses`
--
ALTER TABLE `curing_houses`
  MODIFY `id` bigint(20) UNSIGNED NOT NULL AUTO_INCREMENT, AUTO_INCREMENT=18;

--
-- AUTO_INCREMENT cho bảng `customer`
--
ALTER TABLE `customer`
  MODIFY `id` int(9) NOT NULL AUTO_INCREMENT, AUTO_INCREMENT=97;

--
-- AUTO_INCREMENT cho bảng `delivery_dates`
--
ALTER TABLE `delivery_dates`
  MODIFY `id` int(10) UNSIGNED NOT NULL AUTO_INCREMENT, AUTO_INCREMENT=157;

--
-- AUTO_INCREMENT cho bảng `drums`
--
ALTER TABLE `drums`
  MODIFY `id` bigint(20) UNSIGNED NOT NULL AUTO_INCREMENT, AUTO_INCREMENT=8545;

--
-- AUTO_INCREMENT cho bảng `drums_per_day`
--
ALTER TABLE `drums_per_day`
  MODIFY `id` bigint(20) UNSIGNED NOT NULL AUTO_INCREMENT;

--
-- AUTO_INCREMENT cho bảng `failed_jobs`
--
ALTER TABLE `failed_jobs`
  MODIFY `id` bigint(20) UNSIGNED NOT NULL AUTO_INCREMENT;

--
-- AUTO_INCREMENT cho bảng `farms`
--
ALTER TABLE `farms`
  MODIFY `id` bigint(20) UNSIGNED NOT NULL AUTO_INCREMENT, AUTO_INCREMENT=15;

--
-- AUTO_INCREMENT cho bảng `jobs`
--
ALTER TABLE `jobs`
  MODIFY `id` bigint(20) UNSIGNED NOT NULL AUTO_INCREMENT;

--
-- AUTO_INCREMENT cho bảng `migrations`
--
ALTER TABLE `migrations`
  MODIFY `id` int(10) UNSIGNED NOT NULL AUTO_INCREMENT, AUTO_INCREMENT=41;

--
-- AUTO_INCREMENT cho bảng `personal_access_tokens`
--
ALTER TABLE `personal_access_tokens`
  MODIFY `id` bigint(20) UNSIGNED NOT NULL AUTO_INCREMENT, AUTO_INCREMENT=16;

--
-- AUTO_INCREMENT cho bảng `plots`
--
ALTER TABLE `plots`
  MODIFY `id` int(10) UNSIGNED NOT NULL AUTO_INCREMENT, AUTO_INCREMENT=732;

--
-- AUTO_INCREMENT cho bảng `reset_time`
--
ALTER TABLE `reset_time`
  MODIFY `id` int(11) NOT NULL AUTO_INCREMENT, AUTO_INCREMENT=2;

--
-- AUTO_INCREMENT cho bảng `roles`
--
ALTER TABLE `roles`
  MODIFY `id` bigint(20) UNSIGNED NOT NULL AUTO_INCREMENT, AUTO_INCREMENT=17;

--
-- AUTO_INCREMENT cho bảng `role_user`
--
ALTER TABLE `role_user`
  MODIFY `id` bigint(20) UNSIGNED NOT NULL AUTO_INCREMENT, AUTO_INCREMENT=42;

--
-- AUTO_INCREMENT cho bảng `rubber`
--
ALTER TABLE `rubber`
  MODIFY `id` bigint(20) UNSIGNED NOT NULL AUTO_INCREMENT, AUTO_INCREMENT=522;

--
-- AUTO_INCREMENT cho bảng `rubber_warehouses`
--
ALTER TABLE `rubber_warehouses`
  MODIFY `id` bigint(20) UNSIGNED NOT NULL AUTO_INCREMENT, AUTO_INCREMENT=98;

--
-- AUTO_INCREMENT cho bảng `shipments`
--
ALTER TABLE `shipments`
  MODIFY `id` int(10) UNSIGNED NOT NULL AUTO_INCREMENT, AUTO_INCREMENT=59;

--
-- AUTO_INCREMENT cho bảng `sub_contracts`
--
ALTER TABLE `sub_contracts`
  MODIFY `id` bigint(20) UNSIGNED NOT NULL AUTO_INCREMENT, AUTO_INCREMENT=20;

--
-- AUTO_INCREMENT cho bảng `trucks`
--
ALTER TABLE `trucks`
  MODIFY `id` bigint(20) UNSIGNED NOT NULL AUTO_INCREMENT, AUTO_INCREMENT=48;

--
-- AUTO_INCREMENT cho bảng `users`
--
ALTER TABLE `users`
  MODIFY `id` bigint(20) UNSIGNED NOT NULL AUTO_INCREMENT, AUTO_INCREMENT=20;

--
-- AUTO_INCREMENT cho bảng `warehouses`
--
ALTER TABLE `warehouses`
  MODIFY `id` bigint(20) UNSIGNED NOT NULL AUTO_INCREMENT, AUTO_INCREMENT=3511;

--
-- Các ràng buộc cho các bảng đã đổ
--

--
-- Các ràng buộc cho bảng `bales`
--
ALTER TABLE `bales`
  ADD CONSTRAINT `bales_drum_id_foreign` FOREIGN KEY (`drum_id`) REFERENCES `drums` (`id`) ON DELETE CASCADE;

--
-- Các ràng buộc cho bảng `batches`
--
ALTER TABLE `batches`
  ADD CONSTRAINT `batches_warehouse_bhck_id_foreign` FOREIGN KEY (`warehouse_bhck_id`) REFERENCES `bhck_warehouse` (`id`) ON DELETE SET NULL;

--
-- Các ràng buộc cho bảng `batch_drum`
--
ALTER TABLE `batch_drum`
  ADD CONSTRAINT `batch_drum_batch_id_foreign` FOREIGN KEY (`batch_id`) REFERENCES `batches` (`id`) ON DELETE CASCADE,
  ADD CONSTRAINT `batch_drum_drum_id_foreign` FOREIGN KEY (`drum_id`) REFERENCES `drums` (`id`) ON DELETE CASCADE;

--
-- Các ràng buộc cho bảng `contract`
--
ALTER TABLE `contract`
  ADD CONSTRAINT `contract_contract_type_id_foreign` FOREIGN KEY (`contract_type_id`) REFERENCES `contract_type` (`id`) ON DELETE SET NULL,
  ADD CONSTRAINT `contract_customer_id_foreign` FOREIGN KEY (`customer_id`) REFERENCES `customer` (`id`) ON DELETE SET NULL;

--
-- Các ràng buộc cho bảng `delivery_dates`
--
ALTER TABLE `delivery_dates`
  ADD CONSTRAINT `delivery_dates_contract_id_foreign` FOREIGN KEY (`contract_id`) REFERENCES `contract` (`id`) ON DELETE CASCADE;

--
-- Các ràng buộc cho bảng `drums`
--
ALTER TABLE `drums`
  ADD CONSTRAINT `drums_bale_id_foreign` FOREIGN KEY (`bale_id`) REFERENCES `bales` (`id`) ON DELETE SET NULL,
  ADD CONSTRAINT `drums_batch_id_foreign` FOREIGN KEY (`batch_id`) REFERENCES `batches` (`id`) ON DELETE SET NULL,
  ADD CONSTRAINT `drums_rolling_code_foreign` FOREIGN KEY (`rolling_code`) REFERENCES `rubber_warehouses` (`id`) ON DELETE CASCADE;

--
-- Các ràng buộc cho bảng `farms`
--
ALTER TABLE `farms`
  ADD CONSTRAINT `farms_company_id_foreign` FOREIGN KEY (`company_id`) REFERENCES `companies` (`id`) ON DELETE SET NULL;

--
-- Các ràng buộc cho bảng `role_user`
--
ALTER TABLE `role_user`
  ADD CONSTRAINT `role_user_role_id_foreign` FOREIGN KEY (`role_id`) REFERENCES `roles` (`id`) ON DELETE CASCADE,
  ADD CONSTRAINT `role_user_user_id_foreign` FOREIGN KEY (`user_id`) REFERENCES `users` (`id`) ON DELETE CASCADE;

--
-- Các ràng buộc cho bảng `rubber`
--
ALTER TABLE `rubber`
  ADD CONSTRAINT `rubber_farm_id_foreign` FOREIGN KEY (`farm_id`) REFERENCES `farms` (`id`) ON DELETE SET NULL,
  ADD CONSTRAINT `rubber_receiving_place_id_foreign` FOREIGN KEY (`receiving_place_id`) REFERENCES `curing_areas` (`id`) ON DELETE SET NULL,
  ADD CONSTRAINT `rubber_truck_id_foreign` FOREIGN KEY (`truck_id`) REFERENCES `trucks` (`id`) ON DELETE SET NULL;

--
-- Các ràng buộc cho bảng `rubber_warehouses`
--
ALTER TABLE `rubber_warehouses`
  ADD CONSTRAINT `rubber_warehouses_curing_area_id_foreign` FOREIGN KEY (`curing_area_id`) REFERENCES `curing_areas` (`id`) ON DELETE CASCADE,
  ADD CONSTRAINT `rubber_warehouses_curing_house_id_foreign` FOREIGN KEY (`curing_house_id`) REFERENCES `curing_houses` (`id`) ON DELETE CASCADE;

--
-- Các ràng buộc cho bảng `shipments`
--
ALTER TABLE `shipments`
  ADD CONSTRAINT `shipments_contract_id_foreign` FOREIGN KEY (`contract_id`) REFERENCES `contract` (`id`) ON DELETE CASCADE;

--
-- Các ràng buộc cho bảng `sub_contracts`
--
ALTER TABLE `sub_contracts`
  ADD CONSTRAINT `sub_contracts_contract_id_foreign` FOREIGN KEY (`contract_id`) REFERENCES `contract` (`id`) ON DELETE CASCADE;

--
-- Các ràng buộc cho bảng `trucks`
--
ALTER TABLE `trucks`
  ADD CONSTRAINT `trucks_farm_id_foreign` FOREIGN KEY (`farm_id`) REFERENCES `farms` (`id`) ON DELETE CASCADE;

--
-- Các ràng buộc cho bảng `warehouses`
--
ALTER TABLE `warehouses`
  ADD CONSTRAINT `warehouses_batch_id_foreign` FOREIGN KEY (`batch_id`) REFERENCES `batches` (`id`) ON DELETE SET NULL;
COMMIT;

/*!40101 SET CHARACTER_SET_CLIENT=@OLD_CHARACTER_SET_CLIENT */;
/*!40101 SET CHARACTER_SET_RESULTS=@OLD_CHARACTER_SET_RESULTS */;
/*!40101 SET COLLATION_CONNECTION=@OLD_COLLATION_CONNECTION */;
