"id","name","code","created_at","updated_at","batch_id"
"841","A1-BHCK","A1-BHCK-11","2024-10-20 09:56:05","2024-10-20 09:56:05",NULL
"842","A1-BHCK","A1-BHCK-12","2024-10-20 09:56:05","2024-10-20 09:56:05",NULL
"843","A1-BHCK","A1-BHCK-13","2024-10-20 09:56:05","2024-10-20 09:56:05",NULL
"844","A1-BHCK","A1-BHCK-14","2024-10-20 09:56:05","2024-10-20 09:56:05",NULL
"845","A1-BHCK","A1-BHCK-15","2024-10-20 09:56:05","2024-10-20 09:56:05",NULL
"846","A1-BHCK","A1-BHCK-16","2024-10-20 09:56:05","2024-10-20 09:56:05",NULL
"847","A1-BHCK","A1-BHCK-21","2024-10-20 09:56:05","2024-10-20 09:56:05",NULL
"848","A1-BHCK","A1-BHCK-22","2024-10-20 09:56:05","2024-10-20 09:56:05",NULL
"849","A1-BHCK","A1-BHCK-23","2024-10-20 09:56:05","2024-10-20 09:56:05",NULL
"850","A1-BHCK","A1-BHCK-24","2024-10-20 09:56:05","2024-10-20 09:56:05",NULL
"851","A1-BHCK","A1-BHCK-25","2024-10-20 09:56:05","2024-10-20 09:56:05",NULL
"852","A1-BHCK","A1-BHCK-26","2024-10-20 09:56:05","2024-10-20 09:56:05",NULL
"853","A1-BHCK","A1-BHCK-31","2024-10-20 09:56:05","2024-10-20 09:56:05",NULL
"854","A1-BHCK","A1-BHCK-32","2024-10-20 09:56:05","2024-10-20 09:56:05",NULL
"855","A1-BHCK","A1-BHCK-33","2024-10-20 09:56:05","2024-10-20 09:56:05",NULL
"856","A1-BHCK","A1-BHCK-34","2024-10-20 09:56:05","2024-10-20 09:56:05",NULL
"857","A1-BHCK","A1-BHCK-35","2024-10-20 09:56:05","2024-10-20 09:56:05",NULL
"858","A1-BHCK","A1-BHCK-36","2024-10-20 09:56:05","2024-10-20 09:56:05",NULL
"859","A1-BHCK","A1-BHCK-41","2024-10-20 09:56:05","2024-10-20 09:56:05",NULL
"860","A1-BHCK","A1-BHCK-42","2024-10-20 09:56:05","2024-10-20 09:56:05",NULL
"861","A1-BHCK","A1-BHCK-43","2024-10-20 09:56:05","2024-10-20 09:56:05",NULL
"862","A1-BHCK","A1-BHCK-44","2024-10-20 09:56:05","2024-10-20 09:56:05",NULL
"863","A1-BHCK","A1-BHCK-45","2024-10-20 09:56:05","2024-10-20 09:56:05",NULL
"864","A1-BHCK","A1-BHCK-46","2024-10-20 09:56:05","2024-10-20 09:56:05",NULL
"865","A1-BHCK","A1-BHCK-51","2024-10-20 09:56:05","2024-10-20 09:56:05",NULL
"866","A1-BHCK","A1-BHCK-52","2024-10-20 09:56:05","2024-10-20 09:56:05",NULL
"867","A1-BHCK","A1-BHCK-53","2024-10-20 09:56:05","2024-10-20 09:56:05",NULL
"868","A1-BHCK","A1-BHCK-54","2024-10-20 09:56:05","2024-10-20 09:56:05",NULL
"869","A1-BHCK","A1-BHCK-55","2024-10-20 09:56:05","2024-10-20 09:56:05",NULL
"870","A1-BHCK","A1-BHCK-56","2024-10-20 09:56:05","2024-10-20 09:56:05",NULL
"871","A1-BHCK","A1-BHCK-61","2024-10-20 09:56:05","2024-10-20 09:56:05",NULL
"872","A1-BHCK","A1-BHCK-62","2024-10-20 09:56:05","2024-10-20 09:56:05",NULL
"873","A1-BHCK","A1-BHCK-63","2024-10-20 09:56:05","2024-10-20 09:56:05",NULL
"874","A1-BHCK","A1-BHCK-64","2024-10-20 09:56:05","2024-10-20 09:56:05",NULL
"875","A1-BHCK","A1-BHCK-65","2024-10-20 09:56:05","2024-10-20 09:56:05",NULL
"876","A1-BHCK","A1-BHCK-66","2024-10-20 09:56:05","2024-10-20 09:56:05",NULL
"877","A1-BHCK","A1-BHCK-71","2024-10-20 09:56:05","2024-10-20 09:56:05",NULL
"878","A1-BHCK","A1-BHCK-72","2024-10-20 09:56:05","2024-10-20 09:56:05",NULL
"879","A1-BHCK","A1-BHCK-73","2024-10-20 09:56:05","2024-10-20 09:56:05",NULL
"880","A1-BHCK","A1-BHCK-74","2024-10-20 09:56:05","2024-10-20 09:56:05",NULL
"881","A1-BHCK","A1-BHCK-75","2024-10-20 09:56:05","2024-10-20 09:56:05",NULL
"882","A1-BHCK","A1-BHCK-76","2024-10-20 09:56:05","2024-10-20 09:56:05",NULL
"883","A1-BHCK","A1-BHCK-81","2024-10-20 09:56:05","2024-10-20 09:56:05",NULL
"884","A1-BHCK","A1-BHCK-82","2024-10-20 09:56:05","2024-10-20 09:56:05",NULL
"885","A1-BHCK","A1-BHCK-83","2024-10-20 09:56:05","2024-10-20 09:56:05",NULL
"886","A1-BHCK","A1-BHCK-84","2024-10-20 09:56:05","2024-10-20 09:56:05",NULL
"887","A1-BHCK","A1-BHCK-85","2024-10-20 09:56:05","2024-10-20 09:56:05",NULL
"888","A1-BHCK","A1-BHCK-86","2024-10-20 09:56:05","2024-10-20 09:56:05",NULL
"889","A2-BHCK","A2-BHCK-11","2024-10-20 09:56:30","2024-10-20 09:56:30",NULL
"890","A2-BHCK","A2-BHCK-12","2024-10-20 09:56:30","2024-10-20 09:56:30",NULL
"891","A2-BHCK","A2-BHCK-13","2024-10-20 09:56:30","2024-10-20 09:56:30",NULL
"892","A2-BHCK","A2-BHCK-14","2024-10-20 09:56:30","2024-10-20 09:56:30",NULL
"893","A2-BHCK","A2-BHCK-15","2024-10-20 09:56:30","2024-10-20 09:56:30",NULL
"894","A2-BHCK","A2-BHCK-16","2024-10-20 09:56:30","2024-10-20 09:56:30",NULL
"895","A2-BHCK","A2-BHCK-21","2024-10-20 09:56:30","2024-10-20 09:56:30",NULL
"896","A2-BHCK","A2-BHCK-22","2024-10-20 09:56:30","2024-10-20 09:56:30",NULL
"897","A2-BHCK","A2-BHCK-23","2024-10-20 09:56:30","2024-10-20 09:56:30",NULL
"898","A2-BHCK","A2-BHCK-24","2024-10-20 09:56:30","2024-10-20 09:56:30",NULL
"899","A2-BHCK","A2-BHCK-25","2024-10-20 09:56:30","2024-10-20 09:56:30",NULL
"900","A2-BHCK","A2-BHCK-26","2024-10-20 09:56:30","2024-10-20 09:56:30",NULL
"901","A2-BHCK","A2-BHCK-31","2024-10-20 09:56:30","2024-10-20 09:56:30",NULL
"902","A2-BHCK","A2-BHCK-32","2024-10-20 09:56:30","2024-10-20 09:56:30",NULL
"903","A2-BHCK","A2-BHCK-33","2024-10-20 09:56:30","2024-10-20 09:56:30",NULL
"904","A2-BHCK","A2-BHCK-34","2024-10-20 09:56:30","2024-10-20 09:56:30",NULL
"905","A2-BHCK","A2-BHCK-35","2024-10-20 09:56:30","2024-10-20 09:56:30",NULL
"906","A2-BHCK","A2-BHCK-36","2024-10-20 09:56:30","2024-10-20 09:56:30",NULL
"907","A2-BHCK","A2-BHCK-41","2024-10-20 09:56:30","2024-10-20 09:56:30",NULL
"908","A2-BHCK","A2-BHCK-42","2024-10-20 09:56:30","2024-10-20 09:56:30",NULL
"909","A2-BHCK","A2-BHCK-43","2024-10-20 09:56:30","2024-10-20 09:56:30",NULL
"910","A2-BHCK","A2-BHCK-44","2024-10-20 09:56:30","2024-10-20 09:56:30",NULL
"911","A2-BHCK","A2-BHCK-45","2024-10-20 09:56:30","2024-10-20 09:56:30",NULL
"912","A2-BHCK","A2-BHCK-46","2024-10-20 09:56:30","2024-10-20 09:56:30",NULL
"913","A2-BHCK","A2-BHCK-51","2024-10-20 09:56:30","2024-10-20 09:56:30",NULL
"914","A2-BHCK","A2-BHCK-52","2024-10-20 09:56:30","2024-10-20 09:56:30",NULL
"915","A2-BHCK","A2-BHCK-53","2024-10-20 09:56:30","2024-10-20 09:56:30",NULL
"916","A2-BHCK","A2-BHCK-54","2024-10-20 09:56:30","2024-10-20 09:56:30",NULL
"917","A2-BHCK","A2-BHCK-55","2024-10-20 09:56:30","2024-10-20 09:56:30",NULL
"918","A2-BHCK","A2-BHCK-56","2024-10-20 09:56:30","2024-10-20 09:56:30",NULL
"919","A2-BHCK","A2-BHCK-61","2024-10-20 09:56:30","2024-10-20 09:56:30",NULL
"920","A2-BHCK","A2-BHCK-62","2024-10-20 09:56:30","2024-10-20 09:56:30",NULL
"921","A2-BHCK","A2-BHCK-63","2024-10-20 09:56:30","2024-10-20 09:56:30",NULL
"922","A2-BHCK","A2-BHCK-64","2024-10-20 09:56:30","2024-10-20 09:56:30",NULL
"923","A2-BHCK","A2-BHCK-65","2024-10-20 09:56:30","2024-10-20 09:56:30",NULL
"924","A2-BHCK","A2-BHCK-66","2024-10-20 09:56:30","2024-10-20 09:56:30",NULL
"925","A2-BHCK","A2-BHCK-71","2024-10-20 09:56:30","2024-10-20 09:56:30",NULL
"926","A2-BHCK","A2-BHCK-72","2024-10-20 09:56:30","2024-10-20 09:56:30",NULL
"927","A2-BHCK","A2-BHCK-73","2024-10-20 09:56:30","2024-10-20 09:56:30",NULL
"928","A2-BHCK","A2-BHCK-74","2024-10-20 09:56:30","2024-10-20 09:56:30",NULL
"929","A2-BHCK","A2-BHCK-75","2024-10-20 09:56:30","2024-10-20 09:56:30",NULL
"930","A2-BHCK","A2-BHCK-76","2024-10-20 09:56:30","2024-10-20 09:56:30",NULL
"931","A2-BHCK","A2-BHCK-81","2024-10-20 09:56:30","2024-10-20 09:56:30",NULL
"932","A2-BHCK","A2-BHCK-82","2024-10-20 09:56:30","2024-10-20 09:56:30",NULL
"933","A2-BHCK","A2-BHCK-83","2024-10-20 09:56:30","2024-10-20 09:56:30",NULL
"934","A2-BHCK","A2-BHCK-84","2024-10-20 09:56:30","2024-10-20 09:56:30",NULL
"935","A2-BHCK","A2-BHCK-85","2024-10-20 09:56:30","2024-10-20 09:56:30",NULL
"936","A2-BHCK","A2-BHCK-86","2024-10-20 09:56:30","2024-10-20 09:56:30",NULL
"937","A2-BHCK","A2-BHCK-91","2024-10-20 09:56:30","2024-10-20 09:56:30",NULL
"938","A2-BHCK","A2-BHCK-92","2024-10-20 09:56:30","2024-10-20 09:56:30",NULL
"939","A2-BHCK","A2-BHCK-93","2024-10-20 09:56:30","2024-10-20 09:56:30",NULL
"940","A2-BHCK","A2-BHCK-94","2024-10-20 09:56:30","2024-10-20 09:56:30",NULL
"941","A2-BHCK","A2-BHCK-95","2024-10-20 09:56:30","2024-10-20 09:56:30",NULL
"942","A2-BHCK","A2-BHCK-96","2024-10-20 09:56:30","2024-10-20 09:56:30",NULL
"943","A2-BHCK","A2-BHCK-101","2024-10-20 09:56:30","2024-10-20 09:56:30",NULL
"944","A2-BHCK","A2-BHCK-102","2024-10-20 09:56:30","2024-10-20 09:56:30",NULL
"945","A2-BHCK","A2-BHCK-103","2024-10-20 09:56:30","2024-10-20 09:56:30",NULL
"946","A2-BHCK","A2-BHCK-104","2024-10-20 09:56:30","2024-10-20 09:56:30",NULL
"947","A2-BHCK","A2-BHCK-105","2024-10-20 09:56:30","2024-10-20 09:56:30",NULL
"948","A2-BHCK","A2-BHCK-106","2024-10-20 09:56:30","2024-10-20 09:56:30",NULL
"949","A2-BHCK","A2-BHCK-111","2024-10-20 09:56:30","2024-10-20 09:56:30",NULL
"950","A2-BHCK","A2-BHCK-112","2024-10-20 09:56:30","2024-10-20 09:56:30",NULL
"951","A2-BHCK","A2-BHCK-113","2024-10-20 09:56:30","2024-10-20 09:56:30",NULL
"952","A2-BHCK","A2-BHCK-114","2024-10-20 09:56:30","2024-10-20 09:56:30",NULL
"953","A2-BHCK","A2-BHCK-115","2024-10-20 09:56:30","2024-10-20 09:56:30",NULL
"954","A2-BHCK","A2-BHCK-116","2024-10-20 09:56:30","2024-10-20 09:56:30",NULL
"955","A2-BHCK","A2-BHCK-121","2024-10-20 09:56:30","2024-10-20 09:56:30",NULL
"956","A2-BHCK","A2-BHCK-122","2024-10-20 09:56:30","2024-10-20 09:56:30",NULL
"957","A2-BHCK","A2-BHCK-123","2024-10-20 09:56:30","2024-10-20 09:56:30",NULL
"958","A2-BHCK","A2-BHCK-124","2024-10-20 09:56:30","2024-10-20 09:56:30",NULL
"959","A2-BHCK","A2-BHCK-125","2024-10-20 09:56:30","2024-10-20 09:56:30",NULL
"960","A2-BHCK","A2-BHCK-126","2024-10-20 09:56:30","2024-10-20 09:56:30",NULL
"961","A3-BHCK","A3-BHCK-11","2024-10-20 09:57:06","2024-10-20 09:57:06",NULL
"962","A3-BHCK","A3-BHCK-12","2024-10-20 09:57:06","2024-10-20 09:57:06",NULL
"963","A3-BHCK","A3-BHCK-13","2024-10-20 09:57:06","2024-10-20 09:57:06",NULL
"964","A3-BHCK","A3-BHCK-14","2024-10-20 09:57:06","2024-10-20 09:57:06",NULL
"965","A3-BHCK","A3-BHCK-15","2024-10-20 09:57:06","2024-10-20 09:57:06",NULL
"966","A3-BHCK","A3-BHCK-16","2024-10-20 09:57:06","2024-10-20 09:57:06",NULL
"967","A3-BHCK","A3-BHCK-21","2024-10-20 09:57:06","2024-10-20 09:57:06",NULL
"968","A3-BHCK","A3-BHCK-22","2024-10-20 09:57:06","2024-10-20 09:57:06",NULL
"969","A3-BHCK","A3-BHCK-23","2024-10-20 09:57:06","2024-10-20 09:57:06",NULL
"970","A3-BHCK","A3-BHCK-24","2024-10-20 09:57:06","2024-10-20 09:57:06",NULL
"971","A3-BHCK","A3-BHCK-25","2024-10-20 09:57:06","2024-10-20 09:57:06",NULL
"972","A3-BHCK","A3-BHCK-26","2024-10-20 09:57:06","2024-10-20 09:57:06",NULL
"973","A3-BHCK","A3-BHCK-31","2024-10-20 09:57:06","2024-10-20 09:57:06",NULL
"974","A3-BHCK","A3-BHCK-32","2024-10-20 09:57:06","2024-10-20 09:57:06",NULL
"975","A3-BHCK","A3-BHCK-33","2024-10-20 09:57:06","2024-10-20 09:57:06",NULL
"976","A3-BHCK","A3-BHCK-34","2024-10-20 09:57:06","2024-10-20 09:57:06",NULL
"977","A3-BHCK","A3-BHCK-35","2024-10-20 09:57:06","2024-10-20 09:57:06",NULL
"978","A3-BHCK","A3-BHCK-36","2024-10-20 09:57:06","2024-10-20 09:57:06",NULL
"979","A3-BHCK","A3-BHCK-41","2024-10-20 09:57:06","2024-10-20 09:57:06",NULL
"980","A3-BHCK","A3-BHCK-42","2024-10-20 09:57:06","2024-10-20 09:57:06",NULL
"981","A3-BHCK","A3-BHCK-43","2024-10-20 09:57:06","2024-10-20 09:57:06",NULL
"982","A3-BHCK","A3-BHCK-44","2024-10-20 09:57:06","2024-10-20 09:57:06",NULL
"983","A3-BHCK","A3-BHCK-45","2024-10-20 09:57:06","2024-10-20 09:57:06",NULL
"984","A3-BHCK","A3-BHCK-46","2024-10-20 09:57:06","2024-10-20 09:57:06",NULL
"985","A3-BHCK","A3-BHCK-51","2024-10-20 09:57:06","2024-10-20 09:57:06",NULL
"986","A3-BHCK","A3-BHCK-52","2024-10-20 09:57:06","2024-10-20 09:57:06",NULL
"987","A3-BHCK","A3-BHCK-53","2024-10-20 09:57:06","2024-10-20 09:57:06",NULL
"988","A3-BHCK","A3-BHCK-54","2024-10-20 09:57:06","2024-10-20 09:57:06",NULL
"989","A3-BHCK","A3-BHCK-55","2024-10-20 09:57:06","2024-10-20 09:57:06",NULL
"990","A3-BHCK","A3-BHCK-56","2024-10-20 09:57:06","2024-10-20 09:57:06",NULL
"991","A3-BHCK","A3-BHCK-61","2024-10-20 09:57:06","2024-10-20 09:57:06",NULL
"992","A3-BHCK","A3-BHCK-62","2024-10-20 09:57:06","2024-10-20 09:57:06",NULL
"993","A3-BHCK","A3-BHCK-63","2024-10-20 09:57:06","2024-10-20 09:57:06",NULL
"994","A3-BHCK","A3-BHCK-64","2024-10-20 09:57:06","2024-10-20 09:57:06",NULL
"995","A3-BHCK","A3-BHCK-65","2024-10-20 09:57:06","2024-10-20 09:57:06",NULL
"996","A3-BHCK","A3-BHCK-66","2024-10-20 09:57:06","2024-10-20 09:57:06",NULL
"997","A3-BHCK","A3-BHCK-71","2024-10-20 09:57:06","2024-10-20 09:57:06",NULL
"998","A3-BHCK","A3-BHCK-72","2024-10-20 09:57:06","2024-10-20 09:57:06",NULL
"999","A3-BHCK","A3-BHCK-73","2024-10-20 09:57:06","2024-10-20 09:57:06",NULL
"1000","A3-BHCK","A3-BHCK-74","2024-10-20 09:57:06","2024-10-20 09:57:06",NULL
"1001","A3-BHCK","A3-BHCK-75","2024-10-20 09:57:06","2024-10-20 09:57:06",NULL
"1002","A3-BHCK","A3-BHCK-76","2024-10-20 09:57:06","2024-10-20 09:57:06",NULL
"1003","A3-BHCK","A3-BHCK-81","2024-10-20 09:57:06","2024-10-20 09:57:06",NULL
"1004","A3-BHCK","A3-BHCK-82","2024-10-20 09:57:06","2024-10-20 09:57:06",NULL
"1005","A3-BHCK","A3-BHCK-83","2024-10-20 09:57:06","2024-10-20 09:57:06",NULL
"1006","A3-BHCK","A3-BHCK-84","2024-10-20 09:57:06","2024-10-20 09:57:06",NULL
"1007","A3-BHCK","A3-BHCK-85","2024-10-20 09:57:06","2024-10-20 09:57:06",NULL
"1008","A3-BHCK","A3-BHCK-86","2024-10-20 09:57:06","2024-10-20 09:57:06",NULL
"1009","A3-BHCK","A3-BHCK-91","2024-10-20 09:57:06","2024-10-20 09:57:06",NULL
"1010","A3-BHCK","A3-BHCK-92","2024-10-20 09:57:06","2024-10-20 09:57:06",NULL
"1011","A3-BHCK","A3-BHCK-93","2024-10-20 09:57:06","2024-10-20 09:57:06",NULL
"1012","A3-BHCK","A3-BHCK-94","2024-10-20 09:57:06","2024-10-20 09:57:06",NULL
"1013","A3-BHCK","A3-BHCK-95","2024-10-20 09:57:06","2024-10-20 09:57:06",NULL
"1014","A3-BHCK","A3-BHCK-96","2024-10-20 09:57:06","2024-10-20 09:57:06",NULL
"1015","A3-BHCK","A3-BHCK-101","2024-10-20 09:57:06","2024-10-20 09:57:06",NULL
"1016","A3-BHCK","A3-BHCK-102","2024-10-20 09:57:06","2024-10-20 09:57:06",NULL
"1017","A3-BHCK","A3-BHCK-103","2024-10-20 09:57:06","2024-10-20 09:57:06",NULL
"1018","A3-BHCK","A3-BHCK-104","2024-10-20 09:57:06","2024-10-20 09:57:06",NULL
"1019","A3-BHCK","A3-BHCK-105","2024-10-20 09:57:06","2024-10-20 09:57:06",NULL
"1020","A3-BHCK","A3-BHCK-106","2024-10-20 09:57:06","2024-10-20 09:57:06",NULL
"1021","A3-BHCK","A3-BHCK-111","2024-10-20 09:57:06","2024-10-20 09:57:06",NULL
"1022","A3-BHCK","A3-BHCK-112","2024-10-20 09:57:06","2024-10-20 09:57:06",NULL
"1023","A3-BHCK","A3-BHCK-113","2024-10-20 09:57:06","2024-10-20 09:57:06",NULL
"1024","A3-BHCK","A3-BHCK-114","2024-10-20 09:57:06","2024-10-20 09:57:06",NULL
"1025","A3-BHCK","A3-BHCK-115","2024-10-20 09:57:06","2024-10-20 09:57:06",NULL
"1026","A3-BHCK","A3-BHCK-116","2024-10-20 09:57:06","2024-10-20 09:57:06",NULL
"1027","A3-BHCK","A3-BHCK-121","2024-10-20 09:57:06","2024-10-20 09:57:06",NULL
"1028","A3-BHCK","A3-BHCK-122","2024-10-20 09:57:06","2024-10-20 09:57:06",NULL
"1029","A3-BHCK","A3-BHCK-123","2024-10-20 09:57:06","2024-10-20 09:57:06",NULL
"1030","A3-BHCK","A3-BHCK-124","2024-10-20 09:57:06","2024-10-20 09:57:06",NULL
"1031","A3-BHCK","A3-BHCK-125","2024-10-20 09:57:06","2024-10-20 09:57:06",NULL
"1032","A3-BHCK","A3-BHCK-126","2024-10-20 09:57:06","2024-10-20 09:57:06",NULL
"1033","B1-BHCK","B1-BHCK-11","2024-10-20 09:59:04","2024-10-20 09:59:04",NULL
"1034","B1-BHCK","B1-BHCK-12","2024-10-20 09:59:04","2024-10-20 09:59:04",NULL
"1035","B1-BHCK","B1-BHCK-13","2024-10-20 09:59:04","2024-10-20 09:59:04",NULL
"1036","B1-BHCK","B1-BHCK-14","2024-10-20 09:59:04","2024-10-20 09:59:04",NULL
"1037","B1-BHCK","B1-BHCK-15","2024-10-20 09:59:04","2024-10-20 09:59:04",NULL
"1038","B1-BHCK","B1-BHCK-16","2024-10-20 09:59:04","2024-10-20 09:59:04",NULL
"1039","B1-BHCK","B1-BHCK-21","2024-10-20 09:59:04","2024-10-20 09:59:04",NULL
"1040","B1-BHCK","B1-BHCK-22","2024-10-20 09:59:04","2024-10-20 09:59:04",NULL
"1041","B1-BHCK","B1-BHCK-23","2024-10-20 09:59:04","2024-10-20 09:59:04",NULL
"1042","B1-BHCK","B1-BHCK-24","2024-10-20 09:59:04","2024-10-20 09:59:04",NULL
"1043","B1-BHCK","B1-BHCK-25","2024-10-20 09:59:04","2024-10-20 09:59:04",NULL
"1044","B1-BHCK","B1-BHCK-26","2024-10-20 09:59:04","2024-10-20 09:59:04",NULL
"1045","B1-BHCK","B1-BHCK-31","2024-10-20 09:59:04","2024-10-20 09:59:04",NULL
"1046","B1-BHCK","B1-BHCK-32","2024-10-20 09:59:04","2024-10-20 09:59:04",NULL
"1047","B1-BHCK","B1-BHCK-33","2024-10-20 09:59:04","2024-10-20 09:59:04",NULL
"1048","B1-BHCK","B1-BHCK-34","2024-10-20 09:59:04","2024-10-20 09:59:04",NULL
"1049","B1-BHCK","B1-BHCK-35","2024-10-20 09:59:04","2024-10-20 09:59:04",NULL
"1050","B1-BHCK","B1-BHCK-36","2024-10-20 09:59:04","2024-10-20 09:59:04",NULL
"1051","B1-BHCK","B1-BHCK-41","2024-10-20 09:59:04","2024-10-20 09:59:04",NULL
"1052","B1-BHCK","B1-BHCK-42","2024-10-20 09:59:04","2024-10-20 09:59:04",NULL
"1053","B1-BHCK","B1-BHCK-43","2024-10-20 09:59:04","2024-10-20 09:59:04",NULL
"1054","B1-BHCK","B1-BHCK-44","2024-10-20 09:59:04","2024-10-20 09:59:04",NULL
"1055","B1-BHCK","B1-BHCK-45","2024-10-20 09:59:04","2024-10-20 09:59:04",NULL
"1056","B1-BHCK","B1-BHCK-46","2024-10-20 09:59:04","2024-10-20 09:59:04",NULL
"1057","B1-BHCK","B1-BHCK-51","2024-10-20 09:59:04","2024-10-20 09:59:04",NULL
"1058","B1-BHCK","B1-BHCK-52","2024-10-20 09:59:04","2024-10-20 09:59:04",NULL
"1059","B1-BHCK","B1-BHCK-53","2024-10-20 09:59:04","2024-10-20 09:59:04",NULL
"1060","B1-BHCK","B1-BHCK-54","2024-10-20 09:59:04","2024-10-20 09:59:04",NULL
"1061","B1-BHCK","B1-BHCK-55","2024-10-20 09:59:04","2024-10-20 09:59:04",NULL
"1062","B1-BHCK","B1-BHCK-56","2024-10-20 09:59:04","2024-10-20 09:59:04",NULL
"1063","B1-BHCK","B1-BHCK-61","2024-10-20 09:59:04","2024-10-20 09:59:04",NULL
"1064","B1-BHCK","B1-BHCK-62","2024-10-20 09:59:04","2024-10-20 09:59:04",NULL
"1065","B1-BHCK","B1-BHCK-63","2024-10-20 09:59:04","2024-10-20 09:59:04",NULL
"1066","B1-BHCK","B1-BHCK-64","2024-10-20 09:59:04","2024-10-20 09:59:04",NULL
"1067","B1-BHCK","B1-BHCK-65","2024-10-20 09:59:04","2024-10-20 09:59:04",NULL
"1068","B1-BHCK","B1-BHCK-66","2024-10-20 09:59:04","2024-10-20 09:59:04",NULL
"1069","B1-BHCK","B1-BHCK-71","2024-10-20 09:59:04","2024-10-20 09:59:04",NULL
"1070","B1-BHCK","B1-BHCK-72","2024-10-20 09:59:04","2024-10-20 09:59:04",NULL
"1071","B1-BHCK","B1-BHCK-73","2024-10-20 09:59:04","2024-10-20 09:59:04",NULL
"1072","B1-BHCK","B1-BHCK-74","2024-10-20 09:59:04","2024-10-20 09:59:04",NULL
"1073","B1-BHCK","B1-BHCK-75","2024-10-20 09:59:04","2024-10-20 09:59:04",NULL
"1074","B1-BHCK","B1-BHCK-76","2024-10-20 09:59:04","2024-10-20 09:59:04",NULL
"1075","B1-BHCK","B1-BHCK-81","2024-10-20 09:59:04","2024-10-20 09:59:04",NULL
"1076","B1-BHCK","B1-BHCK-82","2024-10-20 09:59:04","2024-10-20 09:59:04",NULL
"1077","B1-BHCK","B1-BHCK-83","2024-10-20 09:59:04","2024-10-20 09:59:04",NULL
"1078","B1-BHCK","B1-BHCK-84","2024-10-20 09:59:04","2024-10-20 09:59:04",NULL
"1079","B1-BHCK","B1-BHCK-85","2024-10-20 09:59:04","2024-10-20 09:59:04",NULL
"1080","B1-BHCK","B1-BHCK-86","2024-10-20 09:59:04","2024-10-20 09:59:04",NULL
"1081","B1-BHCK","B1-BHCK-91","2024-10-20 09:59:04","2024-10-20 09:59:04",NULL
"1082","B1-BHCK","B1-BHCK-92","2024-10-20 09:59:04","2024-10-20 09:59:04",NULL
"1083","B1-BHCK","B1-BHCK-93","2024-10-20 09:59:04","2024-10-20 09:59:04",NULL
"1084","B1-BHCK","B1-BHCK-94","2024-10-20 09:59:04","2024-10-20 09:59:04",NULL
"1085","B1-BHCK","B1-BHCK-95","2024-10-20 09:59:04","2024-10-20 09:59:04",NULL
"1086","B1-BHCK","B1-BHCK-96","2024-10-20 09:59:04","2024-10-20 09:59:04",NULL
"1087","B1-BHCK","B1-BHCK-101","2024-10-20 09:59:04","2024-10-20 09:59:04",NULL
"1088","B1-BHCK","B1-BHCK-102","2024-10-20 09:59:04","2024-10-20 09:59:04",NULL
"1089","B1-BHCK","B1-BHCK-103","2024-10-20 09:59:04","2024-10-20 09:59:04",NULL
"1090","B1-BHCK","B1-BHCK-104","2024-10-20 09:59:04","2024-10-20 09:59:04",NULL
"1091","B1-BHCK","B1-BHCK-105","2024-10-20 09:59:04","2024-10-20 09:59:04",NULL
"1092","B1-BHCK","B1-BHCK-106","2024-10-20 09:59:04","2024-10-20 09:59:04",NULL
"1093","B2-BHCK","B2-BHCK-11","2024-10-20 09:59:12","2024-10-20 09:59:12",NULL
"1094","B2-BHCK","B2-BHCK-12","2024-10-20 09:59:12","2024-10-20 09:59:12",NULL
"1095","B2-BHCK","B2-BHCK-13","2024-10-20 09:59:12","2024-10-20 09:59:12",NULL
"1096","B2-BHCK","B2-BHCK-14","2024-10-20 09:59:12","2024-10-20 09:59:12",NULL
"1097","B2-BHCK","B2-BHCK-15","2024-10-20 09:59:12","2024-10-20 09:59:12",NULL
"1098","B2-BHCK","B2-BHCK-16","2024-10-20 09:59:12","2024-10-20 09:59:12",NULL
"1099","B2-BHCK","B2-BHCK-21","2024-10-20 09:59:12","2024-10-20 09:59:12",NULL
"1100","B2-BHCK","B2-BHCK-22","2024-10-20 09:59:12","2024-10-20 09:59:12",NULL
"1101","B2-BHCK","B2-BHCK-23","2024-10-20 09:59:12","2024-10-20 09:59:12",NULL
"1102","B2-BHCK","B2-BHCK-24","2024-10-20 09:59:12","2024-10-20 09:59:12",NULL
"1103","B2-BHCK","B2-BHCK-25","2024-10-20 09:59:12","2024-10-20 09:59:12",NULL
"1104","B2-BHCK","B2-BHCK-26","2024-10-20 09:59:12","2024-10-20 09:59:12",NULL
"1105","B2-BHCK","B2-BHCK-31","2024-10-20 09:59:12","2024-10-20 09:59:12",NULL
"1106","B2-BHCK","B2-BHCK-32","2024-10-20 09:59:12","2024-10-20 09:59:12",NULL
"1107","B2-BHCK","B2-BHCK-33","2024-10-20 09:59:12","2024-10-20 09:59:12",NULL
"1108","B2-BHCK","B2-BHCK-34","2024-10-20 09:59:12","2024-10-20 09:59:12",NULL
"1109","B2-BHCK","B2-BHCK-35","2024-10-20 09:59:12","2024-10-20 09:59:12",NULL
"1110","B2-BHCK","B2-BHCK-36","2024-10-20 09:59:12","2024-10-20 09:59:12",NULL
"1111","B2-BHCK","B2-BHCK-41","2024-10-20 09:59:12","2024-10-20 09:59:12",NULL
"1112","B2-BHCK","B2-BHCK-42","2024-10-20 09:59:12","2024-10-20 09:59:12",NULL
"1113","B2-BHCK","B2-BHCK-43","2024-10-20 09:59:12","2024-10-20 09:59:12",NULL
"1114","B2-BHCK","B2-BHCK-44","2024-10-20 09:59:12","2024-10-20 09:59:12",NULL
"1115","B2-BHCK","B2-BHCK-45","2024-10-20 09:59:12","2024-10-20 09:59:12",NULL
"1116","B2-BHCK","B2-BHCK-46","2024-10-20 09:59:12","2024-10-20 09:59:12",NULL
"1117","B2-BHCK","B2-BHCK-51","2024-10-20 09:59:12","2024-10-20 09:59:12",NULL
"1118","B2-BHCK","B2-BHCK-52","2024-10-20 09:59:12","2024-10-20 09:59:12",NULL
"1119","B2-BHCK","B2-BHCK-53","2024-10-20 09:59:12","2024-10-20 09:59:12",NULL
"1120","B2-BHCK","B2-BHCK-54","2024-10-20 09:59:12","2024-10-20 09:59:12",NULL
"1121","B2-BHCK","B2-BHCK-55","2024-10-20 09:59:12","2024-10-20 09:59:12",NULL
"1122","B2-BHCK","B2-BHCK-56","2024-10-20 09:59:12","2024-10-20 09:59:12",NULL
"1123","B2-BHCK","B2-BHCK-61","2024-10-20 09:59:12","2024-10-20 09:59:12",NULL
"1124","B2-BHCK","B2-BHCK-62","2024-10-20 09:59:12","2024-10-20 09:59:12",NULL
"1125","B2-BHCK","B2-BHCK-63","2024-10-20 09:59:12","2024-10-20 09:59:12",NULL
"1126","B2-BHCK","B2-BHCK-64","2024-10-20 09:59:12","2024-10-20 09:59:12",NULL
"1127","B2-BHCK","B2-BHCK-65","2024-10-20 09:59:12","2024-10-20 09:59:12",NULL
"1128","B2-BHCK","B2-BHCK-66","2024-10-20 09:59:12","2024-10-20 09:59:12",NULL
"1129","B2-BHCK","B2-BHCK-71","2024-10-20 09:59:12","2024-10-20 09:59:12",NULL
"1130","B2-BHCK","B2-BHCK-72","2024-10-20 09:59:12","2024-10-20 09:59:12",NULL
"1131","B2-BHCK","B2-BHCK-73","2024-10-20 09:59:12","2024-10-20 09:59:12",NULL
"1132","B2-BHCK","B2-BHCK-74","2024-10-20 09:59:12","2024-10-20 09:59:12",NULL
"1133","B2-BHCK","B2-BHCK-75","2024-10-20 09:59:12","2024-10-20 09:59:12",NULL
"1134","B2-BHCK","B2-BHCK-76","2024-10-20 09:59:12","2024-10-20 09:59:12",NULL
"1135","B2-BHCK","B2-BHCK-81","2024-10-20 09:59:12","2024-10-20 09:59:12",NULL
"1136","B2-BHCK","B2-BHCK-82","2024-10-20 09:59:12","2024-10-20 09:59:12",NULL
"1137","B2-BHCK","B2-BHCK-83","2024-10-20 09:59:12","2024-10-20 09:59:12",NULL
"1138","B2-BHCK","B2-BHCK-84","2024-10-20 09:59:12","2024-10-20 09:59:12",NULL
"1139","B2-BHCK","B2-BHCK-85","2024-10-20 09:59:12","2024-10-20 09:59:12",NULL
"1140","B2-BHCK","B2-BHCK-86","2024-10-20 09:59:12","2024-10-20 09:59:12",NULL
"1141","B2-BHCK","B2-BHCK-91","2024-10-20 09:59:12","2024-10-20 09:59:12",NULL
"1142","B2-BHCK","B2-BHCK-92","2024-10-20 09:59:12","2024-10-20 09:59:12",NULL
"1143","B2-BHCK","B2-BHCK-93","2024-10-20 09:59:12","2024-10-20 09:59:12",NULL
"1144","B2-BHCK","B2-BHCK-94","2024-10-20 09:59:12","2024-10-20 09:59:12",NULL
"1145","B2-BHCK","B2-BHCK-95","2024-10-20 09:59:12","2024-10-20 09:59:12",NULL
"1146","B2-BHCK","B2-BHCK-96","2024-10-20 09:59:12","2024-10-20 09:59:12",NULL
"1147","B2-BHCK","B2-BHCK-101","2024-10-20 09:59:12","2024-10-20 09:59:12",NULL
"1148","B2-BHCK","B2-BHCK-102","2024-10-20 09:59:12","2024-10-20 09:59:12",NULL
"1149","B2-BHCK","B2-BHCK-103","2024-10-20 09:59:12","2024-10-20 09:59:12",NULL
"1150","B2-BHCK","B2-BHCK-104","2024-10-20 09:59:12","2024-10-20 09:59:12",NULL
"1151","B2-BHCK","B2-BHCK-105","2024-10-20 09:59:12","2024-10-20 09:59:12",NULL
"1152","B2-BHCK","B2-BHCK-106","2024-10-20 09:59:12","2024-10-20 09:59:12",NULL
"1153","B2-BHCK","B2-BHCK-111","2024-10-20 09:59:12","2024-10-20 09:59:12",NULL
"1154","B2-BHCK","B2-BHCK-112","2024-10-20 09:59:12","2024-10-20 09:59:12",NULL
"1155","B2-BHCK","B2-BHCK-113","2024-10-20 09:59:12","2024-10-20 09:59:12",NULL
"1156","B2-BHCK","B2-BHCK-114","2024-10-20 09:59:12","2024-10-20 09:59:12",NULL
"1157","B2-BHCK","B2-BHCK-115","2024-10-20 09:59:12","2024-10-20 09:59:12",NULL
"1158","B2-BHCK","B2-BHCK-116","2024-10-20 09:59:12","2024-10-20 09:59:12",NULL
"1159","B2-BHCK","B2-BHCK-121","2024-10-20 09:59:12","2024-10-20 09:59:12",NULL
"1160","B2-BHCK","B2-BHCK-122","2024-10-20 09:59:12","2024-10-20 09:59:12",NULL
"1161","B2-BHCK","B2-BHCK-123","2024-10-20 09:59:12","2024-10-20 09:59:12",NULL
"1162","B2-BHCK","B2-BHCK-124","2024-10-20 09:59:12","2024-10-20 09:59:12",NULL
"1163","B2-BHCK","B2-BHCK-125","2024-10-20 09:59:12","2024-10-20 09:59:12",NULL
"1164","B2-BHCK","B2-BHCK-126","2024-10-20 09:59:12","2024-10-20 09:59:12",NULL
"1165","B2-BHCK","B2-BHCK-131","2024-10-20 09:59:12","2024-10-20 09:59:12",NULL
"1166","B2-BHCK","B2-BHCK-132","2024-10-20 09:59:12","2024-10-20 09:59:12",NULL
"1167","B2-BHCK","B2-BHCK-133","2024-10-20 09:59:12","2024-10-20 09:59:12",NULL
"1168","B2-BHCK","B2-BHCK-134","2024-10-20 09:59:12","2024-10-20 09:59:12",NULL
"1169","B2-BHCK","B2-BHCK-135","2024-10-20 09:59:12","2024-10-20 09:59:12",NULL
"1170","B2-BHCK","B2-BHCK-136","2024-10-20 09:59:12","2024-10-20 09:59:12",NULL
"1171","B3-BHCK","B3-BHCK-11","2024-10-20 09:59:41","2024-10-20 09:59:41",NULL
"1172","B3-BHCK","B3-BHCK-12","2024-10-20 09:59:41","2024-10-20 09:59:41",NULL
"1173","B3-BHCK","B3-BHCK-13","2024-10-20 09:59:41","2024-10-20 09:59:41",NULL
"1174","B3-BHCK","B3-BHCK-14","2024-10-20 09:59:41","2024-10-20 09:59:41",NULL
"1175","B3-BHCK","B3-BHCK-15","2024-10-20 09:59:41","2024-10-20 09:59:41",NULL
"1176","B3-BHCK","B3-BHCK-16","2024-10-20 09:59:41","2024-10-20 09:59:41",NULL
"1177","B3-BHCK","B3-BHCK-21","2024-10-20 09:59:41","2024-10-20 09:59:41",NULL
"1178","B3-BHCK","B3-BHCK-22","2024-10-20 09:59:41","2024-10-20 09:59:41",NULL
"1179","B3-BHCK","B3-BHCK-23","2024-10-20 09:59:41","2024-10-20 09:59:41",NULL
"1180","B3-BHCK","B3-BHCK-24","2024-10-20 09:59:41","2024-10-20 09:59:41",NULL
"1181","B3-BHCK","B3-BHCK-25","2024-10-20 09:59:41","2024-10-20 09:59:41",NULL
"1182","B3-BHCK","B3-BHCK-26","2024-10-20 09:59:41","2024-10-20 09:59:41",NULL
"1183","B3-BHCK","B3-BHCK-31","2024-10-20 09:59:41","2024-10-20 09:59:41",NULL
"1184","B3-BHCK","B3-BHCK-32","2024-10-20 09:59:41","2024-10-20 09:59:41",NULL
"1185","B3-BHCK","B3-BHCK-33","2024-10-20 09:59:41","2024-10-20 09:59:41",NULL
"1186","B3-BHCK","B3-BHCK-34","2024-10-20 09:59:41","2024-10-20 09:59:41",NULL
"1187","B3-BHCK","B3-BHCK-35","2024-10-20 09:59:41","2024-10-20 09:59:41",NULL
"1188","B3-BHCK","B3-BHCK-36","2024-10-20 09:59:41","2024-10-20 09:59:41",NULL
"1189","B3-BHCK","B3-BHCK-41","2024-10-20 09:59:41","2024-10-20 09:59:41",NULL
"1190","B3-BHCK","B3-BHCK-42","2024-10-20 09:59:41","2024-10-20 09:59:41",NULL
"1191","B3-BHCK","B3-BHCK-43","2024-10-20 09:59:41","2024-10-20 09:59:41",NULL
"1192","B3-BHCK","B3-BHCK-44","2024-10-20 09:59:41","2024-10-20 09:59:41",NULL
"1193","B3-BHCK","B3-BHCK-45","2024-10-20 09:59:41","2024-10-20 09:59:41",NULL
"1194","B3-BHCK","B3-BHCK-46","2024-10-20 09:59:41","2024-10-20 09:59:41",NULL
"1195","B3-BHCK","B3-BHCK-51","2024-10-20 09:59:41","2024-10-20 09:59:41",NULL
"1196","B3-BHCK","B3-BHCK-52","2024-10-20 09:59:41","2024-10-20 09:59:41",NULL
"1197","B3-BHCK","B3-BHCK-53","2024-10-20 09:59:41","2024-10-20 09:59:41",NULL
"1198","B3-BHCK","B3-BHCK-54","2024-10-20 09:59:41","2024-10-20 09:59:41",NULL
"1199","B3-BHCK","B3-BHCK-55","2024-10-20 09:59:41","2024-10-20 09:59:41",NULL
"1200","B3-BHCK","B3-BHCK-56","2024-10-20 09:59:41","2024-10-20 09:59:41",NULL
"1201","B3-BHCK","B3-BHCK-61","2024-10-20 09:59:41","2024-10-20 09:59:41",NULL
"1202","B3-BHCK","B3-BHCK-62","2024-10-20 09:59:41","2024-10-20 09:59:41",NULL
"1203","B3-BHCK","B3-BHCK-63","2024-10-20 09:59:41","2024-10-20 09:59:41",NULL
"1204","B3-BHCK","B3-BHCK-64","2024-10-20 09:59:41","2024-10-20 09:59:41",NULL
"1205","B3-BHCK","B3-BHCK-65","2024-10-20 09:59:41","2024-10-20 09:59:41",NULL
"1206","B3-BHCK","B3-BHCK-66","2024-10-20 09:59:41","2024-10-20 09:59:41",NULL
"1207","B3-BHCK","B3-BHCK-71","2024-10-20 09:59:41","2024-10-20 09:59:41",NULL
"1208","B3-BHCK","B3-BHCK-72","2024-10-20 09:59:41","2024-10-20 09:59:41",NULL
"1209","B3-BHCK","B3-BHCK-73","2024-10-20 09:59:41","2024-10-20 09:59:41",NULL
"1210","B3-BHCK","B3-BHCK-74","2024-10-20 09:59:41","2024-10-20 09:59:41",NULL
"1211","B3-BHCK","B3-BHCK-75","2024-10-20 09:59:41","2024-10-20 09:59:41",NULL
"1212","B3-BHCK","B3-BHCK-76","2024-10-20 09:59:41","2024-10-20 09:59:41",NULL
"1213","B3-BHCK","B3-BHCK-81","2024-10-20 09:59:41","2024-10-20 09:59:41",NULL
"1214","B3-BHCK","B3-BHCK-82","2024-10-20 09:59:41","2024-10-20 09:59:41",NULL
"1215","B3-BHCK","B3-BHCK-83","2024-10-20 09:59:41","2024-10-20 09:59:41",NULL
"1216","B3-BHCK","B3-BHCK-84","2024-10-20 09:59:41","2024-10-20 09:59:41",NULL
"1217","B3-BHCK","B3-BHCK-85","2024-10-20 09:59:41","2024-10-20 09:59:41",NULL
"1218","B3-BHCK","B3-BHCK-86","2024-10-20 09:59:41","2024-10-20 09:59:41",NULL
"1219","B3-BHCK","B3-BHCK-91","2024-10-20 09:59:41","2024-10-20 09:59:41",NULL
"1220","B3-BHCK","B3-BHCK-92","2024-10-20 09:59:41","2024-10-20 09:59:41",NULL
"1221","B3-BHCK","B3-BHCK-93","2024-10-20 09:59:41","2024-10-20 09:59:41",NULL
"1222","B3-BHCK","B3-BHCK-94","2024-10-20 09:59:41","2024-10-20 09:59:41",NULL
"1223","B3-BHCK","B3-BHCK-95","2024-10-20 09:59:41","2024-10-20 09:59:41",NULL
"1224","B3-BHCK","B3-BHCK-96","2024-10-20 09:59:41","2024-10-20 09:59:41",NULL
"1225","B3-BHCK","B3-BHCK-101","2024-10-20 09:59:41","2024-10-20 09:59:41",NULL
"1226","B3-BHCK","B3-BHCK-102","2024-10-20 09:59:41","2024-10-20 09:59:41",NULL
"1227","B3-BHCK","B3-BHCK-103","2024-10-20 09:59:41","2024-10-20 09:59:41",NULL
"1228","B3-BHCK","B3-BHCK-104","2024-10-20 09:59:41","2024-10-20 09:59:41",NULL
"1229","B3-BHCK","B3-BHCK-105","2024-10-20 09:59:41","2024-10-20 09:59:41",NULL
"1230","B3-BHCK","B3-BHCK-106","2024-10-20 09:59:41","2024-10-20 09:59:41",NULL
"1231","X3T-BHCK","X3T-BHCK-11","2024-10-20 10:00:21","2024-10-20 10:00:21",NULL
"1232","X3T-BHCK","X3T-BHCK-12","2024-10-20 10:00:21","2024-10-20 10:00:21",NULL
"1233","X3T-BHCK","X3T-BHCK-13","2024-10-20 10:00:21","2024-10-20 10:00:21",NULL
"1234","X3T-BHCK","X3T-BHCK-14","2024-10-20 10:00:21","2024-10-20 10:00:21",NULL
"1235","X3T-BHCK","X3T-BHCK-15","2024-10-20 10:00:21","2024-10-20 10:00:21",NULL
"1236","X3T-BHCK","X3T-BHCK-16","2024-10-20 10:00:21","2024-10-20 10:00:21",NULL
"1237","X3T-BHCK","X3T-BHCK-21","2024-10-20 10:00:21","2024-10-20 10:00:21",NULL
"1238","X3T-BHCK","X3T-BHCK-22","2024-10-20 10:00:21","2024-10-20 10:00:21",NULL
"1239","X3T-BHCK","X3T-BHCK-23","2024-10-20 10:00:21","2024-10-20 10:00:21",NULL
"1240","X3T-BHCK","X3T-BHCK-24","2024-10-20 10:00:21","2024-10-20 10:00:21",NULL
"1241","X3T-BHCK","X3T-BHCK-25","2024-10-20 10:00:21","2024-10-20 10:00:21",NULL
"1242","X3T-BHCK","X3T-BHCK-26","2024-10-20 10:00:21","2024-10-20 10:00:21",NULL
"1243","X3T-BHCK","X3T-BHCK-31","2024-10-20 10:00:21","2024-10-20 10:00:21",NULL
"1244","X3T-BHCK","X3T-BHCK-32","2024-10-20 10:00:21","2024-10-20 10:00:21",NULL
"1245","X3T-BHCK","X3T-BHCK-33","2024-10-20 10:00:21","2024-10-20 10:00:21",NULL
"1246","X3T-BHCK","X3T-BHCK-34","2024-10-20 10:00:21","2024-10-20 10:00:21",NULL
"1247","X3T-BHCK","X3T-BHCK-35","2024-10-20 10:00:21","2024-10-20 10:00:21",NULL
"1248","X3T-BHCK","X3T-BHCK-36","2024-10-20 10:00:21","2024-10-20 10:00:21",NULL
"1249","X3T-BHCK","X3T-BHCK-41","2024-10-20 10:00:21","2024-10-20 10:00:21",NULL
"1250","X3T-BHCK","X3T-BHCK-42","2024-10-20 10:00:21","2024-10-20 10:00:21",NULL
"1251","X3T-BHCK","X3T-BHCK-43","2024-10-20 10:00:21","2024-10-20 10:00:21",NULL
"1252","X3T-BHCK","X3T-BHCK-44","2024-10-20 10:00:21","2024-10-20 10:00:21",NULL
"1253","X3T-BHCK","X3T-BHCK-45","2024-10-20 10:00:21","2024-10-20 10:00:21",NULL
"1254","X3T-BHCK","X3T-BHCK-46","2024-10-20 10:00:21","2024-10-20 10:00:21",NULL
"1255","X3T-BHCK","X3T-BHCK-51","2024-10-20 10:00:21","2024-10-20 10:00:21",NULL
"1256","X3T-BHCK","X3T-BHCK-52","2024-10-20 10:00:21","2024-10-20 10:00:21",NULL
"1257","X3T-BHCK","X3T-BHCK-53","2024-10-20 10:00:21","2024-10-20 10:00:21",NULL
"1258","X3T-BHCK","X3T-BHCK-54","2024-10-20 10:00:21","2024-10-20 10:00:21",NULL
"1259","X3T-BHCK","X3T-BHCK-55","2024-10-20 10:00:21","2024-10-20 10:00:21",NULL
"1260","X3T-BHCK","X3T-BHCK-56","2024-10-20 10:00:21","2024-10-20 10:00:21",NULL
"1261","X3T-BHCK","X3T-BHCK-61","2024-10-20 10:00:21","2024-10-20 10:00:21",NULL
"1262","X3T-BHCK","X3T-BHCK-62","2024-10-20 10:00:21","2024-10-20 10:00:21",NULL
"1263","X3T-BHCK","X3T-BHCK-63","2024-10-20 10:00:21","2024-10-20 10:00:21",NULL
"1264","X3T-BHCK","X3T-BHCK-64","2024-10-20 10:00:21","2024-10-20 10:00:21",NULL
"1265","X3T-BHCK","X3T-BHCK-65","2024-10-20 10:00:21","2024-10-20 10:00:21",NULL
"1266","X3T-BHCK","X3T-BHCK-66","2024-10-20 10:00:21","2024-10-20 10:00:21",NULL
"1267","X3T-BHCK","X3T-BHCK-71","2024-10-20 10:00:21","2024-10-20 10:00:21",NULL
"1268","X3T-BHCK","X3T-BHCK-72","2024-10-20 10:00:21","2024-10-20 10:00:21",NULL
"1269","X3T-BHCK","X3T-BHCK-73","2024-10-20 10:00:21","2024-10-20 10:00:21",NULL
"1270","X3T-BHCK","X3T-BHCK-74","2024-10-20 10:00:21","2024-10-20 10:00:21",NULL
"1271","X3T-BHCK","X3T-BHCK-75","2024-10-20 10:00:21","2024-10-20 10:00:21",NULL
"1272","X3T-BHCK","X3T-BHCK-76","2024-10-20 10:00:21","2024-10-20 10:00:21",NULL
"1273","X3T-BHCK","X3T-BHCK-81","2024-10-20 10:00:21","2024-10-20 10:00:21",NULL
"1274","X3T-BHCK","X3T-BHCK-82","2024-10-20 10:00:21","2024-10-20 10:00:21",NULL
"1275","X3T-BHCK","X3T-BHCK-83","2024-10-20 10:00:21","2024-10-20 10:00:21",NULL
"1276","X3T-BHCK","X3T-BHCK-84","2024-10-20 10:00:21","2024-10-20 10:00:21",NULL
"1277","X3T-BHCK","X3T-BHCK-85","2024-10-20 10:00:21","2024-10-20 10:00:21",NULL
"1278","X3T-BHCK","X3T-BHCK-86","2024-10-20 10:00:21","2024-10-20 10:00:21",NULL
"1279","X3T-BHCK","X3T-BHCK-91","2024-10-20 10:00:21","2024-10-20 10:00:21",NULL
"1280","X3T-BHCK","X3T-BHCK-92","2024-10-20 10:00:21","2024-10-20 10:00:21",NULL
"1281","X3T-BHCK","X3T-BHCK-93","2024-10-20 10:00:21","2024-10-20 10:00:21",NULL
"1282","X3T-BHCK","X3T-BHCK-94","2024-10-20 10:00:21","2024-10-20 10:00:21",NULL
"1283","X3T-BHCK","X3T-BHCK-95","2024-10-20 10:00:21","2024-10-20 10:00:21",NULL
"1284","X3T-BHCK","X3T-BHCK-96","2024-10-20 10:00:21","2024-10-20 10:00:21",NULL
"1285","X3T-BHCK","X3T-BHCK-101","2024-10-20 10:00:21","2024-10-20 10:00:21",NULL
"1286","X3T-BHCK","X3T-BHCK-102","2024-10-20 10:00:21","2024-10-20 10:00:21",NULL
"1287","X3T-BHCK","X3T-BHCK-103","2024-10-20 10:00:21","2024-10-20 10:00:21",NULL
"1288","X3T-BHCK","X3T-BHCK-104","2024-10-20 10:00:21","2024-10-20 10:00:21",NULL
"1289","X3T-BHCK","X3T-BHCK-105","2024-10-20 10:00:21","2024-10-20 10:00:21",NULL
"1290","X3T-BHCK","X3T-BHCK-106","2024-10-20 10:00:21","2024-10-20 10:00:21",NULL
"1291","X6T-BHCK","X6T-BHCK-11","2024-10-20 10:00:45","2024-10-20 10:00:45",NULL
"1292","X6T-BHCK","X6T-BHCK-12","2024-10-20 10:00:45","2024-10-20 10:00:45",NULL
"1293","X6T-BHCK","X6T-BHCK-13","2024-10-20 10:00:45","2024-10-20 10:00:45",NULL
"1294","X6T-BHCK","X6T-BHCK-14","2024-10-20 10:00:45","2024-10-20 10:00:45",NULL
"1295","X6T-BHCK","X6T-BHCK-15","2024-10-20 10:00:45","2024-10-20 10:00:45",NULL
"1296","X6T-BHCK","X6T-BHCK-16","2024-10-20 10:00:45","2024-10-20 10:00:45",NULL
"1297","X6T-BHCK","X6T-BHCK-21","2024-10-20 10:00:45","2024-10-20 10:00:45",NULL
"1298","X6T-BHCK","X6T-BHCK-22","2024-10-20 10:00:45","2024-10-20 10:00:45",NULL
"1299","X6T-BHCK","X6T-BHCK-23","2024-10-20 10:00:45","2024-10-20 10:00:45",NULL
"1300","X6T-BHCK","X6T-BHCK-24","2024-10-20 10:00:45","2024-10-20 10:00:45",NULL
"1301","X6T-BHCK","X6T-BHCK-25","2024-10-20 10:00:45","2024-10-20 10:00:45",NULL
"1302","X6T-BHCK","X6T-BHCK-26","2024-10-20 10:00:45","2024-10-20 10:00:45",NULL
"1303","X6T-BHCK","X6T-BHCK-31","2024-10-20 10:00:45","2024-10-20 10:00:45",NULL
"1304","X6T-BHCK","X6T-BHCK-32","2024-10-20 10:00:45","2024-10-20 10:00:45",NULL
"1305","X6T-BHCK","X6T-BHCK-33","2024-10-20 10:00:45","2024-10-20 10:00:45",NULL
"1306","X6T-BHCK","X6T-BHCK-34","2024-10-20 10:00:45","2024-10-20 10:00:45",NULL
"1307","X6T-BHCK","X6T-BHCK-35","2024-10-20 10:00:45","2024-10-20 10:00:45",NULL
"1308","X6T-BHCK","X6T-BHCK-36","2024-10-20 10:00:45","2024-10-20 10:00:45",NULL
"1309","X6T-BHCK","X6T-BHCK-41","2024-10-20 10:00:45","2024-10-20 10:00:45",NULL
"1310","X6T-BHCK","X6T-BHCK-42","2024-10-20 10:00:45","2024-10-20 10:00:45",NULL
"1311","X6T-BHCK","X6T-BHCK-43","2024-10-20 10:00:45","2024-10-20 10:00:45",NULL
"1312","X6T-BHCK","X6T-BHCK-44","2024-10-20 10:00:45","2024-10-20 10:00:45",NULL
"1313","X6T-BHCK","X6T-BHCK-45","2024-10-20 10:00:45","2024-10-20 10:00:45",NULL
"1314","X6T-BHCK","X6T-BHCK-46","2024-10-20 10:00:45","2024-10-20 10:00:45",NULL
"1315","X6T-BHCK","X6T-BHCK-51","2024-10-20 10:00:45","2024-10-20 10:00:45",NULL
"1316","X6T-BHCK","X6T-BHCK-52","2024-10-20 10:00:45","2024-10-20 10:00:45",NULL
"1317","X6T-BHCK","X6T-BHCK-53","2024-10-20 10:00:45","2024-10-20 10:00:45",NULL
"1318","X6T-BHCK","X6T-BHCK-54","2024-10-20 10:00:45","2024-10-20 10:00:45",NULL
"1319","X6T-BHCK","X6T-BHCK-55","2024-10-20 10:00:45","2024-10-20 10:00:45",NULL
"1320","X6T-BHCK","X6T-BHCK-56","2024-10-20 10:00:45","2024-10-20 10:00:45",NULL
"1321","X6T-BHCK","X6T-BHCK-61","2024-10-20 10:00:45","2024-10-20 10:00:45",NULL
"1322","X6T-BHCK","X6T-BHCK-62","2024-10-20 10:00:45","2024-10-20 10:00:45",NULL
"1323","X6T-BHCK","X6T-BHCK-63","2024-10-20 10:00:45","2024-10-20 10:00:45",NULL
"1324","X6T-BHCK","X6T-BHCK-64","2024-10-20 10:00:45","2024-10-20 10:00:45",NULL
"1325","X6T-BHCK","X6T-BHCK-65","2024-10-20 10:00:45","2024-10-20 10:00:45",NULL
"1326","X6T-BHCK","X6T-BHCK-66","2024-10-20 10:00:45","2024-10-20 10:00:45",NULL
"1327","X6T-BHCK","X6T-BHCK-71","2024-10-20 10:00:45","2024-10-20 10:00:45",NULL
"1328","X6T-BHCK","X6T-BHCK-72","2024-10-20 10:00:45","2024-10-20 10:00:45",NULL
"1329","X6T-BHCK","X6T-BHCK-73","2024-10-20 10:00:45","2024-10-20 10:00:45",NULL
"1330","X6T-BHCK","X6T-BHCK-74","2024-10-20 10:00:45","2024-10-20 10:00:45",NULL
"1331","X6T-BHCK","X6T-BHCK-75","2024-10-20 10:00:45","2024-10-20 10:00:45",NULL
"1332","X6T-BHCK","X6T-BHCK-76","2024-10-20 10:00:45","2024-10-20 10:00:45",NULL
"1333","X6T-BHCK","X6T-BHCK-81","2024-10-20 10:00:45","2024-10-20 10:00:45",NULL
"1334","X6T-BHCK","X6T-BHCK-82","2024-10-20 10:00:45","2024-10-20 10:00:45",NULL
"1335","X6T-BHCK","X6T-BHCK-83","2024-10-20 10:00:45","2024-10-20 10:00:45",NULL
"1336","X6T-BHCK","X6T-BHCK-84","2024-10-20 10:00:45","2024-10-20 10:00:45",NULL
"1337","X6T-BHCK","X6T-BHCK-85","2024-10-20 10:00:45","2024-10-20 10:00:45",NULL
"1338","X6T-BHCK","X6T-BHCK-86","2024-10-20 10:00:45","2024-10-20 10:00:45",NULL
"1339","X6T-BHCK","X6T-BHCK-91","2024-10-20 10:00:45","2024-10-20 10:00:45",NULL
"1340","X6T-BHCK","X6T-BHCK-92","2024-10-20 10:00:45","2024-10-20 10:00:45",NULL
"1341","X6T-BHCK","X6T-BHCK-93","2024-10-20 10:00:45","2024-10-20 10:00:45",NULL
"1342","X6T-BHCK","X6T-BHCK-94","2024-10-20 10:00:45","2024-10-20 10:00:45",NULL
"1343","X6T-BHCK","X6T-BHCK-95","2024-10-20 10:00:45","2024-10-20 10:00:45",NULL
"1344","X6T-BHCK","X6T-BHCK-96","2024-10-20 10:00:45","2024-10-20 10:00:45",NULL
"1345","X6T-BHCK","X6T-BHCK-101","2024-10-20 10:00:45","2024-10-20 10:00:45",NULL
"1346","X6T-BHCK","X6T-BHCK-102","2024-10-20 10:00:45","2024-10-20 10:00:45",NULL
"1347","X6T-BHCK","X6T-BHCK-103","2024-10-20 10:00:45","2024-10-20 10:00:45",NULL
"1348","X6T-BHCK","X6T-BHCK-104","2024-10-20 10:00:45","2024-10-20 10:00:45",NULL
"1349","X6T-BHCK","X6T-BHCK-105","2024-10-20 10:00:45","2024-10-20 10:00:45",NULL
"1350","X6T-BHCK","X6T-BHCK-106","2024-10-20 10:00:45","2024-10-20 10:00:45",NULL
